action_id,inspection_id,incident_id,action_description,action_description_hindi,assigned_to,assigned_date,due_date,completion_date,status,priority,verification_required,verified_by,verification_date,delay_reason
CA-00000,INS-JH-002-0044,INC-JH-001-265,Verify compliance,Verify compliance को लागू किया जाना चाहिए,Environmental Team,2023-11-11,2023-12-29,,Open,High,False,,,
CA-00001,INS-JH-001-3669,,Conduct training,Conduct training को लागू किया जाना चाहिए,Maintenance Team,2023-07-07,2023-08-29,2023-09-04,Escalated,Medium,True,Sita Devi,2023-09-05,
CA-00002,INS-OD-001-4776,,Conduct training,Conduct training को लागू किया जाना चाहिए,Maintenance Team,2023-11-18,2024-01-12,2024-01-09,In Progress,High,True,Rajesh Kumar,2024-01-10,
CA-00003,INS-JH-001-2622,INC-JH-001-043,Verify compliance,Verify compliance को लागू किया जाना चाहिए,Safety Team,2023-09-01,2023-10-05,,Escalated,High,False,,,
CA-00004,INS-JH-001-2182,,Repair roof supports,Repair roof supports को लागू किया जाना चाहिए,Environmental Team,2023-12-13,2024-01-15,2024-01-14,Overdue,Low,True,Rajesh Kumar,2024-01-15,Parts not available
CA-00005,INS-JH-002-2433,,Install dust suppression,Install dust suppression को लागू किया जाना चाहिए,Safety Team,2023-03-24,2023-04-19,2023-04-26,Overdue,Low,True,Sita Devi,2023-04-27,Waiting for approval
CA-00006,INS-JH-001-0588,INC-OD-001-247,Repair roof supports,Repair roof supports को लागू किया जाना चाहिए,Safety Team,2023-05-26,2023-07-02,2023-07-04,Overdue,Critical,True,Rajesh Kumar,2023-07-05,Parts not available
CA-00007,INS-OD-001-1444,INC-JH-001-248,Conduct training,Conduct training को लागू किया जाना चाहिए,Environmental Team,2023-02-06,2023-02-24,2023-03-06,Escalated,Critical,True,Rajesh Kumar,2023-03-07,
CA-00008,INS-JH-001-4135,,Install dust suppression,Install dust suppression को लागू किया जाना चाहिए,Maintenance Team,2023-05-24,2023-07-23,2023-08-01,Overdue,High,True,Rajesh Kumar,2023-08-02,Waiting for approval
CA-00009,INS-JH-002-0305,,Install dust suppression,Install dust suppression को लागू किया जाना चाहिए,Maintenance Team,2023-08-23,2023-09-21,2023-09-18,Escalated,Low,False,,,
CA-00010,INS-JH-001-4580,,Repair roof supports,Repair roof supports को लागू किया जाना चाहिए,Maintenance Team,2023-06-15,2023-08-11,2023-08-18,Rejected,High,True,Rajesh Kumar,2023-08-19,
CA-00011,INS-JH-002-1309,,Install dust suppression,Install dust suppression को लागू किया जाना चाहिए,Safety Team,2023-06-27,2023-07-29,2023-08-06,Completed,Low,True,Rajesh Kumar,2023-08-07,
CA-00012,INS-JH-002-2154,,Repair roof supports,Repair roof supports को लागू किया जाना चाहिए,Environmental Team,2023-01-14,2023-03-08,2023-03-16,Completed,Critical,True,Rajesh Kumar,2023-03-17,
CA-00013,INS-JH-001-3444,INC-JH-002-071,Install dust suppression,Install dust suppression को लागू किया जाना चाहिए,Environmental Team,2023-03-19,2023-05-07,,Overdue,Medium,False,,,Equipment unavailability
CA-00014,INS-JH-002-3041,INC-OD-001-287,Install dust suppression,Install dust suppression को लागू किया जाना चाहिए,Maintenance Team,2023-08-30,2023-10-10,2023-10-17,Escalated,Medium,True,Sita Devi,2023-10-18,
CA-00015,INS-JH-002-1851,,Install dust suppression,Install dust suppression को लागू किया जाना चाहिए,Maintenance Team,2023-10-29,2023-11-06,2023-11-14,In Progress,High,True,Sita Devi,2023-11-15,
CA-00016,INS-JH-001-2377,INC-JH-001-174,Install dust suppression,Install dust suppression को लागू किया जाना चाहिए,Maintenance Team,2023-05-23,2023-07-21,2023-07-18,Escalated,Low,True,Sita Devi,2023-07-19,
CA-00017,INS-JH-002-0104,,Install dust suppression,Install dust suppression को लागू किया जाना चाहिए,Environmental Team,2023-06-11,2023-07-24,,Completed,Medium,False,,,
CA-00018,INS-OD-001-4128,,Repair roof supports,Repair roof supports को लागू किया जाना चाहिए,Maintenance Team,2023-03-21,2023-04-20,2023-04-16,In Progress,Low,False,,,
CA-00019,INS-OD-001-3199,,Install dust suppression,Install dust suppression को लागू किया जाना चाहिए,Maintenance Team,2023-10-03,2023-11-17,2023-11-17,Rejected,Low,False,,,
CA-00020,INS-OD-001-4965,,Conduct training,Conduct training को लागू किया जाना चाहिए,Safety Team,2023-12-03,2024-01-16,2024-01-14,Escalated,Critical,True,Sita Devi,2024-01-15,
CA-00021,INS-JH-002-4526,,Verify compliance,Verify compliance को लागू किया जाना चाहिए,Maintenance Team,2023-02-05,2023-03-04,,In Progress,Medium,False,,,
CA-00022,INS-JH-002-2504,,Repair roof supports,Repair roof supports को लागू किया जाना चाहिए,Safety Team,2023-08-27,2023-10-17,,Open,Medium,False,,,
CA-00023,INS-JH-001-3525,INC-JH-002-281,Conduct training,Conduct training को लागू किया जाना चाहिए,Safety Team,2023-07-22,2023-08-25,2023-08-22,Open,High,True,Sita Devi,2023-08-23,
CA-00024,INS-OD-001-0632,INC-JH-001-197,Conduct training,Conduct training को लागू किया जाना चाहिए,Environmental Team,2023-01-30,2023-03-01,2023-03-11,Overdue,Critical,False,,,Waiting for approval
CA-00025,INS-JH-001-3859,INC-JH-001-196,Install dust suppression,Install dust suppression को लागू किया जाना चाहिए,Safety Team,2023-11-18,2023-12-25,,Overdue,High,False,,,Waiting for approval
CA-00026,INS-JH-001-1225,,Verify compliance,Verify compliance को लागू किया जाना चाहिए,Environmental Team,2023-12-31,2024-02-20,,Overdue,Medium,False,,,Waiting for approval
CA-00027,INS-OD-001-3501,,Conduct training,Conduct training को लागू किया जाना चाहिए,Safety Team,2023-07-10,2023-09-05,2023-09-04,Open,Critical,False,,,
CA-00028,INS-JH-002-3208,,Conduct training,Conduct training को लागू किया जाना चाहिए,Maintenance Team,2023-10-11,2023-11-14,2023-11-18,In Progress,Low,True,Sita Devi,2023-11-19,
CA-00029,INS-JH-001-2488,,Conduct training,Conduct training को लागू किया जाना चाहिए,Safety Team,2023-08-21,2023-09-09,2023-09-06,Completed,Critical,True,Sita Devi,2023-09-07,
CA-00030,INS-OD-001-1074,,Conduct training,Conduct training को लागू किया जाना चाहिए,Safety Team,2023-02-12,2023-03-03,2023-03-02,Escalated,Medium,True,Sita Devi,2023-03-03,
CA-00031,INS-JH-002-1767,,Install dust suppression,Install dust suppression को लागू किया जाना चाहिए,Safety Team,2023-12-31,2024-02-16,2024-02-20,Rejected,Critical,False,,,
CA-00032,INS-OD-001-3694,,Verify compliance,Verify compliance को लागू किया जाना चाहिए,Environmental Team,2023-12-22,2024-01-22,2024-01-30,Completed,Critical,False,,,
CA-00033,INS-JH-001-3952,,Repair roof supports,Repair roof supports को लागू किया जाना चाहिए,Safety Team,2023-01-20,2023-03-05,2023-03-14,Escalated,High,False,,,
CA-00034,INS-JH-002-2590,,Repair roof supports,Repair roof supports को लागू किया जाना चाहिए,Safety Team,2023-05-24,2023-06-03,2023-06-02,Open,Low,True,Sita Devi,2023-06-03,
CA-00035,INS-JH-001-3550,,Verify compliance,Verify compliance को लागू किया जाना चाहिए,Safety Team,2023-03-25,2023-05-20,2023-05-22,In Progress,Medium,True,Rajesh Kumar,2023-05-23,
CA-00036,INS-JH-002-1704,INC-JH-001-034,Verify compliance,Verify compliance को लागू किया जाना चाहिए,Environmental Team,2023-03-31,2023-04-26,,Rejected,Low,False,,,
CA-00037,INS-JH-001-0367,,Verify compliance,Verify compliance को लागू किया जाना चाहिए,Maintenance Team,2023-08-05,2023-09-10,,Completed,Critical,False,,,
CA-00038,INS-OD-001-2472,INC-JH-002-008,Install dust suppression,Install dust suppression को लागू किया जाना चाहिए,Maintenance Team,2023-11-13,2024-01-11,2024-01-12,Escalated,High,True,Sita Devi,2024-01-13,
CA-00039,INS-JH-001-3129,,Install dust suppression,Install dust suppression को लागू किया जाना चाहिए,Safety Team,2023-12-18,2023-12-31,2023-12-26,Overdue,Critical,True,Rajesh Kumar,2023-12-27,Waiting for approval
CA-00040,INS-JH-002-1641,,Conduct training,Conduct training को लागू किया जाना चाहिए,Safety Team,2023-07-11,2023-08-17,2023-08-24,Rejected,High,True,Rajesh Kumar,2023-08-25,
CA-00041,INS-JH-001-1033,INC-JH-001-010,Verify compliance,Verify compliance को लागू किया जाना चाहिए,Safety Team,2023-12-14,2024-01-29,2024-02-07,Completed,Low,False,,,
CA-00042,INS-JH-001-0461,,Install dust suppression,Install dust suppression को लागू किया जाना चाहिए,Maintenance Team,2023-05-27,2023-06-12,,Overdue,Critical,False,,,Equipment unavailability
CA-00043,INS-JH-001-4093,,Verify compliance,Verify compliance को लागू किया जाना चाहिए,Safety Team,2023-09-26,2023-11-02,2023-10-28,Escalated,Low,True,Sita Devi,2023-10-29,
CA-00044,INS-JH-001-1019,,Verify compliance,Verify compliance को लागू किया जाना चाहिए,Safety Team,2023-02-25,2023-03-13,,Completed,Critical,False,,,
CA-00045,INS-OD-001-1852,INC-JH-002-187,Install dust suppression,Install dust suppression को लागू किया जाना चाहिए,Environmental Team,2023-12-12,2024-01-28,2024-02-05,Escalated,Critical,True,Rajesh Kumar,2024-02-06,
CA-00046,INS-JH-001-3457,INC-OD-001-084,Repair roof supports,Repair roof supports को लागू किया जाना चाहिए,Maintenance Team,2023-01-20,2023-03-02,2023-02-27,Escalated,Low,False,,,
CA-00047,INS-JH-001-0172,INC-JH-002-013,Verify compliance,Verify compliance को लागू किया जाना चाहिए,Maintenance Team,2023-11-05,2023-12-18,,Rejected,Medium,False,,,
CA-00048,INS-OD-001-4482,,Conduct training,Conduct training को लागू किया जाना चाहिए,Safety Team,2023-01-04,2023-02-28,2023-02-27,Completed,Critical,True,Sita Devi,2023-02-28,
CA-00049,INS-OD-001-2479,INC-JH-002-160,Conduct training,Conduct training को लागू किया जाना चाहिए,Maintenance Team,2023-12-10,2024-01-15,2024-01-22,Overdue,Critical,False,,,Waiting for approval
CA-00050,INS-JH-002-1523,,Repair roof supports,Repair roof supports को लागू किया जाना चाहिए,Maintenance Team,2023-10-26,2023-11-13,2023-11-08,Open,Critical,True,Rajesh Kumar,2023-11-09,
CA-00051,INS-JH-001-1592,,Install dust suppression,Install dust suppression को लागू किया जाना चाहिए,Safety Team,2023-06-23,2023-08-20,2023-08-15,Rejected,Critical,False,,,
CA-00052,INS-OD-001-3900,,Conduct training,Conduct training को लागू किया जाना चाहिए,Environmental Team,2023-02-08,2023-04-02,,In Progress,Medium,False,,,
CA-00053,INS-JH-001-4938,,Conduct training,Conduct training को लागू किया जाना चाहिए,Environmental Team,2023-09-19,2023-10-01,2023-10-11,In Progress,Low,True,Rajesh Kumar,2023-10-12,
CA-00054,INS-JH-001-2221,,Install dust suppression,Install dust suppression को लागू किया जाना चाहिए,Maintenance Team,2023-10-15,2023-11-14,2023-11-20,In Progress,Critical,False,,,
CA-00055,INS-JH-001-4505,,Verify compliance,Verify compliance को लागू किया जाना चाहिए,Safety Team,2023-07-30,2023-09-06,2023-09-06,Completed,Low,False,,,
CA-00056,INS-JH-002-2748,INC-OD-001-128,Conduct training,Conduct training को लागू किया जाना चाहिए,Maintenance Team,2023-01-28,2023-02-10,2023-02-16,Rejected,Medium,False,,,
CA-00057,INS-JH-002-4795,,Conduct training,Conduct training को लागू किया जाना चाहिए,Safety Team,2023-05-15,2023-05-23,2023-05-30,Overdue,Low,True,Rajesh Kumar,2023-05-31,Waiting for approval
CA-00058,INS-JH-001-1100,,Verify compliance,Verify compliance को लागू किया जाना चाहिए,Safety Team,2023-12-25,2024-02-13,,Rejected,Critical,False,,,
CA-00059,INS-JH-001-4595,,Conduct training,Conduct training को लागू किया जाना चाहिए,Environmental Team,2023-10-29,2023-11-12,,In Progress,Low,False,,,
CA-00060,INS-OD-001-3954,,Conduct training,Conduct training को लागू किया जाना चाहिए,Safety Team,2023-02-01,2023-03-29,2023-03-29,Open,Low,True,Rajesh Kumar,2023-03-30,
CA-00061,INS-JH-002-4206,,Verify compliance,Verify compliance को लागू किया जाना चाहिए,Maintenance Team,2023-04-13,2023-05-11,,Rejected,High,False,,,
CA-00062,INS-JH-001-1226,INC-JH-001-031,Conduct training,Conduct training को लागू किया जाना चाहिए,Safety Team,2023-01-31,2023-03-26,,Completed,High,False,,,
CA-00063,INS-JH-002-3918,,Repair roof supports,Repair roof supports को लागू किया जाना चाहिए,Safety Team,2023-12-01,2024-01-24,2024-01-19,Escalated,High,True,Rajesh Kumar,2024-01-20,
CA-00064,INS-JH-001-3585,,Install dust suppression,Install dust suppression को लागू किया जाना चाहिए,Environmental Team,2023-04-27,2023-06-03,,Escalated,Critical,False,,,
CA-00065,INS-JH-002-4008,,Verify compliance,Verify compliance को लागू किया जाना चाहिए,Maintenance Team,2023-09-12,2023-09-22,,Escalated,High,False,,,
CA-00066,INS-JH-001-3423,,Install dust suppression,Install dust suppression को लागू किया जाना चाहिए,Environmental Team,2023-04-16,2023-04-23,2023-04-23,Open,Low,True,Rajesh Kumar,2023-04-24,
CA-00067,INS-OD-001-1001,INC-JH-001-275,Conduct training,Conduct training को लागू किया जाना चाहिए,Maintenance Team,2023-06-18,2023-08-15,2023-08-12,Escalated,Low,True,Rajesh Kumar,2023-08-13,
CA-00068,INS-JH-001-0440,,Repair roof supports,Repair roof supports को लागू किया जाना चाहिए,Maintenance Team,2023-04-28,2023-06-11,2023-06-21,In Progress,Critical,True,Rajesh Kumar,2023-06-22,
CA-00069,INS-JH-001-0335,,Repair roof supports,Repair roof supports को लागू किया जाना चाहिए,Environmental Team,2023-08-29,2023-10-17,2023-10-12,Escalated,Low,False,,,
CA-00070,INS-JH-002-3760,,Conduct training,Conduct training को लागू किया जाना चाहिए,Maintenance Team,2023-08-24,2023-09-29,2023-10-08,Rejected,High,False,,,
CA-00071,INS-JH-001-4809,,Install dust suppression,Install dust suppression को लागू किया जाना चाहिए,Maintenance Team,2023-09-26,2023-10-23,2023-10-20,In Progress,Low,True,Sita Devi,2023-10-21,
CA-00072,INS-OD-001-2140,,Conduct training,Conduct training को लागू किया जाना चाहिए,Environmental Team,2023-03-04,2023-04-30,2023-05-03,Completed,Medium,True,Rajesh Kumar,2023-05-04,
CA-00073,INS-JH-002-2094,,Conduct training,Conduct training को लागू किया जाना चाहिए,Environmental Team,2023-10-12,2023-11-29,2023-12-05,Completed,Low,False,,,
CA-00074,INS-OD-001-4967,,Install dust suppression,Install dust suppression को लागू किया जाना चाहिए,Safety Team,2023-02-19,2023-02-26,2023-03-07,Completed,High,False,,,
CA-00075,INS-JH-002-4931,INC-OD-001-222,Conduct training,Conduct training को लागू किया जाना चाहिए,Environmental Team,2023-07-23,2023-09-12,,Escalated,Critical,False,,,
CA-00076,INS-JH-002-2056,,Verify compliance,Verify compliance को लागू किया जाना चाहिए,Safety Team,2023-06-19,2023-07-11,2023-07-09,Escalated,Critical,True,Rajesh Kumar,2023-07-10,
CA-00077,INS-JH-002-1556,,Verify compliance,Verify compliance को लागू किया जाना चाहिए,Environmental Team,2023-02-10,2023-04-09,2023-04-07,Open,Low,True,Rajesh Kumar,2023-04-08,
CA-00078,INS-JH-001-4978,,Verify compliance,Verify compliance को लागू किया जाना चाहिए,Safety Team,2023-05-26,2023-06-28,2023-06-29,Open,Critical,True,Rajesh Kumar,2023-06-30,
CA-00079,INS-OD-001-2826,,Install dust suppression,Install dust suppression को लागू किया जाना चाहिए,Safety Team,2023-05-28,2023-07-13,,Rejected,Low,False,,,
CA-00080,INS-OD-001-2220,INC-JH-002-060,Verify compliance,Verify compliance को लागू किया जाना चाहिए,Safety Team,2023-10-22,2023-11-09,,Open,Critical,False,,,
CA-00081,INS-JH-002-0535,INC-OD-001-008,Install dust suppression,Install dust suppression को लागू किया जाना चाहिए,Safety Team,2023-12-01,2023-12-25,2023-12-29,In Progress,High,False,,,
CA-00082,INS-JH-002-3802,,Repair roof supports,Repair roof supports को लागू किया जाना चाहिए,Maintenance Team,2023-07-15,2023-09-05,2023-09-09,Overdue,Medium,True,Rajesh Kumar,2023-09-10,Waiting for approval
CA-00083,INS-JH-002-2890,,Repair roof supports,Repair roof supports को लागू किया जाना चाहिए,Maintenance Team,2023-05-20,2023-06-09,2023-06-15,Open,Medium,False,,,
CA-00084,INS-JH-001-3347,INC-JH-002-138,Repair roof supports,Repair roof supports को लागू किया जाना चाहिए,Maintenance Team,2023-05-06,2023-05-24,,Rejected,Medium,False,,,
CA-00085,INS-JH-001-3428,,Repair roof supports,Repair roof supports को लागू किया जाना चाहिए,Environmental Team,2023-09-12,2023-11-09,2023-11-19,In Progress,Low,True,Sita Devi,2023-11-20,
CA-00086,INS-JH-001-4113,,Conduct training,Conduct training को लागू किया जाना चाहिए,Maintenance Team,2023-08-27,2023-09-10,2023-09-18,Completed,Critical,False,,,
CA-00087,INS-JH-002-2945,INC-OD-001-084,Conduct training,Conduct training को लागू किया जाना चाहिए,Maintenance Team,2023-04-15,2023-05-09,2023-05-16,Completed,High,True,Sita Devi,2023-05-17,
CA-00088,INS-JH-001-3423,,Conduct training,Conduct training को लागू किया जाना चाहिए,Maintenance Team,2023-06-24,2023-07-14,,In Progress,Critical,False,,,
CA-00089,INS-JH-001-4533,,Install dust suppression,Install dust suppression को लागू किया जाना चाहिए,Environmental Team,2023-12-09,2024-02-07,2024-02-07,Open,Medium,True,Rajesh Kumar,2024-02-08,
CA-00090,INS-OD-001-0140,INC-JH-001-015,Conduct training,Conduct training को लागू किया जाना चाहिए,Safety Team,2023-11-18,2024-01-05,2024-01-05,Escalated,Medium,True,Rajesh Kumar,2024-01-06,
CA-00091,INS-JH-002-0391,,Verify compliance,Verify compliance को लागू किया जाना चाहिए,Maintenance Team,2023-10-25,2023-11-07,2023-11-09,Escalated,Critical,True,Rajesh Kumar,2023-11-10,
CA-00092,INS-OD-001-3385,,Install dust suppression,Install dust suppression को लागू किया जाना चाहिए,Safety Team,2023-02-08,2023-03-19,2023-03-15,Completed,Critical,True,Rajesh Kumar,2023-03-16,
CA-00093,INS-JH-002-0294,,Install dust suppression,Install dust suppression को लागू किया जाना चाहिए,Environmental Team,2023-09-28,2023-10-24,2023-10-28,Open,Critical,False,,,
CA-00094,INS-JH-001-4313,,Verify compliance,Verify compliance को लागू किया जाना चाहिए,Maintenance Team,2023-04-28,2023-06-01,2023-05-27,In Progress,Medium,True,Rajesh Kumar,2023-05-28,
CA-00095,INS-JH-002-4701,,Install dust suppression,Install dust suppression को लागू किया जाना चाहिए,Maintenance Team,2023-10-13,2023-10-31,2023-10-28,In Progress,Low,True,Sita Devi,2023-10-29,
CA-00096,INS-JH-001-0167,,Install dust suppression,Install dust suppression को लागू किया जाना चाहिए,Environmental Team,2023-01-10,2023-02-08,2023-02-05,Completed,Critical,True,Sita Devi,2023-02-06,
CA-00097,INS-OD-001-0421,INC-JH-002-072,Repair roof supports,Repair roof supports को लागू किया जाना चाहिए,Maintenance Team,2023-01-19,2023-03-04,,Rejected,Critical,False,,,
CA-00098,INS-OD-001-4315,,Conduct training,Conduct training को लागू किया जाना चाहिए,Maintenance Team,2023-05-14,2023-07-10,2023-07-13,Completed,Medium,True,Sita Devi,2023-07-14,
CA-00099,INS-JH-002-1686,INC-JH-002-107,Repair roof supports,Repair roof supports को लागू किया जाना चाहिए,Maintenance Team,2023-01-06,2023-01-15,,Open,High,False,,,
CA-00100,INS-JH-002-3318,INC-JH-001-121,Conduct training,Conduct training को लागू किया जाना चाहिए,Environmental Team,2023-04-01,2023-05-01,,Escalated,Low,False,,,
CA-00101,INS-JH-001-4312,INC-JH-001-148,Install dust suppression,Install dust suppression को लागू किया जाना चाहिए,Maintenance Team,2023-02-25,2023-03-09,,Completed,Medium,False,,,
CA-00102,INS-OD-001-4118,,Verify compliance,Verify compliance को लागू किया जाना चाहिए,Environmental Team,2023-12-03,2023-12-28,,Overdue,High,False,,,Parts not available
CA-00103,INS-OD-001-1937,,Verify compliance,Verify compliance को लागू किया जाना चाहिए,Maintenance Team,2023-11-20,2023-12-13,2023-12-15,Escalated,Critical,False,,,
CA-00104,INS-JH-002-3010,,Repair roof supports,Repair roof supports को लागू किया जाना चाहिए,Safety Team,2023-05-03,2023-05-30,2023-06-02,Overdue,Medium,False,,,Waiting for approval
CA-00105,INS-OD-001-2462,,Verify compliance,Verify compliance को लागू किया जाना चाहिए,Safety Team,2023-01-19,2023-01-29,2023-02-02,Rejected,Low,True,Rajesh Kumar,2023-02-03,
CA-00106,INS-OD-001-1263,,Repair roof supports,Repair roof supports को लागू किया जाना चाहिए,Safety Team,2023-10-12,2023-10-25,2023-10-29,Open,High,True,Sita Devi,2023-10-30,
CA-00107,INS-JH-001-0473,,Verify compliance,Verify compliance को लागू किया जाना चाहिए,Safety Team,2023-08-11,2023-08-18,2023-08-25,Rejected,High,False,,,
CA-00108,INS-JH-002-4895,INC-JH-002-290,Verify compliance,Verify compliance को लागू किया जाना चाहिए,Safety Team,2023-07-04,2023-08-03,2023-07-31,In Progress,Medium,False,,,
CA-00109,INS-JH-001-0671,INC-JH-002-069,Repair roof supports,Repair roof supports को लागू किया जाना चाहिए,Environmental Team,2023-01-14,2023-02-08,,Open,High,False,,,
CA-00110,INS-JH-002-1352,,Conduct training,Conduct training को लागू किया जाना चाहिए,Maintenance Team,2023-01-12,2023-01-25,,Open,Critical,False,,,
CA-00111,INS-JH-001-0346,,Repair roof supports,Repair roof supports को लागू किया जाना चाहिए,Safety Team,2023-03-31,2023-04-18,,In Progress,High,False,,,
CA-00112,INS-JH-001-4907,,Conduct training,Conduct training को लागू किया जाना चाहिए,Safety Team,2023-08-22,2023-10-14,2023-10-15,Completed,Low,True,Rajesh Kumar,2023-10-16,
CA-00113,INS-JH-002-1222,,Verify compliance,Verify compliance को लागू किया जाना चाहिए,Maintenance Team,2023-06-11,2023-07-19,,In Progress,Critical,False,,,
CA-00114,INS-OD-001-3643,,Verify compliance,Verify compliance को लागू किया जाना चाहिए,Environmental Team,2023-10-31,2023-11-30,,Escalated,High,False,,,
CA-00115,INS-JH-001-2630,,Repair roof supports,Repair roof supports को लागू किया जाना चाहिए,Safety Team,2023-06-15,2023-08-01,2023-08-06,Open,High,False,,,
CA-00116,INS-JH-002-2033,,Install dust suppression,Install dust suppression को लागू किया जाना चाहिए,Safety Team,2023-05-03,2023-06-14,2023-06-18,In Progress,Low,True,Sita Devi,2023-06-19,
CA-00117,INS-OD-001-3313,INC-JH-002-135,Install dust suppression,Install dust suppression को लागू किया जाना चाहिए,Safety Team,2023-06-03,2023-07-27,,Escalated,Low,False,,,
CA-00118,INS-OD-001-3127,,Repair roof supports,Repair roof supports को लागू किया जाना चाहिए,Safety Team,2023-06-19,2023-08-09,2023-08-05,Open,High,True,Rajesh Kumar,2023-08-06,
CA-00119,INS-OD-001-4472,,Verify compliance,Verify compliance को लागू किया जाना चाहिए,Maintenance Team,2023-10-21,2023-11-18,2023-11-23,Completed,High,False,,,
CA-00120,INS-JH-002-1482,INC-OD-001-200,Conduct training,Conduct training को लागू किया जाना चाहिए,Maintenance Team,2023-09-05,2023-09-14,2023-09-17,Overdue,Critical,True,Rajesh Kumar,2023-09-18,Waiting for approval
CA-00121,INS-OD-001-2901,INC-JH-002-281,Repair roof supports,Repair roof supports को लागू किया जाना चाहिए,Safety Team,2023-01-28,2023-02-26,,Rejected,Medium,False,,,
CA-00122,INS-JH-001-1494,,Conduct training,Conduct training को लागू किया जाना चाहिए,Safety Team,2023-11-21,2023-12-29,2023-12-27,Completed,Medium,True,Sita Devi,2023-12-28,
CA-00123,INS-JH-001-1969,,Verify compliance,Verify compliance को लागू किया जाना चाहिए,Environmental Team,2023-05-06,2023-06-06,2023-06-10,Open,Medium,True,Rajesh Kumar,2023-06-11,
CA-00124,INS-JH-001-2203,,Install dust suppression,Install dust suppression को लागू किया जाना चाहिए,Environmental Team,2023-11-17,2024-01-16,2024-01-20,Overdue,Low,True,Rajesh Kumar,2024-01-21,Parts not available
CA-00125,INS-OD-001-4749,,Verify compliance,Verify compliance को लागू किया जाना चाहिए,Safety Team,2023-08-12,2023-08-31,2023-08-29,Overdue,Critical,True,Sita Devi,2023-08-30,Waiting for approval
CA-00126,INS-JH-002-4039,,Repair roof supports,Repair roof supports को लागू किया जाना चाहिए,Environmental Team,2023-10-22,2023-10-31,,Completed,High,False,,,
CA-00127,INS-JH-001-1819,,Repair roof supports,Repair roof supports को लागू किया जाना चाहिए,Maintenance Team,2023-12-24,2024-01-09,2024-01-05,Rejected,Low,False,,,
CA-00128,INS-JH-001-1777,,Verify compliance,Verify compliance को लागू किया जाना चाहिए,Maintenance Team,2023-10-08,2023-10-16,2023-10-25,Escalated,Critical,True,Rajesh Kumar,2023-10-26,
CA-00129,INS-OD-001-3301,,Verify compliance,Verify compliance को लागू किया जाना चाहिए,Maintenance Team,2023-12-22,2024-01-24,2024-02-01,Rejected,High,True,Rajesh Kumar,2024-02-02,
CA-00130,INS-JH-001-3552,,Repair roof supports,Repair roof supports को लागू किया जाना चाहिए,Maintenance Team,2023-09-30,2023-10-11,2023-10-21,In Progress,High,True,Rajesh Kumar,2023-10-22,
CA-00131,INS-JH-001-2208,,Conduct training,Conduct training को लागू किया जाना चाहिए,Maintenance Team,2023-11-02,2023-11-23,,Rejected,High,False,,,
CA-00132,INS-JH-001-4221,INC-JH-001-163,Repair roof supports,Repair roof supports को लागू किया जाना चाहिए,Safety Team,2023-04-02,2023-05-02,2023-04-27,Open,High,True,Sita Devi,2023-04-28,
CA-00133,INS-OD-001-2305,,Repair roof supports,Repair roof supports को लागू किया जाना चाहिए,Maintenance Team,2023-01-19,2023-02-08,,In Progress,Low,False,,,
CA-00134,INS-JH-001-4984,,Verify compliance,Verify compliance को लागू किया जाना चाहिए,Maintenance Team,2023-02-26,2023-04-05,,Completed,High,False,,,
CA-00135,INS-JH-002-2900,,Install dust suppression,Install dust suppression को लागू किया जाना चाहिए,Environmental Team,2023-10-06,2023-10-18,2023-10-27,Escalated,Critical,True,Rajesh Kumar,2023-10-28,
CA-00136,INS-JH-002-1305,,Verify compliance,Verify compliance को लागू किया जाना चाहिए,Maintenance Team,2023-06-01,2023-06-27,,Overdue,Critical,False,,,Equipment unavailability
CA-00137,INS-JH-002-0736,,Install dust suppression,Install dust suppression को लागू किया जाना चाहिए,Maintenance Team,2023-11-20,2023-12-08,2023-12-15,Completed,Low,False,,,
CA-00138,INS-JH-002-4826,,Conduct training,Conduct training को लागू किया जाना चाहिए,Safety Team,2023-05-17,2023-06-01,2023-06-11,Completed,Medium,False,,,
CA-00139,INS-JH-002-4786,INC-JH-001-186,Repair roof supports,Repair roof supports को लागू किया जाना चाहिए,Safety Team,2023-03-31,2023-04-29,2023-05-06,In Progress,Medium,True,Sita Devi,2023-05-07,
CA-00140,INS-JH-001-2519,,Install dust suppression,Install dust suppression को लागू किया जाना चाहिए,Environmental Team,2023-01-31,2023-02-08,2023-02-03,Open,Medium,False,,,
CA-00141,INS-JH-001-0592,INC-JH-002-237,Verify compliance,Verify compliance को लागू किया जाना चाहिए,Maintenance Team,2023-07-19,2023-08-20,2023-08-19,Completed,High,True,Sita Devi,2023-08-20,
CA-00142,INS-OD-001-3870,,Install dust suppression,Install dust suppression को लागू किया जाना चाहिए,Maintenance Team,2023-03-08,2023-04-30,2023-05-04,In Progress,Low,True,Rajesh Kumar,2023-05-05,
CA-00143,INS-JH-002-2077,INC-OD-001-077,Install dust suppression,Install dust suppression को लागू किया जाना चाहिए,Environmental Team,2023-11-15,2023-12-08,,Escalated,High,False,,,
CA-00144,INS-JH-002-4564,INC-OD-001-045,Repair roof supports,Repair roof supports को लागू किया जाना चाहिए,Safety Team,2023-09-03,2023-09-17,2023-09-25,Rejected,High,True,Rajesh Kumar,2023-09-26,
CA-00145,INS-OD-001-1252,,Repair roof supports,Repair roof supports को लागू किया जाना चाहिए,Environmental Team,2023-09-29,2023-11-19,2023-11-28,Rejected,High,False,,,
CA-00146,INS-JH-002-2820,,Verify compliance,Verify compliance को लागू किया जाना चाहिए,Maintenance Team,2023-04-19,2023-05-08,2023-05-18,Open,Medium,True,Rajesh Kumar,2023-05-19,
CA-00147,INS-OD-001-2245,INC-OD-001-280,Conduct training,Conduct training को लागू किया जाना चाहिए,Environmental Team,2023-03-21,2023-04-28,,Rejected,Critical,False,,,
CA-00148,INS-JH-001-2275,,Conduct training,Conduct training को लागू किया जाना चाहिए,Safety Team,2023-04-18,2023-06-15,2023-06-22,Completed,Critical,False,,,
CA-00149,INS-JH-002-2771,,Repair roof supports,Repair roof supports को लागू किया जाना चाहिए,Maintenance Team,2023-02-12,2023-02-19,,Completed,Medium,False,,,
CA-00150,INS-OD-001-0607,INC-OD-001-272,Install dust suppression,Install dust suppression को लागू किया जाना चाहिए,Safety Team,2023-10-27,2023-11-25,2023-11-22,In Progress,Medium,True,Sita Devi,2023-11-23,
CA-00151,INS-JH-002-0272,,Repair roof supports,Repair roof supports को लागू किया जाना चाहिए,Maintenance Team,2023-03-17,2023-04-08,2023-04-06,Open,Medium,True,Sita Devi,2023-04-07,
CA-00152,INS-OD-001-1353,,Conduct training,Conduct training को लागू किया जाना चाहिए,Environmental Team,2023-12-16,2024-02-11,,Overdue,Low,False,,,Parts not available
CA-00153,INS-JH-002-4472,,Install dust suppression,Install dust suppression को लागू किया जाना चाहिए,Maintenance Team,2023-12-01,2023-12-21,2023-12-24,Overdue,Low,True,Rajesh Kumar,2023-12-25,Equipment unavailability
CA-00154,INS-OD-001-0811,,Conduct training,Conduct training को लागू किया जाना चाहिए,Maintenance Team,2023-04-25,2023-05-30,2023-06-02,Escalated,High,True,Sita Devi,2023-06-03,
CA-00155,INS-OD-001-1004,INC-JH-002-119,Repair roof supports,Repair roof supports को लागू किया जाना चाहिए,Maintenance Team,2023-02-04,2023-03-09,2023-03-12,Rejected,Critical,True,Sita Devi,2023-03-13,
CA-00156,INS-OD-001-0741,INC-JH-002-289,Install dust suppression,Install dust suppression को लागू किया जाना चाहिए,Safety Team,2023-07-20,2023-09-15,2023-09-12,Overdue,Medium,True,Sita Devi,2023-09-13,Parts not available
CA-00157,INS-JH-001-0628,INC-JH-002-028,Install dust suppression,Install dust suppression को लागू किया जाना चाहिए,Safety Team,2023-02-17,2023-03-15,2023-03-15,In Progress,Medium,True,Sita Devi,2023-03-16,
CA-00158,INS-JH-002-1642,INC-OD-001-208,Conduct training,Conduct training को लागू किया जाना चाहिए,Maintenance Team,2023-07-16,2023-08-10,2023-08-08,Rejected,Low,True,Sita Devi,2023-08-09,
CA-00159,INS-JH-001-0229,,Repair roof supports,Repair roof supports को लागू किया जाना चाहिए,Environmental Team,2023-01-07,2023-02-25,2023-02-28,In Progress,Low,True,Sita Devi,2023-03-01,
CA-00160,INS-OD-001-3260,,Install dust suppression,Install dust suppression को लागू किया जाना चाहिए,Environmental Team,2023-11-12,2023-12-18,2023-12-26,Completed,Low,False,,,
CA-00161,INS-JH-001-4555,INC-JH-001-268,Verify compliance,Verify compliance को लागू किया जाना चाहिए,Environmental Team,2023-02-09,2023-03-09,2023-03-12,Escalated,Low,True,Sita Devi,2023-03-13,
CA-00162,INS-JH-001-3471,INC-JH-002-242,Install dust suppression,Install dust suppression को लागू किया जाना चाहिए,Environmental Team,2023-10-22,2023-12-01,2023-12-09,Overdue,High,False,,,Parts not available
CA-00163,INS-OD-001-1458,,Conduct training,Conduct training को लागू किया जाना चाहिए,Maintenance Team,2023-12-02,2024-01-11,2024-01-15,Open,Low,True,Sita Devi,2024-01-16,
CA-00164,INS-JH-002-0684,,Install dust suppression,Install dust suppression को लागू किया जाना चाहिए,Safety Team,2023-09-21,2023-11-17,2023-11-22,Open,Low,True,Rajesh Kumar,2023-11-23,
CA-00165,INS-JH-001-3118,,Verify compliance,Verify compliance को लागू किया जाना चाहिए,Environmental Team,2023-09-08,2023-09-27,,Open,High,False,,,
CA-00166,INS-JH-002-3308,INC-JH-002-192,Verify compliance,Verify compliance को लागू किया जाना चाहिए,Environmental Team,2023-02-21,2023-04-13,2023-04-18,Completed,Low,False,,,
CA-00167,INS-JH-001-1645,INC-JH-002-095,Verify compliance,Verify compliance को लागू किया जाना चाहिए,Environmental Team,2023-04-11,2023-05-27,2023-06-03,Rejected,High,True,Rajesh Kumar,2023-06-04,
CA-00168,INS-OD-001-2894,,Install dust suppression,Install dust suppression को लागू किया जाना चाहिए,Maintenance Team,2023-08-05,2023-09-16,2023-09-22,Open,Medium,False,,,
CA-00169,INS-JH-002-0509,,Verify compliance,Verify compliance को लागू किया जाना चाहिए,Environmental Team,2023-11-11,2023-12-31,2023-12-27,In Progress,Low,True,Sita Devi,2023-12-28,
CA-00170,INS-JH-002-0421,,Verify compliance,Verify compliance को लागू किया जाना चाहिए,Environmental Team,2023-04-05,2023-05-29,2023-05-28,Rejected,Medium,False,,,
CA-00171,INS-OD-001-2925,,Verify compliance,Verify compliance को लागू किया जाना चाहिए,Maintenance Team,2023-03-02,2023-03-09,2023-03-15,In Progress,Medium,True,Rajesh Kumar,2023-03-16,
CA-00172,INS-JH-002-1113,INC-JH-001-222,Verify compliance,Verify compliance को लागू किया जाना चाहिए,Safety Team,2023-07-08,2023-08-01,2023-07-27,Completed,Critical,False,,,
CA-00173,INS-JH-001-1971,,Repair roof supports,Repair roof supports को लागू किया जाना चाहिए,Safety Team,2023-05-11,2023-06-10,2023-06-06,Rejected,Medium,False,,,
CA-00174,INS-JH-002-4594,INC-OD-001-134,Install dust suppression,Install dust suppression को लागू किया जाना चाहिए,Safety Team,2023-01-27,2023-02-20,2023-02-28,Overdue,Medium,True,Rajesh Kumar,2023-03-01,Parts not available
CA-00175,INS-OD-001-0691,INC-JH-001-220,Repair roof supports,Repair roof supports को लागू किया जाना चाहिए,Safety Team,2023-12-22,2024-02-06,2024-02-01,Open,High,True,Sita Devi,2024-02-02,
CA-00176,INS-JH-001-0013,,Repair roof supports,Repair roof supports को लागू किया जाना चाहिए,Maintenance Team,2023-10-24,2023-11-28,2023-12-08,Open,Critical,True,Rajesh Kumar,2023-12-09,
CA-00177,INS-JH-002-1378,INC-JH-002-089,Conduct training,Conduct training को लागू किया जाना चाहिए,Safety Team,2023-05-08,2023-05-20,,In Progress,Medium,False,,,
CA-00178,INS-JH-001-0178,INC-JH-002-242,Conduct training,Conduct training को लागू किया जाना चाहिए,Maintenance Team,2023-01-19,2023-03-04,,Escalated,High,False,,,
CA-00179,INS-OD-001-2159,,Install dust suppression,Install dust suppression को लागू किया जाना चाहिए,Environmental Team,2023-09-21,2023-10-11,,Rejected,Low,False,,,
CA-00180,INS-JH-001-1943,INC-JH-001-016,Verify compliance,Verify compliance को लागू किया जाना चाहिए,Maintenance Team,2023-06-04,2023-08-02,2023-08-03,Open,High,True,Sita Devi,2023-08-04,
CA-00181,INS-JH-002-0205,INC-OD-001-068,Verify compliance,Verify compliance को लागू किया जाना चाहिए,Environmental Team,2023-07-03,2023-08-22,2023-08-29,Rejected,High,True,Rajesh Kumar,2023-08-30,
CA-00182,INS-OD-001-4041,,Conduct training,Conduct training को लागू किया जाना चाहिए,Safety Team,2023-12-02,2024-01-06,,In Progress,Medium,False,,,
CA-00183,INS-OD-001-3266,INC-JH-002-085,Conduct training,Conduct training को लागू किया जाना चाहिए,Maintenance Team,2023-06-05,2023-07-08,,Overdue,Low,False,,,Waiting for approval
CA-00184,INS-OD-001-3977,,Verify compliance,Verify compliance को लागू किया जाना चाहिए,Safety Team,2023-10-06,2023-11-16,2023-11-20,Open,Critical,True,Rajesh Kumar,2023-11-21,
CA-00185,INS-JH-001-2211,,Install dust suppression,Install dust suppression को लागू किया जाना चाहिए,Maintenance Team,2023-08-10,2023-09-28,,Open,Medium,False,,,
CA-00186,INS-JH-002-0940,INC-JH-001-052,Verify compliance,Verify compliance को लागू किया जाना चाहिए,Maintenance Team,2023-08-22,2023-09-23,,Open,Low,False,,,
CA-00187,INS-JH-002-1336,,Repair roof supports,Repair roof supports को लागू किया जाना चाहिए,Maintenance Team,2023-07-12,2023-08-23,,In Progress,Low,False,,,
CA-00188,INS-JH-002-1597,,Conduct training,Conduct training को लागू किया जाना चाहिए,Maintenance Team,2023-01-18,2023-03-03,,Completed,Medium,False,,,
CA-00189,INS-JH-002-2434,,Conduct training,Conduct training को लागू किया जाना चाहिए,Safety Team,2023-09-29,2023-11-19,2023-11-18,Rejected,Critical,True,Sita Devi,2023-11-19,
CA-00190,INS-JH-001-2270,INC-JH-002-071,Verify compliance,Verify compliance को लागू किया जाना चाहिए,Environmental Team,2023-04-17,2023-04-28,2023-05-08,Open,Critical,True,Sita Devi,2023-05-09,
CA-00191,INS-JH-002-3190,,Repair roof supports,Repair roof supports को लागू किया जाना चाहिए,Safety Team,2023-05-25,2023-06-19,2023-06-29,Open,Low,True,Sita Devi,2023-06-30,
CA-00192,INS-JH-001-2307,,Install dust suppression,Install dust suppression को लागू किया जाना चाहिए,Safety Team,2023-03-16,2023-03-28,,Open,Critical,False,,,
CA-00193,INS-JH-001-1893,INC-OD-001-195,Conduct training,Conduct training को लागू किया जाना चाहिए,Environmental Team,2023-03-09,2023-05-07,2023-05-17,Open,Medium,True,Rajesh Kumar,2023-05-18,
CA-00194,INS-OD-001-2392,,Install dust suppression,Install dust suppression को लागू किया जाना चाहिए,Environmental Team,2023-04-23,2023-06-15,,Completed,Critical,False,,,
CA-00195,INS-OD-001-2436,,Repair roof supports,Repair roof supports को लागू किया जाना चाहिए,Maintenance Team,2023-03-07,2023-04-03,2023-04-01,Overdue,High,False,,,Equipment unavailability
CA-00196,INS-JH-002-4105,INC-OD-001-293,Conduct training,Conduct training को लागू किया जाना चाहिए,Maintenance Team,2023-05-15,2023-05-29,,Escalated,High,False,,,
CA-00197,INS-OD-001-2980,,Verify compliance,Verify compliance को लागू किया जाना चाहिए,Safety Team,2023-04-22,2023-06-06,2023-06-02,Open,Medium,True,Rajesh Kumar,2023-06-03,
CA-00198,INS-JH-002-1699,,Verify compliance,Verify compliance को लागू किया जाना चाहिए,Safety Team,2023-11-22,2024-01-05,2024-01-15,Rejected,High,True,Sita Devi,2024-01-16,
CA-00199,INS-JH-002-3774,,Conduct training,Conduct training को लागू किया जाना चाहिए,Safety Team,2023-12-04,2024-01-07,2024-01-14,Overdue,High,True,Rajesh Kumar,2024-01-15,Equipment unavailability
CA-00200,INS-JH-002-4182,,Conduct training,Conduct training को लागू किया जाना चाहिए,Maintenance Team,2023-04-19,2023-05-06,2023-05-05,In Progress,Low,True,Sita Devi,2023-05-06,
CA-00201,INS-OD-001-2893,,Repair roof supports,Repair roof supports को लागू किया जाना चाहिए,Environmental Team,2023-05-26,2023-07-18,2023-07-17,Open,High,True,Rajesh Kumar,2023-07-18,
CA-00202,INS-JH-001-2327,,Repair roof supports,Repair roof supports को लागू किया जाना चाहिए,Safety Team,2023-11-14,2023-11-23,2023-11-28,Rejected,Low,True,Rajesh Kumar,2023-11-29,
CA-00203,INS-JH-002-2997,,Conduct training,Conduct training को लागू किया जाना चाहिए,Safety Team,2023-10-25,2023-11-04,2023-11-01,Rejected,Medium,True,Sita Devi,2023-11-02,
CA-00204,INS-JH-001-3747,,Install dust suppression,Install dust suppression को लागू किया जाना चाहिए,Maintenance Team,2023-06-14,2023-07-20,2023-07-21,Completed,Low,False,,,
CA-00205,INS-JH-001-4080,,Conduct training,Conduct training को लागू किया जाना चाहिए,Maintenance Team,2023-12-03,2023-12-23,2023-12-26,Completed,Low,False,,,
CA-00206,INS-JH-002-2255,,Conduct training,Conduct training को लागू किया जाना चाहिए,Maintenance Team,2023-03-18,2023-05-08,2023-05-13,Rejected,High,False,,,
CA-00207,INS-JH-001-0817,,Install dust suppression,Install dust suppression को लागू किया जाना चाहिए,Safety Team,2023-06-22,2023-08-04,2023-08-10,Rejected,Medium,True,Rajesh Kumar,2023-08-11,
CA-00208,INS-OD-001-3600,,Verify compliance,Verify compliance को लागू किया जाना चाहिए,Safety Team,2023-06-15,2023-08-12,,Open,Low,False,,,
CA-00209,INS-JH-001-3854,INC-JH-001-067,Install dust suppression,Install dust suppression को लागू किया जाना चाहिए,Environmental Team,2023-05-08,2023-05-24,2023-05-25,Rejected,Medium,True,Sita Devi,2023-05-26,
CA-00210,INS-JH-002-0993,,Repair roof supports,Repair roof supports को लागू किया जाना चाहिए,Maintenance Team,2023-12-02,2024-01-04,2024-01-08,Rejected,Low,True,Rajesh Kumar,2024-01-09,
CA-00211,INS-JH-002-3346,,Repair roof supports,Repair roof supports को लागू किया जाना चाहिए,Safety Team,2023-03-01,2023-03-15,2023-03-25,Open,Medium,False,,,
CA-00212,INS-JH-001-4466,INC-JH-002-180,Install dust suppression,Install dust suppression को लागू किया जाना चाहिए,Maintenance Team,2023-07-05,2023-08-01,2023-08-08,Overdue,Medium,False,,,Waiting for approval
CA-00213,INS-JH-001-1244,,Install dust suppression,Install dust suppression को लागू किया जाना चाहिए,Environmental Team,2023-04-05,2023-05-01,,Escalated,Critical,False,,,
CA-00214,INS-JH-002-1050,INC-JH-001-104,Verify compliance,Verify compliance को लागू किया जाना चाहिए,Maintenance Team,2023-02-10,2023-03-10,,Completed,High,False,,,
CA-00215,INS-JH-002-0019,,Conduct training,Conduct training को लागू किया जाना चाहिए,Safety Team,2023-02-27,2023-04-19,,Completed,High,False,,,
CA-00216,INS-JH-002-2112,INC-JH-002-113,Repair roof supports,Repair roof supports को लागू किया जाना चाहिए,Safety Team,2023-02-01,2023-02-09,2023-02-07,In Progress,Medium,True,Rajesh Kumar,2023-02-08,
CA-00217,INS-OD-001-2004,INC-OD-001-141,Install dust suppression,Install dust suppression को लागू किया जाना चाहिए,Safety Team,2023-06-29,2023-07-13,2023-07-08,Overdue,High,True,Rajesh Kumar,2023-07-09,Parts not available
CA-00218,INS-JH-002-2138,,Repair roof supports,Repair roof supports को लागू किया जाना चाहिए,Environmental Team,2023-08-07,2023-09-18,2023-09-25,Open,Medium,False,,,
CA-00219,INS-OD-001-2789,INC-JH-002-002,Conduct training,Conduct training को लागू किया जाना चाहिए,Maintenance Team,2023-09-03,2023-10-31,,Escalated,Low,False,,,
CA-00220,INS-JH-001-4634,,Conduct training,Conduct training को लागू किया जाना चाहिए,Safety Team,2023-05-08,2023-06-08,2023-06-17,In Progress,Low,True,Rajesh Kumar,2023-06-18,
CA-00221,INS-OD-001-3313,INC-OD-001-266,Verify compliance,Verify compliance को लागू किया जाना चाहिए,Maintenance Team,2023-04-15,2023-05-26,2023-05-31,Completed,Critical,False,,,
CA-00222,INS-OD-001-0651,,Conduct training,Conduct training को लागू किया जाना चाहिए,Maintenance Team,2023-12-30,2024-01-28,2024-01-29,Rejected,Medium,True,Rajesh Kumar,2024-01-30,
CA-00223,INS-JH-002-1395,,Repair roof supports,Repair roof supports को लागू किया जाना चाहिए,Environmental Team,2023-09-19,2023-10-03,2023-10-11,Completed,Critical,False,,,
CA-00224,INS-JH-001-1439,,Verify compliance,Verify compliance को लागू किया जाना चाहिए,Safety Team,2023-06-06,2023-07-12,2023-07-07,Overdue,High,True,Rajesh Kumar,2023-07-08,Equipment unavailability
CA-00225,INS-JH-002-4093,,Repair roof supports,Repair roof supports को लागू किया जाना चाहिए,Environmental Team,2023-10-29,2023-12-25,,Escalated,High,False,,,
CA-00226,INS-JH-001-2664,INC-JH-002-280,Conduct training,Conduct training को लागू किया जाना चाहिए,Maintenance Team,2023-10-31,2023-11-22,2023-11-24,Escalated,Critical,False,,,
CA-00227,INS-OD-001-1188,INC-JH-001-278,Repair roof supports,Repair roof supports को लागू किया जाना चाहिए,Maintenance Team,2023-11-14,2023-11-28,2023-12-02,Overdue,Critical,False,,,Parts not available
CA-00228,INS-JH-002-3438,INC-OD-001-008,Repair roof supports,Repair roof supports को लागू किया जाना चाहिए,Environmental Team,2023-03-04,2023-04-21,2023-04-29,Rejected,Critical,True,Rajesh Kumar,2023-04-30,
CA-00229,INS-JH-002-4895,INC-JH-002-265,Install dust suppression,Install dust suppression को लागू किया जाना चाहिए,Environmental Team,2023-04-01,2023-05-16,2023-05-20,Completed,High,True,Rajesh Kumar,2023-05-21,
CA-00230,INS-JH-002-4059,,Conduct training,Conduct training को लागू किया जाना चाहिए,Environmental Team,2023-02-11,2023-03-30,,Escalated,High,False,,,
CA-00231,INS-OD-001-1863,,Conduct training,Conduct training को लागू किया जाना चाहिए,Environmental Team,2023-08-17,2023-09-23,,Open,Low,False,,,
CA-00232,INS-JH-002-2544,,Install dust suppression,Install dust suppression को लागू किया जाना चाहिए,Safety Team,2023-08-17,2023-10-12,2023-10-12,In Progress,Low,True,Sita Devi,2023-10-13,
CA-00233,INS-JH-001-3865,,Conduct training,Conduct training को लागू किया जाना चाहिए,Environmental Team,2023-10-07,2023-10-22,2023-10-25,Escalated,High,True,Rajesh Kumar,2023-10-26,
CA-00234,INS-JH-002-0961,,Install dust suppression,Install dust suppression को लागू किया जाना चाहिए,Safety Team,2023-07-04,2023-07-31,2023-07-28,In Progress,High,False,,,
CA-00235,INS-JH-001-3911,INC-OD-001-158,Verify compliance,Verify compliance को लागू किया जाना चाहिए,Safety Team,2023-08-05,2023-09-29,2023-10-01,Overdue,High,False,,,Waiting for approval
CA-00236,INS-JH-001-3845,,Verify compliance,Verify compliance को लागू किया जाना चाहिए,Maintenance Team,2023-12-30,2024-01-16,,Overdue,Low,False,,,Equipment unavailability
CA-00237,INS-JH-002-0186,,Repair roof supports,Repair roof supports को लागू किया जाना चाहिए,Maintenance Team,2023-03-12,2023-03-19,2023-03-21,Completed,Low,True,Sita Devi,2023-03-22,
CA-00238,INS-OD-001-2712,,Verify compliance,Verify compliance को लागू किया जाना चाहिए,Environmental Team,2023-04-04,2023-05-25,,In Progress,High,False,,,
CA-00239,INS-JH-002-4149,,Repair roof supports,Repair roof supports को लागू किया जाना चाहिए,Maintenance Team,2023-07-05,2023-08-19,,Rejected,High,False,,,
CA-00240,INS-JH-002-1283,INC-OD-001-080,Verify compliance,Verify compliance को लागू किया जाना चाहिए,Safety Team,2023-01-18,2023-02-05,2023-02-09,Completed,High,True,Sita Devi,2023-02-10,
CA-00241,INS-JH-001-1293,INC-JH-002-151,Verify compliance,Verify compliance को लागू किया जाना चाहिए,Maintenance Team,2023-10-23,2023-11-06,,Rejected,Critical,False,,,
CA-00242,INS-JH-001-2999,,Repair roof supports,Repair roof supports को लागू किया जाना चाहिए,Safety Team,2023-01-15,2023-03-03,2023-03-04,In Progress,Medium,False,,,
CA-00243,INS-OD-001-0609,,Conduct training,Conduct training को लागू किया जाना चाहिए,Safety Team,2023-09-02,2023-10-29,2023-10-28,Rejected,High,True,Rajesh Kumar,2023-10-29,
CA-00244,INS-JH-002-3392,,Conduct training,Conduct training को लागू किया जाना चाहिए,Environmental Team,2023-08-05,2023-09-21,2023-10-01,Completed,Critical,False,,,
CA-00245,INS-JH-002-4026,,Install dust suppression,Install dust suppression को लागू किया जाना चाहिए,Maintenance Team,2023-07-31,2023-09-01,,Rejected,Critical,False,,,
CA-00246,INS-JH-001-1045,,Verify compliance,Verify compliance को लागू किया जाना चाहिए,Maintenance Team,2023-12-15,2024-01-20,2024-01-23,Open,High,False,,,
CA-00247,INS-JH-001-4354,,Verify compliance,Verify compliance को लागू किया जाना चाहिए,Safety Team,2023-10-07,2023-11-03,,Rejected,Critical,False,,,
CA-00248,INS-JH-001-3655,,Conduct training,Conduct training को लागू किया जाना चाहिए,Safety Team,2023-01-30,2023-02-06,,Completed,Low,False,,,
CA-00249,INS-JH-002-4595,INC-OD-001-089,Verify compliance,Verify compliance को लागू किया जाना चाहिए,Maintenance Team,2023-05-01,2023-05-31,,Open,High,False,,,
CA-00250,INS-OD-001-4635,,Conduct training,Conduct training को लागू किया जाना चाहिए,Maintenance Team,2023-01-11,2023-02-25,2023-03-05,Completed,High,False,,,
CA-00251,INS-OD-001-3873,,Install dust suppression,Install dust suppression को लागू किया जाना चाहिए,Environmental Team,2023-03-30,2023-05-19,2023-05-23,Overdue,Low,False,,,Parts not available
CA-00252,INS-OD-001-2740,,Conduct training,Conduct training को लागू किया जाना चाहिए,Environmental Team,2023-01-16,2023-03-14,,Overdue,Medium,False,,,Parts not available
CA-00253,INS-OD-001-0523,,Install dust suppression,Install dust suppression को लागू किया जाना चाहिए,Environmental Team,2023-11-30,2023-12-21,2023-12-22,Open,Low,True,Sita Devi,2023-12-23,
CA-00254,INS-OD-001-1011,,Repair roof supports,Repair roof supports को लागू किया जाना चाहिए,Maintenance Team,2023-04-16,2023-05-09,2023-05-05,Rejected,Critical,False,,,
CA-00255,INS-JH-002-0615,INC-JH-001-250,Verify compliance,Verify compliance को लागू किया जाना चाहिए,Safety Team,2023-08-28,2023-09-04,2023-08-31,Overdue,Low,True,Sita Devi,2023-09-01,Waiting for approval
CA-00256,INS-JH-001-3439,,Conduct training,Conduct training को लागू किया जाना चाहिए,Maintenance Team,2023-02-15,2023-03-28,,Rejected,High,False,,,
CA-00257,INS-OD-001-0797,,Conduct training,Conduct training को लागू किया जाना चाहिए,Maintenance Team,2023-08-21,2023-10-06,,In Progress,Medium,False,,,
CA-00258,INS-JH-001-3724,,Repair roof supports,Repair roof supports को लागू किया जाना चाहिए,Safety Team,2023-08-10,2023-08-23,2023-08-29,In Progress,Medium,False,,,
CA-00259,INS-OD-001-0658,,Conduct training,Conduct training को लागू किया जाना चाहिए,Maintenance Team,2023-05-31,2023-07-12,2023-07-10,In Progress,Critical,True,Rajesh Kumar,2023-07-11,
CA-00260,INS-JH-002-3031,,Repair roof supports,Repair roof supports को लागू किया जाना चाहिए,Safety Team,2023-11-22,2023-12-10,2023-12-11,Escalated,Critical,True,Sita Devi,2023-12-12,
CA-00261,INS-JH-002-0221,INC-JH-002-138,Conduct training,Conduct training को लागू किया जाना चाहिए,Safety Team,2023-09-19,2023-11-05,2023-11-14,Open,Medium,True,Sita Devi,2023-11-15,
CA-00262,INS-JH-002-4650,,Verify compliance,Verify compliance को लागू किया जाना चाहिए,Safety Team,2023-10-17,2023-10-30,,Escalated,Medium,False,,,
CA-00263,INS-JH-002-2104,INC-OD-001-131,Repair roof supports,Repair roof supports को लागू किया जाना चाहिए,Maintenance Team,2023-08-26,2023-10-13,2023-10-17,Completed,Critical,True,Sita Devi,2023-10-18,
CA-00264,INS-JH-002-4884,,Install dust suppression,Install dust suppression को लागू किया जाना चाहिए,Environmental Team,2023-03-28,2023-05-25,2023-05-21,Overdue,Critical,False,,,Parts not available
CA-00265,INS-OD-001-3164,INC-OD-001-017,Repair roof supports,Repair roof supports को लागू किया जाना चाहिए,Environmental Team,2023-08-05,2023-08-12,2023-08-09,Rejected,Medium,True,Rajesh Kumar,2023-08-10,
CA-00266,INS-JH-001-4184,,Install dust suppression,Install dust suppression को लागू किया जाना चाहिए,Environmental Team,2023-11-28,2024-01-22,,Rejected,Low,False,,,
CA-00267,INS-JH-001-2334,,Conduct training,Conduct training को लागू किया जाना चाहिए,Safety Team,2023-12-24,2024-02-19,,Completed,Medium,False,,,
CA-00268,INS-OD-001-1099,,Verify compliance,Verify compliance को लागू किया जाना चाहिए,Maintenance Team,2023-02-15,2023-04-15,2023-04-12,Rejected,High,False,,,
CA-00269,INS-JH-001-0063,,Conduct training,Conduct training को लागू किया जाना चाहिए,Environmental Team,2023-12-18,2024-02-06,2024-02-13,Completed,Medium,False,,,
CA-00270,INS-JH-002-2923,,Verify compliance,Verify compliance को लागू किया जाना चाहिए,Maintenance Team,2023-12-15,2023-12-22,2023-12-17,Rejected,Critical,True,Sita Devi,2023-12-18,
CA-00271,INS-OD-001-0875,,Verify compliance,Verify compliance को लागू किया जाना चाहिए,Safety Team,2023-03-26,2023-04-12,,Completed,High,False,,,
CA-00272,INS-JH-002-4747,INC-OD-001-098,Install dust suppression,Install dust suppression को लागू किया जाना चाहिए,Safety Team,2023-10-16,2023-11-06,2023-11-03,Escalated,Low,True,Sita Devi,2023-11-04,
CA-00273,INS-JH-001-1173,,Install dust suppression,Install dust suppression को लागू किया जाना चाहिए,Environmental Team,2023-12-12,2024-01-26,2024-01-28,Overdue,Critical,True,Rajesh Kumar,2024-01-29,Equipment unavailability
CA-00274,INS-JH-001-1393,INC-JH-002-099,Verify compliance,Verify compliance को लागू किया जाना चाहिए,Environmental Team,2023-06-13,2023-07-27,,Completed,High,False,,,
CA-00275,INS-JH-002-0558,,Conduct training,Conduct training को लागू किया जाना चाहिए,Maintenance Team,2023-12-07,2023-12-15,2023-12-23,Overdue,Medium,False,,,Parts not available
CA-00276,INS-OD-001-4275,,Install dust suppression,Install dust suppression को लागू किया जाना चाहिए,Maintenance Team,2023-09-26,2023-11-04,,Escalated,Low,False,,,
CA-00277,INS-OD-001-0264,,Conduct training,Conduct training को लागू किया जाना चाहिए,Safety Team,2023-10-02,2023-11-20,2023-11-29,Open,High,False,,,
CA-00278,INS-JH-001-3589,INC-JH-002-209,Verify compliance,Verify compliance को लागू किया जाना चाहिए,Environmental Team,2023-05-08,2023-05-23,2023-05-26,Rejected,Critical,True,Sita Devi,2023-05-27,
CA-00279,INS-JH-001-1442,,Verify compliance,Verify compliance को लागू किया जाना चाहिए,Maintenance Team,2023-09-11,2023-11-10,,Rejected,Low,False,,,
CA-00280,INS-JH-001-1277,,Verify compliance,Verify compliance को लागू किया जाना चाहिए,Maintenance Team,2023-11-05,2023-12-06,2023-12-13,Rejected,Medium,True,Sita Devi,2023-12-14,
CA-00281,INS-JH-001-4289,,Install dust suppression,Install dust suppression को लागू किया जाना चाहिए,Environmental Team,2023-05-16,2023-06-02,2023-06-07,Escalated,High,False,,,
CA-00282,INS-JH-001-3304,INC-OD-001-295,Conduct training,Conduct training को लागू किया जाना चाहिए,Environmental Team,2023-11-06,2023-12-21,2023-12-23,In Progress,Low,True,Rajesh Kumar,2023-12-24,
CA-00283,INS-JH-001-0259,INC-JH-002-065,Install dust suppression,Install dust suppression को लागू किया जाना चाहिए,Safety Team,2023-11-06,2023-12-03,2023-12-07,Escalated,High,True,Sita Devi,2023-12-08,
CA-00284,INS-OD-001-0116,,Verify compliance,Verify compliance को लागू किया जाना चाहिए,Maintenance Team,2023-05-13,2023-05-21,2023-05-25,Escalated,High,True,Rajesh Kumar,2023-05-26,
CA-00285,INS-JH-002-1768,,Verify compliance,Verify compliance को लागू किया जाना चाहिए,Safety Team,2023-02-18,2023-03-28,,Open,Medium,False,,,
CA-00286,INS-OD-001-0131,,Verify compliance,Verify compliance को लागू किया जाना चाहिए,Safety Team,2023-03-06,2023-03-20,,Open,Critical,False,,,
CA-00287,INS-OD-001-3234,,Install dust suppression,Install dust suppression को लागू किया जाना चाहिए,Environmental Team,2023-10-02,2023-11-27,2023-11-22,In Progress,Low,True,Rajesh Kumar,2023-11-23,
CA-00288,INS-OD-001-4153,,Verify compliance,Verify compliance को लागू किया जाना चाहिए,Maintenance Team,2023-05-22,2023-06-07,2023-06-17,Completed,Medium,False,,,
CA-00289,INS-OD-001-3643,INC-JH-001-078,Verify compliance,Verify compliance को लागू किया जाना चाहिए,Environmental Team,2023-08-05,2023-09-30,2023-10-07,Overdue,Medium,False,,,Parts not available
CA-00290,INS-OD-001-3575,INC-JH-001-167,Install dust suppression,Install dust suppression को लागू किया जाना चाहिए,Maintenance Team,2023-09-28,2023-10-28,2023-11-02,Completed,Low,True,Sita Devi,2023-11-03,
CA-00291,INS-JH-002-0554,,Verify compliance,Verify compliance को लागू किया जाना चाहिए,Environmental Team,2023-03-28,2023-04-11,,Open,High,False,,,
CA-00292,INS-JH-001-3958,,Verify compliance,Verify compliance को लागू किया जाना चाहिए,Safety Team,2023-01-31,2023-03-21,2023-03-23,Escalated,Critical,False,,,
CA-00293,INS-JH-001-0555,INC-JH-002-278,Conduct training,Conduct training को लागू किया जाना चाहिए,Safety Team,2023-08-25,2023-09-06,,In Progress,High,False,,,
CA-00294,INS-OD-001-4793,INC-JH-001-130,Install dust suppression,Install dust suppression को लागू किया जाना चाहिए,Maintenance Team,2023-01-10,2023-03-11,,Escalated,Medium,False,,,
CA-00295,INS-JH-001-3048,,Verify compliance,Verify compliance को लागू किया जाना चाहिए,Environmental Team,2023-02-28,2023-04-18,2023-04-20,Open,High,True,Rajesh Kumar,2023-04-21,
CA-00296,INS-OD-001-4094,,Repair roof supports,Repair roof supports को लागू किया जाना चाहिए,Safety Team,2023-01-02,2023-01-26,2023-02-02,Open,Low,True,Rajesh Kumar,2023-02-03,
CA-00297,INS-JH-002-0534,,Install dust suppression,Install dust suppression को लागू किया जाना चाहिए,Safety Team,2023-02-16,2023-03-28,2023-03-27,Rejected,Critical,True,Sita Devi,2023-03-28,
CA-00298,INS-JH-002-0925,,Install dust suppression,Install dust suppression को लागू किया जाना चाहिए,Environmental Team,2023-02-09,2023-03-23,,Overdue,High,False,,,Equipment unavailability
CA-00299,INS-JH-002-2465,INC-JH-001-198,Install dust suppression,Install dust suppression को लागू किया जाना चाहिए,Maintenance Team,2023-06-23,2023-07-04,,Escalated,Critical,False,,,
CA-00300,INS-OD-001-4940,,Repair roof supports,Repair roof supports को लागू किया जाना चाहिए,Safety Team,2023-02-02,2023-03-01,2023-03-01,Open,Medium,False,,,
CA-00301,INS-OD-001-1968,INC-JH-001-280,Verify compliance,Verify compliance को लागू किया जाना चाहिए,Maintenance Team,2023-01-09,2023-01-18,2023-01-14,In Progress,Medium,True,Sita Devi,2023-01-15,
CA-00302,INS-OD-001-2939,INC-JH-001-240,Verify compliance,Verify compliance को लागू किया जाना चाहिए,Safety Team,2023-08-12,2023-10-05,2023-10-09,Escalated,Low,False,,,
CA-00303,INS-OD-001-2524,,Install dust suppression,Install dust suppression को लागू किया जाना चाहिए,Safety Team,2023-03-06,2023-05-01,2023-05-04,Escalated,Low,False,,,
CA-00304,INS-JH-002-2148,,Install dust suppression,Install dust suppression को लागू किया जाना चाहिए,Maintenance Team,2023-05-02,2023-05-10,2023-05-13,Escalated,High,True,Rajesh Kumar,2023-05-14,
CA-00305,INS-JH-002-2653,,Conduct training,Conduct training को लागू किया जाना चाहिए,Maintenance Team,2023-03-28,2023-05-06,2023-05-03,Completed,Low,True,Sita Devi,2023-05-04,
CA-00306,INS-OD-001-1661,,Conduct training,Conduct training को लागू किया जाना चाहिए,Environmental Team,2023-08-09,2023-08-22,,Escalated,Medium,False,,,
CA-00307,INS-JH-001-0089,,Install dust suppression,Install dust suppression को लागू किया जाना चाहिए,Environmental Team,2023-04-27,2023-05-10,,Escalated,Medium,False,,,
CA-00308,INS-JH-001-3445,,Install dust suppression,Install dust suppression को लागू किया जाना चाहिए,Environmental Team,2023-04-03,2023-05-27,2023-05-28,Escalated,High,True,Rajesh Kumar,2023-05-29,
CA-00309,INS-OD-001-1244,,Install dust suppression,Install dust suppression को लागू किया जाना चाहिए,Maintenance Team,2023-02-23,2023-04-04,2023-04-05,Escalated,Low,True,Rajesh Kumar,2023-04-06,
CA-00310,INS-JH-001-1693,,Install dust suppression,Install dust suppression को लागू किया जाना चाहिए,Maintenance Team,2023-09-22,2023-11-19,2023-11-16,Escalated,Critical,True,Rajesh Kumar,2023-11-17,
CA-00311,INS-JH-001-0147,INC-OD-001-079,Verify compliance,Verify compliance को लागू किया जाना चाहिए,Environmental Team,2023-12-06,2024-01-28,2024-01-26,Rejected,Low,False,,,
CA-00312,INS-JH-001-2604,INC-OD-001-266,Verify compliance,Verify compliance को लागू किया जाना चाहिए,Maintenance Team,2023-10-05,2023-10-27,2023-11-02,Rejected,Low,True,Sita Devi,2023-11-03,
CA-00313,INS-JH-002-4858,,Install dust suppression,Install dust suppression को लागू किया जाना चाहिए,Safety Team,2023-07-28,2023-09-08,2023-09-04,In Progress,High,False,,,
CA-00314,INS-JH-002-2240,,Repair roof supports,Repair roof supports को लागू किया जाना चाहिए,Environmental Team,2023-06-26,2023-08-08,2023-08-15,Completed,High,False,,,
CA-00315,INS-OD-001-4783,,Verify compliance,Verify compliance को लागू किया जाना चाहिए,Maintenance Team,2023-03-16,2023-04-28,,Overdue,High,False,,,Equipment unavailability
CA-00316,INS-JH-001-2160,,Install dust suppression,Install dust suppression को लागू किया जाना चाहिए,Maintenance Team,2023-06-04,2023-07-10,2023-07-11,Overdue,Medium,True,Rajesh Kumar,2023-07-12,Parts not available
CA-00317,INS-OD-001-3209,,Verify compliance,Verify compliance को लागू किया जाना चाहिए,Safety Team,2023-12-13,2024-01-22,2024-01-20,Completed,Low,True,Sita Devi,2024-01-21,
CA-00318,INS-OD-001-2066,INC-JH-002-167,Repair roof supports,Repair roof supports को लागू किया जाना चाहिए,Safety Team,2023-08-21,2023-10-03,2023-10-04,Escalated,Medium,True,Rajesh Kumar,2023-10-05,
CA-00319,INS-JH-001-2135,,Verify compliance,Verify compliance को लागू किया जाना चाहिए,Maintenance Team,2023-09-17,2023-11-05,,Overdue,High,False,,,Waiting for approval
CA-00320,INS-JH-002-3343,INC-OD-001-150,Conduct training,Conduct training को लागू किया जाना चाहिए,Environmental Team,2023-08-06,2023-09-06,2023-09-09,Rejected,Low,True,Sita Devi,2023-09-10,
CA-00321,INS-JH-002-1007,,Install dust suppression,Install dust suppression को लागू किया जाना चाहिए,Safety Team,2023-03-01,2023-03-14,,Open,Medium,False,,,
CA-00322,INS-JH-001-2781,INC-OD-001-214,Install dust suppression,Install dust suppression को लागू किया जाना चाहिए,Safety Team,2023-06-29,2023-08-08,2023-08-14,In Progress,Medium,True,Sita Devi,2023-08-15,
CA-00323,INS-JH-001-4879,,Conduct training,Conduct training को लागू किया जाना चाहिए,Maintenance Team,2023-08-11,2023-08-19,2023-08-22,Rejected,High,True,Sita Devi,2023-08-23,
CA-00324,INS-OD-001-0544,,Verify compliance,Verify compliance को लागू किया जाना चाहिए,Safety Team,2023-06-15,2023-07-20,2023-07-29,Overdue,Medium,True,Rajesh Kumar,2023-07-30,Parts not available
CA-00325,INS-OD-001-0098,,Verify compliance,Verify compliance को लागू किया जाना चाहिए,Maintenance Team,2023-11-28,2024-01-24,,Overdue,High,False,,,Waiting for approval
CA-00326,INS-JH-001-3811,,Verify compliance,Verify compliance को लागू किया जाना चाहिए,Safety Team,2023-05-09,2023-05-29,,Open,Critical,False,,,
CA-00327,INS-JH-002-2763,INC-JH-001-103,Repair roof supports,Repair roof supports को लागू किया जाना चाहिए,Maintenance Team,2023-05-29,2023-06-19,2023-06-29,Escalated,Medium,True,Sita Devi,2023-06-30,
CA-00328,INS-OD-001-2366,,Verify compliance,Verify compliance को लागू किया जाना चाहिए,Environmental Team,2023-04-25,2023-05-08,2023-05-14,In Progress,High,False,,,
CA-00329,INS-JH-001-3205,INC-OD-001-025,Install dust suppression,Install dust suppression को लागू किया जाना चाहिए,Safety Team,2023-09-24,2023-10-21,2023-10-20,Overdue,Medium,True,Rajesh Kumar,2023-10-21,Equipment unavailability
CA-00330,INS-JH-001-3645,INC-OD-001-173,Verify compliance,Verify compliance को लागू किया जाना चाहिए,Safety Team,2023-09-21,2023-11-11,2023-11-19,In Progress,Low,True,Sita Devi,2023-11-20,
CA-00331,INS-JH-001-0152,INC-JH-001-047,Verify compliance,Verify compliance को लागू किया जाना चाहिए,Safety Team,2023-09-19,2023-10-07,2023-10-14,In Progress,High,False,,,
CA-00332,INS-OD-001-4471,,Verify compliance,Verify compliance को लागू किया जाना चाहिए,Environmental Team,2023-08-14,2023-10-06,,Rejected,Low,False,,,
CA-00333,INS-OD-001-1035,,Conduct training,Conduct training को लागू किया जाना चाहिए,Environmental Team,2023-02-22,2023-04-19,,Open,High,False,,,
CA-00334,INS-OD-001-4411,,Repair roof supports,Repair roof supports को लागू किया जाना चाहिए,Safety Team,2023-08-01,2023-09-21,,In Progress,High,False,,,
CA-00335,INS-JH-002-3660,INC-OD-001-271,Verify compliance,Verify compliance को लागू किया जाना चाहिए,Environmental Team,2023-10-03,2023-11-27,,Completed,Critical,False,,,
CA-00336,INS-JH-002-2340,,Install dust suppression,Install dust suppression को लागू किया जाना चाहिए,Safety Team,2023-12-21,2024-02-16,2024-02-25,Completed,Critical,True,Rajesh Kumar,2024-02-26,
CA-00337,INS-JH-001-4916,,Verify compliance,Verify compliance को लागू किया जाना चाहिए,Maintenance Team,2023-03-07,2023-03-29,,Overdue,Low,False,,,Waiting for approval
CA-00338,INS-JH-001-2717,,Repair roof supports,Repair roof supports को लागू किया जाना चाहिए,Maintenance Team,2023-08-13,2023-09-04,2023-09-13,Overdue,Low,False,,,Equipment unavailability
CA-00339,INS-JH-002-2755,INC-OD-001-274,Verify compliance,Verify compliance को लागू किया जाना चाहिए,Maintenance Team,2023-04-21,2023-05-23,,In Progress,Medium,False,,,
CA-00340,INS-JH-001-3265,,Verify compliance,Verify compliance को लागू किया जाना चाहिए,Safety Team,2023-06-14,2023-08-08,2023-08-11,Escalated,High,False,,,
CA-00341,INS-JH-001-2317,,Install dust suppression,Install dust suppression को लागू किया जाना चाहिए,Environmental Team,2023-11-02,2023-12-15,2023-12-20,Overdue,Critical,True,Rajesh Kumar,2023-12-21,Waiting for approval
CA-00342,INS-OD-001-3326,INC-OD-001-200,Verify compliance,Verify compliance को लागू किया जाना चाहिए,Environmental Team,2023-04-15,2023-06-13,2023-06-13,Overdue,Medium,True,Rajesh Kumar,2023-06-14,Waiting for approval
CA-00343,INS-JH-002-4765,,Install dust suppression,Install dust suppression को लागू किया जाना चाहिए,Environmental Team,2023-10-18,2023-11-25,2023-11-25,Open,Critical,True,Rajesh Kumar,2023-11-26,
CA-00344,INS-OD-001-1994,,Install dust suppression,Install dust suppression को लागू किया जाना चाहिए,Maintenance Team,2023-04-07,2023-05-09,2023-05-12,Open,Medium,False,,,
CA-00345,INS-JH-002-1228,INC-OD-001-194,Conduct training,Conduct training को लागू किया जाना चाहिए,Safety Team,2023-09-04,2023-09-29,2023-10-04,Overdue,Medium,True,Rajesh Kumar,2023-10-05,Equipment unavailability
CA-00346,INS-OD-001-2695,,Conduct training,Conduct training को लागू किया जाना चाहिए,Environmental Team,2023-07-15,2023-08-20,2023-08-24,Rejected,Low,True,Sita Devi,2023-08-25,
CA-00347,INS-OD-001-2714,,Conduct training,Conduct training को लागू किया जाना चाहिए,Maintenance Team,2023-01-04,2023-01-12,,Rejected,Medium,False,,,
CA-00348,INS-JH-001-3710,INC-JH-001-152,Repair roof supports,Repair roof supports को लागू किया जाना चाहिए,Environmental Team,2023-05-26,2023-06-14,2023-06-10,Open,Medium,True,Sita Devi,2023-06-11,
CA-00349,INS-JH-001-2233,,Conduct training,Conduct training को लागू किया जाना चाहिए,Maintenance Team,2023-10-20,2023-11-21,2023-11-29,Completed,Critical,False,,,
CA-00350,INS-OD-001-2758,,Verify compliance,Verify compliance को लागू किया जाना चाहिए,Safety Team,2023-02-25,2023-03-15,2023-03-10,Overdue,Medium,False,,,Parts not available
CA-00351,INS-OD-001-4453,,Install dust suppression,Install dust suppression को लागू किया जाना चाहिए,Safety Team,2023-07-16,2023-07-23,,In Progress,Medium,False,,,
CA-00352,INS-OD-001-0291,,Install dust suppression,Install dust suppression को लागू किया जाना चाहिए,Maintenance Team,2023-04-08,2023-05-14,2023-05-09,Open,Critical,True,Rajesh Kumar,2023-05-10,
CA-00353,INS-OD-001-3351,,Repair roof supports,Repair roof supports को लागू किया जाना चाहिए,Environmental Team,2023-04-29,2023-06-10,2023-06-16,Completed,High,False,,,
CA-00354,INS-OD-001-4807,,Install dust suppression,Install dust suppression को लागू किया जाना चाहिए,Maintenance Team,2023-12-19,2024-02-09,2024-02-08,Escalated,Medium,True,Sita Devi,2024-02-09,
CA-00355,INS-JH-002-4854,,Install dust suppression,Install dust suppression को लागू किया जाना चाहिए,Environmental Team,2023-07-16,2023-09-14,,Rejected,High,False,,,
CA-00356,INS-JH-002-0449,,Repair roof supports,Repair roof supports को लागू किया जाना चाहिए,Safety Team,2023-05-11,2023-05-18,2023-05-25,Completed,Low,True,Rajesh Kumar,2023-05-26,
CA-00357,INS-JH-001-4172,,Repair roof supports,Repair roof supports को लागू किया जाना चाहिए,Safety Team,2023-02-27,2023-03-20,2023-03-20,Escalated,High,False,,,
CA-00358,INS-JH-001-1042,,Repair roof supports,Repair roof supports को लागू किया जाना चाहिए,Environmental Team,2023-03-22,2023-05-14,2023-05-12,In Progress,Medium,True,Sita Devi,2023-05-13,
CA-00359,INS-OD-001-0987,,Repair roof supports,Repair roof supports को लागू किया जाना चाहिए,Safety Team,2023-04-30,2023-05-27,,In Progress,Low,False,,,
CA-00360,INS-OD-001-0695,,Install dust suppression,Install dust suppression को लागू किया जाना चाहिए,Maintenance Team,2023-12-20,2024-02-13,,Rejected,High,False,,,
CA-00361,INS-JH-001-0753,,Verify compliance,Verify compliance को लागू किया जाना चाहिए,Environmental Team,2023-11-25,2023-12-21,2023-12-21,Escalated,Low,True,Rajesh Kumar,2023-12-22,
CA-00362,INS-OD-001-2652,INC-OD-001-156,Install dust suppression,Install dust suppression को लागू किया जाना चाहिए,Environmental Team,2023-10-20,2023-11-25,2023-11-22,Overdue,Critical,False,,,Waiting for approval
CA-00363,INS-JH-001-4871,INC-OD-001-053,Install dust suppression,Install dust suppression को लागू किया जाना चाहिए,Safety Team,2023-05-22,2023-07-19,2023-07-17,Overdue,Critical,True,Rajesh Kumar,2023-07-18,Waiting for approval
CA-00364,INS-JH-002-0899,INC-JH-001-155,Repair roof supports,Repair roof supports को लागू किया जाना चाहिए,Maintenance Team,2023-07-28,2023-08-20,2023-08-27,In Progress,Low,True,Rajesh Kumar,2023-08-28,
CA-00365,INS-OD-001-1446,INC-JH-001-222,Conduct training,Conduct training को लागू किया जाना चाहिए,Maintenance Team,2023-11-28,2024-01-18,2024-01-19,Rejected,Critical,False,,,
CA-00366,INS-OD-001-1035,,Conduct training,Conduct training को लागू किया जाना चाहिए,Safety Team,2023-06-29,2023-08-01,2023-08-10,Rejected,Low,True,Sita Devi,2023-08-11,
CA-00367,INS-JH-002-0588,INC-JH-001-238,Conduct training,Conduct training को लागू किया जाना चाहिए,Safety Team,2023-12-28,2024-01-05,,Open,High,False,,,
CA-00368,INS-JH-002-1070,,Repair roof supports,Repair roof supports को लागू किया जाना चाहिए,Maintenance Team,2023-11-29,2024-01-22,,Escalated,Critical,False,,,
CA-00369,INS-JH-002-1620,,Verify compliance,Verify compliance को लागू किया जाना चाहिए,Environmental Team,2023-09-18,2023-10-25,2023-11-02,Open,Medium,True,Rajesh Kumar,2023-11-03,
CA-00370,INS-OD-001-1118,INC-JH-001-279,Conduct training,Conduct training को लागू किया जाना चाहिए,Safety Team,2023-01-24,2023-02-17,,Overdue,Low,False,,,Parts not available
CA-00371,INS-OD-001-2095,,Install dust suppression,Install dust suppression को लागू किया जाना चाहिए,Maintenance Team,2023-06-13,2023-08-09,2023-08-08,In Progress,High,True,Sita Devi,2023-08-09,
CA-00372,INS-OD-001-0943,,Install dust suppression,Install dust suppression को लागू किया जाना चाहिए,Safety Team,2023-01-07,2023-02-01,2023-02-01,Escalated,Critical,True,Sita Devi,2023-02-02,
CA-00373,INS-JH-002-0292,,Verify compliance,Verify compliance को लागू किया जाना चाहिए,Safety Team,2023-11-10,2024-01-05,2024-01-03,Overdue,Medium,True,Rajesh Kumar,2024-01-04,Parts not available
CA-00374,INS-OD-001-4205,,Repair roof supports,Repair roof supports को लागू किया जाना चाहिए,Maintenance Team,2023-05-19,2023-06-17,,Rejected,High,False,,,
CA-00375,INS-JH-001-1134,,Verify compliance,Verify compliance को लागू किया जाना चाहिए,Environmental Team,2023-09-19,2023-11-06,,Open,Low,False,,,
CA-00376,INS-JH-001-0410,,Repair roof supports,Repair roof supports को लागू किया जाना चाहिए,Maintenance Team,2023-11-26,2023-12-26,2023-12-31,Rejected,Low,True,Sita Devi,2024-01-01,
CA-00377,INS-JH-002-0425,,Conduct training,Conduct training को लागू किया जाना चाहिए,Safety Team,2023-07-02,2023-08-24,2023-08-30,Open,Critical,True,Rajesh Kumar,2023-08-31,
CA-00378,INS-OD-001-2832,INC-JH-002-152,Conduct training,Conduct training को लागू किया जाना चाहिए,Environmental Team,2023-12-25,2024-02-06,2024-02-05,Escalated,Low,True,Sita Devi,2024-02-06,
CA-00379,INS-JH-002-2993,,Install dust suppression,Install dust suppression को लागू किया जाना चाहिए,Maintenance Team,2023-09-27,2023-10-17,,Open,Critical,False,,,
CA-00380,INS-OD-001-2334,INC-OD-001-151,Conduct training,Conduct training को लागू किया जाना चाहिए,Maintenance Team,2023-04-05,2023-06-04,2023-06-03,Rejected,High,True,Sita Devi,2023-06-04,
CA-00381,INS-JH-002-1273,,Verify compliance,Verify compliance को लागू किया जाना चाहिए,Environmental Team,2023-04-23,2023-04-30,2023-05-05,Escalated,High,False,,,
CA-00382,INS-JH-002-3617,,Verify compliance,Verify compliance को लागू किया जाना चाहिए,Environmental Team,2023-05-26,2023-06-06,2023-06-07,Rejected,Medium,True,Rajesh Kumar,2023-06-08,
CA-00383,INS-JH-001-2756,INC-OD-001-083,Conduct training,Conduct training को लागू किया जाना चाहिए,Maintenance Team,2023-03-26,2023-04-08,,Rejected,High,False,,,
CA-00384,INS-JH-001-0863,INC-JH-002-193,Conduct training,Conduct training को लागू किया जाना चाहिए,Safety Team,2023-07-19,2023-08-09,2023-08-17,In Progress,Low,False,,,
CA-00385,INS-OD-001-2420,INC-JH-001-104,Conduct training,Conduct training को लागू किया जाना चाहिए,Environmental Team,2023-01-21,2023-02-02,2023-02-06,Open,Critical,True,Sita Devi,2023-02-07,
CA-00386,INS-JH-002-3305,,Install dust suppression,Install dust suppression को लागू किया जाना चाहिए,Safety Team,2023-07-19,2023-09-10,2023-09-11,Completed,Medium,True,Rajesh Kumar,2023-09-12,
CA-00387,INS-OD-001-3139,INC-JH-002-243,Verify compliance,Verify compliance को लागू किया जाना चाहिए,Safety Team,2023-12-25,2024-01-07,2024-01-05,Overdue,High,True,Sita Devi,2024-01-06,Parts not available
CA-00388,INS-JH-002-3294,,Verify compliance,Verify compliance को लागू किया जाना चाहिए,Maintenance Team,2023-05-05,2023-06-05,2023-06-12,Open,Critical,False,,,
CA-00389,INS-JH-001-3461,,Verify compliance,Verify compliance को लागू किया जाना चाहिए,Safety Team,2023-10-20,2023-11-20,2023-11-20,Completed,Critical,True,Rajesh Kumar,2023-11-21,
CA-00390,INS-JH-002-2322,,Repair roof supports,Repair roof supports को लागू किया जाना चाहिए,Environmental Team,2023-06-11,2023-06-23,2023-06-23,Escalated,Medium,True,Sita Devi,2023-06-24,
CA-00391,INS-JH-002-3665,,Install dust suppression,Install dust suppression को लागू किया जाना चाहिए,Safety Team,2023-04-21,2023-05-12,2023-05-20,Escalated,Low,False,,,
CA-00392,INS-JH-002-4406,INC-JH-002-197,Install dust suppression,Install dust suppression को लागू किया जाना चाहिए,Safety Team,2023-04-20,2023-05-15,2023-05-20,Open,Medium,True,Rajesh Kumar,2023-05-21,
CA-00393,INS-JH-002-2970,INC-OD-001-277,Install dust suppression,Install dust suppression को लागू किया जाना चाहिए,Environmental Team,2023-12-14,2024-01-15,,Completed,Critical,False,,,
CA-00394,INS-JH-002-3084,,Conduct training,Conduct training को लागू किया जाना चाहिए,Safety Team,2023-07-20,2023-08-15,2023-08-10,In Progress,Critical,True,Rajesh Kumar,2023-08-11,
CA-00395,INS-OD-001-1385,INC-JH-001-276,Verify compliance,Verify compliance को लागू किया जाना चाहिए,Safety Team,2023-04-02,2023-04-18,2023-04-17,Open,Critical,False,,,
CA-00396,INS-JH-002-2758,INC-JH-002-235,Repair roof supports,Repair roof supports को लागू किया जाना चाहिए,Environmental Team,2023-01-29,2023-03-01,2023-02-25,Overdue,Medium,True,Sita Devi,2023-02-26,Equipment unavailability
CA-00397,INS-OD-001-1600,,Verify compliance,Verify compliance को लागू किया जाना चाहिए,Safety Team,2023-02-08,2023-03-03,2023-03-11,Overdue,High,True,Sita Devi,2023-03-12,Waiting for approval
CA-00398,INS-JH-001-3414,,Repair roof supports,Repair roof supports को लागू किया जाना चाहिए,Maintenance Team,2023-07-22,2023-08-05,2023-08-04,In Progress,High,True,Sita Devi,2023-08-05,
CA-00399,INS-JH-002-3675,,Conduct training,Conduct training को लागू किया जाना चाहिए,Environmental Team,2023-02-14,2023-03-22,2023-03-22,Overdue,Low,True,Rajesh Kumar,2023-03-23,Equipment unavailability
CA-00400,INS-OD-001-4878,INC-JH-002-245,Install dust suppression,Install dust suppression को लागू किया जाना चाहिए,Environmental Team,2023-05-06,2023-05-26,2023-05-21,Overdue,Low,False,,,Equipment unavailability
CA-00401,INS-OD-001-0950,,Verify compliance,Verify compliance को लागू किया जाना चाहिए,Safety Team,2023-01-05,2023-02-02,,In Progress,Low,False,,,
CA-00402,INS-JH-002-0710,,Repair roof supports,Repair roof supports को लागू किया जाना चाहिए,Environmental Team,2023-12-13,2024-01-13,,Rejected,Critical,False,,,
CA-00403,INS-JH-002-4486,INC-JH-002-214,Install dust suppression,Install dust suppression को लागू किया जाना चाहिए,Maintenance Team,2023-01-22,2023-03-23,,Rejected,Critical,False,,,
CA-00404,INS-OD-001-3154,,Install dust suppression,Install dust suppression को लागू किया जाना चाहिए,Safety Team,2023-01-29,2023-03-28,,Completed,Low,False,,,
CA-00405,INS-JH-001-3245,,Install dust suppression,Install dust suppression को लागू किया जाना चाहिए,Maintenance Team,2023-01-02,2023-02-03,,Completed,High,False,,,
CA-00406,INS-JH-002-0723,,Install dust suppression,Install dust suppression को लागू किया जाना चाहिए,Safety Team,2023-09-21,2023-11-17,,Rejected,Low,False,,,
CA-00407,INS-OD-001-3920,INC-OD-001-299,Verify compliance,Verify compliance को लागू किया जाना चाहिए,Safety Team,2023-09-29,2023-11-20,2023-11-16,In Progress,High,True,Rajesh Kumar,2023-11-17,
CA-00408,INS-OD-001-3767,,Repair roof supports,Repair roof supports को लागू किया जाना चाहिए,Environmental Team,2023-11-04,2023-12-19,2023-12-28,Rejected,Medium,True,Sita Devi,2023-12-29,
CA-00409,INS-JH-002-2202,,Install dust suppression,Install dust suppression को लागू किया जाना चाहिए,Safety Team,2023-08-13,2023-10-10,,Open,Low,False,,,
CA-00410,INS-OD-001-2641,,Install dust suppression,Install dust suppression को लागू किया जाना चाहिए,Safety Team,2023-12-25,2024-01-23,2024-02-01,Escalated,Medium,True,Sita Devi,2024-02-02,
CA-00411,INS-OD-001-3292,,Verify compliance,Verify compliance को लागू किया जाना चाहिए,Maintenance Team,2023-01-25,2023-02-23,,Rejected,Low,False,,,
CA-00412,INS-JH-002-4796,,Install dust suppression,Install dust suppression को लागू किया जाना चाहिए,Safety Team,2023-05-05,2023-05-24,2023-05-25,Rejected,High,True,Rajesh Kumar,2023-05-26,
CA-00413,INS-JH-002-4679,INC-JH-002-230,Install dust suppression,Install dust suppression को लागू किया जाना चाहिए,Environmental Team,2023-11-20,2023-11-30,2023-12-05,Escalated,Low,True,Rajesh Kumar,2023-12-06,
CA-00414,INS-JH-002-1674,,Verify compliance,Verify compliance को लागू किया जाना चाहिए,Maintenance Team,2023-11-09,2023-11-27,,Completed,Critical,False,,,
CA-00415,INS-JH-001-2146,INC-JH-001-190,Verify compliance,Verify compliance को लागू किया जाना चाहिए,Maintenance Team,2023-03-30,2023-04-07,2023-04-12,Overdue,High,True,Rajesh Kumar,2023-04-13,Equipment unavailability
CA-00416,INS-OD-001-4382,,Verify compliance,Verify compliance को लागू किया जाना चाहिए,Environmental Team,2023-04-06,2023-05-16,2023-05-15,Escalated,Critical,False,,,
CA-00417,INS-JH-002-3032,,Conduct training,Conduct training को लागू किया जाना चाहिए,Maintenance Team,2023-03-03,2023-04-22,2023-05-02,Overdue,Low,True,Rajesh Kumar,2023-05-03,Waiting for approval
CA-00418,INS-OD-001-3160,,Verify compliance,Verify compliance को लागू किया जाना चाहिए,Safety Team,2023-06-06,2023-06-29,,Completed,Medium,False,,,
CA-00419,INS-OD-001-4038,INC-JH-002-058,Conduct training,Conduct training को लागू किया जाना चाहिए,Environmental Team,2023-11-26,2024-01-25,2024-01-27,Overdue,Low,True,Rajesh Kumar,2024-01-28,Equipment unavailability
CA-00420,INS-OD-001-0646,INC-OD-001-084,Repair roof supports,Repair roof supports को लागू किया जाना चाहिए,Maintenance Team,2023-04-03,2023-04-22,,Overdue,Critical,False,,,Waiting for approval
CA-00421,INS-JH-002-3615,,Install dust suppression,Install dust suppression को लागू किया जाना चाहिए,Environmental Team,2023-02-14,2023-03-19,2023-03-15,In Progress,High,False,,,
CA-00422,INS-OD-001-2227,INC-JH-001-205,Repair roof supports,Repair roof supports को लागू किया जाना चाहिए,Environmental Team,2023-11-09,2023-12-07,2023-12-02,Completed,Medium,False,,,
CA-00423,INS-OD-001-2705,INC-JH-001-040,Verify compliance,Verify compliance को लागू किया जाना चाहिए,Environmental Team,2023-10-13,2023-12-06,,In Progress,Low,False,,,
CA-00424,INS-JH-002-2019,,Verify compliance,Verify compliance को लागू किया जाना चाहिए,Environmental Team,2023-06-27,2023-08-06,2023-08-07,Escalated,High,True,Sita Devi,2023-08-08,
CA-00425,INS-JH-002-3271,,Repair roof supports,Repair roof supports को लागू किया जाना चाहिए,Maintenance Team,2023-01-14,2023-03-09,2023-03-19,Open,Medium,True,Sita Devi,2023-03-20,
CA-00426,INS-JH-002-2381,INC-JH-002-119,Conduct training,Conduct training को लागू किया जाना चाहिए,Maintenance Team,2023-09-26,2023-11-05,2023-11-11,Escalated,Critical,False,,,
CA-00427,INS-JH-002-2762,INC-JH-002-084,Repair roof supports,Repair roof supports को लागू किया जाना चाहिए,Safety Team,2023-11-21,2023-12-30,2024-01-09,Escalated,High,False,,,
CA-00428,INS-JH-001-4763,,Install dust suppression,Install dust suppression को लागू किया जाना चाहिए,Safety Team,2023-05-25,2023-07-14,2023-07-17,Escalated,Medium,False,,,
CA-00429,INS-JH-001-4269,INC-JH-002-026,Install dust suppression,Install dust suppression को लागू किया जाना चाहिए,Environmental Team,2023-08-28,2023-09-27,2023-09-29,Rejected,Medium,True,Sita Devi,2023-09-30,
CA-00430,INS-JH-002-3699,INC-JH-002-005,Install dust suppression,Install dust suppression को लागू किया जाना चाहिए,Environmental Team,2023-05-10,2023-05-28,2023-05-30,Rejected,Critical,True,Sita Devi,2023-05-31,
CA-00431,INS-JH-002-4306,INC-OD-001-154,Repair roof supports,Repair roof supports को लागू किया जाना चाहिए,Environmental Team,2023-04-21,2023-06-17,2023-06-12,Escalated,High,False,,,
CA-00432,INS-JH-002-1895,,Install dust suppression,Install dust suppression को लागू किया जाना चाहिए,Environmental Team,2023-07-18,2023-08-25,2023-08-28,Overdue,Low,True,Sita Devi,2023-08-29,Parts not available
CA-00433,INS-JH-002-1075,,Conduct training,Conduct training को लागू किया जाना चाहिए,Environmental Team,2023-04-06,2023-04-29,2023-05-03,Rejected,Low,True,Sita Devi,2023-05-04,
CA-00434,INS-JH-002-4685,,Repair roof supports,Repair roof supports को लागू किया जाना चाहिए,Maintenance Team,2023-12-31,2024-01-09,2024-01-19,Overdue,Critical,True,Sita Devi,2024-01-20,Parts not available
CA-00435,INS-JH-001-4504,INC-JH-001-197,Conduct training,Conduct training को लागू किया जाना चाहिए,Environmental Team,2023-09-13,2023-09-24,,Escalated,Critical,False,,,
CA-00436,INS-OD-001-3708,INC-OD-001-061,Install dust suppression,Install dust suppression को लागू किया जाना चाहिए,Safety Team,2023-07-25,2023-08-27,,In Progress,Critical,False,,,
CA-00437,INS-JH-002-3465,,Install dust suppression,Install dust suppression को लागू किया जाना चाहिए,Maintenance Team,2023-06-24,2023-08-18,2023-08-28,Rejected,Critical,True,Rajesh Kumar,2023-08-29,
CA-00438,INS-JH-002-3937,,Verify compliance,Verify compliance को लागू किया जाना चाहिए,Safety Team,2023-08-24,2023-09-13,2023-09-08,In Progress,Medium,True,Rajesh Kumar,2023-09-09,
CA-00439,INS-OD-001-1364,,Verify compliance,Verify compliance को लागू किया जाना चाहिए,Maintenance Team,2023-07-03,2023-07-27,2023-07-31,Completed,Low,True,Sita Devi,2023-08-01,
CA-00440,INS-JH-001-4900,,Repair roof supports,Repair roof supports को लागू किया जाना चाहिए,Environmental Team,2023-03-23,2023-04-29,2023-04-28,Rejected,Low,True,Rajesh Kumar,2023-04-29,
CA-00441,INS-JH-002-0898,,Verify compliance,Verify compliance को लागू किया जाना चाहिए,Maintenance Team,2023-03-26,2023-04-14,,Rejected,Low,False,,,
CA-00442,INS-OD-001-2012,,Verify compliance,Verify compliance को लागू किया जाना चाहिए,Maintenance Team,2023-03-07,2023-03-31,,Overdue,High,False,,,Waiting for approval
CA-00443,INS-OD-001-0802,,Repair roof supports,Repair roof supports को लागू किया जाना चाहिए,Safety Team,2023-10-21,2023-11-21,2023-11-30,Open,High,False,,,
CA-00444,INS-JH-002-3619,,Install dust suppression,Install dust suppression को लागू किया जाना चाहिए,Safety Team,2023-04-14,2023-04-28,2023-04-29,Rejected,Low,True,Sita Devi,2023-04-30,
CA-00445,INS-JH-001-3807,,Verify compliance,Verify compliance को लागू किया जाना चाहिए,Maintenance Team,2023-02-17,2023-03-29,2023-03-26,Rejected,Medium,True,Sita Devi,2023-03-27,
CA-00446,INS-OD-001-2200,,Repair roof supports,Repair roof supports को लागू किया जाना चाहिए,Safety Team,2023-11-25,2024-01-16,2024-01-18,Completed,Critical,False,,,
CA-00447,INS-OD-001-1740,,Conduct training,Conduct training को लागू किया जाना चाहिए,Maintenance Team,2023-09-18,2023-11-14,2023-11-18,In Progress,Low,False,,,
CA-00448,INS-JH-002-2057,INC-JH-001-258,Verify compliance,Verify compliance को लागू किया जाना चाहिए,Safety Team,2023-08-28,2023-10-16,2023-10-25,Completed,Medium,True,Sita Devi,2023-10-26,
CA-00449,INS-JH-002-4592,,Conduct training,Conduct training को लागू किया जाना चाहिए,Safety Team,2023-11-27,2023-12-17,2023-12-16,Escalated,High,True,Rajesh Kumar,2023-12-17,
CA-00450,INS-OD-001-1662,,Repair roof supports,Repair roof supports को लागू किया जाना चाहिए,Maintenance Team,2023-07-22,2023-09-09,2023-09-05,Rejected,Low,True,Sita Devi,2023-09-06,
CA-00451,INS-JH-002-2348,,Install dust suppression,Install dust suppression को लागू किया जाना चाहिए,Maintenance Team,2023-01-13,2023-02-22,,Overdue,Medium,False,,,Waiting for approval
CA-00452,INS-JH-001-4684,INC-JH-001-162,Verify compliance,Verify compliance को लागू किया जाना चाहिए,Environmental Team,2023-09-17,2023-10-21,2023-10-24,Escalated,High,True,Rajesh Kumar,2023-10-25,
CA-00453,INS-OD-001-3549,,Repair roof supports,Repair roof supports को लागू किया जाना चाहिए,Maintenance Team,2023-06-10,2023-06-26,2023-07-05,Open,Low,False,,,
CA-00454,INS-JH-001-3086,,Conduct training,Conduct training को लागू किया जाना चाहिए,Safety Team,2023-07-10,2023-07-26,2023-07-23,Escalated,Medium,True,Sita Devi,2023-07-24,
CA-00455,INS-JH-002-1259,,Repair roof supports,Repair roof supports को लागू किया जाना चाहिए,Safety Team,2023-08-01,2023-09-28,,Rejected,Medium,False,,,
CA-00456,INS-JH-001-3473,,Conduct training,Conduct training को लागू किया जाना चाहिए,Safety Team,2023-07-07,2023-08-09,2023-08-17,Overdue,Low,True,Sita Devi,2023-08-18,Equipment unavailability
CA-00457,INS-JH-002-0386,,Install dust suppression,Install dust suppression को लागू किया जाना चाहिए,Environmental Team,2023-07-11,2023-09-01,2023-09-11,Completed,Medium,True,Rajesh Kumar,2023-09-12,
CA-00458,INS-JH-002-3712,,Repair roof supports,Repair roof supports को लागू किया जाना चाहिए,Safety Team,2023-02-17,2023-03-02,2023-02-27,Escalated,High,True,Sita Devi,2023-02-28,
CA-00459,INS-OD-001-0876,,Verify compliance,Verify compliance को लागू किया जाना चाहिए,Environmental Team,2023-02-11,2023-03-22,2023-03-27,Rejected,Low,True,Rajesh Kumar,2023-03-28,
CA-00460,INS-OD-001-3518,,Repair roof supports,Repair roof supports को लागू किया जाना चाहिए,Safety Team,2023-09-23,2023-10-17,,Escalated,Critical,False,,,
CA-00461,INS-JH-002-3907,,Verify compliance,Verify compliance को लागू किया जाना चाहिए,Maintenance Team,2023-02-24,2023-03-03,2023-02-26,Completed,Critical,True,Rajesh Kumar,2023-02-27,
CA-00462,INS-OD-001-2388,,Conduct training,Conduct training को लागू किया जाना चाहिए,Safety Team,2023-09-22,2023-10-20,2023-10-16,Open,Medium,True,Rajesh Kumar,2023-10-17,
CA-00463,INS-OD-001-3416,INC-JH-001-155,Verify compliance,Verify compliance को लागू किया जाना चाहिए,Maintenance Team,2023-10-29,2023-11-10,,Overdue,High,False,,,Parts not available
CA-00464,INS-OD-001-1591,,Verify compliance,Verify compliance को लागू किया जाना चाहिए,Maintenance Team,2023-05-02,2023-05-16,2023-05-19,Overdue,Low,True,Rajesh Kumar,2023-05-20,Parts not available
CA-00465,INS-OD-001-0148,INC-JH-002-081,Repair roof supports,Repair roof supports को लागू किया जाना चाहिए,Safety Team,2023-07-18,2023-08-31,,In Progress,Critical,False,,,
CA-00466,INS-JH-001-1902,,Install dust suppression,Install dust suppression को लागू किया जाना चाहिए,Safety Team,2023-09-18,2023-11-16,2023-11-18,Open,Medium,True,Sita Devi,2023-11-19,
CA-00467,INS-JH-001-4115,,Install dust suppression,Install dust suppression को लागू किया जाना चाहिए,Maintenance Team,2023-03-03,2023-04-16,2023-04-21,In Progress,High,True,Rajesh Kumar,2023-04-22,
CA-00468,INS-OD-001-2861,INC-JH-001-220,Repair roof supports,Repair roof supports को लागू किया जाना चाहिए,Safety Team,2023-05-25,2023-06-29,2023-06-28,Completed,High,True,Rajesh Kumar,2023-06-29,
CA-00469,INS-OD-001-4266,,Install dust suppression,Install dust suppression को लागू किया जाना चाहिए,Environmental Team,2023-04-21,2023-05-11,2023-05-21,In Progress,Medium,True,Rajesh Kumar,2023-05-22,
CA-00470,INS-OD-001-1844,,Verify compliance,Verify compliance को लागू किया जाना चाहिए,Safety Team,2023-06-06,2023-06-18,2023-06-28,Open,High,True,Sita Devi,2023-06-29,
CA-00471,INS-JH-002-0221,INC-JH-002-153,Verify compliance,Verify compliance को लागू किया जाना चाहिए,Safety Team,2023-06-30,2023-07-19,,Open,Medium,False,,,
CA-00472,INS-OD-001-0333,INC-JH-001-081,Conduct training,Conduct training को लागू किया जाना चाहिए,Environmental Team,2023-11-11,2023-11-25,,Open,Low,False,,,
CA-00473,INS-JH-001-3867,INC-JH-002-264,Verify compliance,Verify compliance को लागू किया जाना चाहिए,Safety Team,2023-07-02,2023-08-25,,Overdue,Low,False,,,Parts not available
CA-00474,INS-JH-002-2801,,Conduct training,Conduct training को लागू किया जाना चाहिए,Maintenance Team,2023-09-12,2023-10-12,,In Progress,Critical,False,,,
CA-00475,INS-JH-002-4715,INC-JH-001-231,Repair roof supports,Repair roof supports को लागू किया जाना चाहिए,Safety Team,2023-06-09,2023-07-03,2023-07-13,Escalated,Low,False,,,
CA-00476,INS-JH-001-3094,INC-JH-002-038,Conduct training,Conduct training को लागू किया जाना चाहिए,Environmental Team,2023-11-23,2023-12-15,2023-12-15,Open,Low,True,Rajesh Kumar,2023-12-16,
CA-00477,INS-JH-002-4186,,Conduct training,Conduct training को लागू किया जाना चाहिए,Environmental Team,2023-01-27,2023-02-11,2023-02-06,Rejected,High,False,,,
CA-00478,INS-OD-001-4991,,Verify compliance,Verify compliance को लागू किया जाना चाहिए,Environmental Team,2023-05-14,2023-05-23,,Overdue,High,False,,,Parts not available
CA-00479,INS-JH-002-4561,INC-JH-002-114,Verify compliance,Verify compliance को लागू किया जाना चाहिए,Safety Team,2023-11-08,2023-11-23,,Open,Low,False,,,
CA-00480,INS-OD-001-4914,,Install dust suppression,Install dust suppression को लागू किया जाना चाहिए,Environmental Team,2023-01-12,2023-02-06,2023-02-16,Rejected,High,True,Sita Devi,2023-02-17,
CA-00481,INS-JH-001-2688,INC-JH-002-300,Conduct training,Conduct training को लागू किया जाना चाहिए,Environmental Team,2023-01-07,2023-02-09,2023-02-11,Completed,Critical,True,Rajesh Kumar,2023-02-12,
CA-00482,INS-JH-002-0088,INC-JH-001-010,Conduct training,Conduct training को लागू किया जाना चाहिए,Maintenance Team,2023-01-30,2023-03-27,2023-04-06,Open,High,False,,,
CA-00483,INS-JH-001-4556,INC-JH-002-248,Conduct training,Conduct training को लागू किया जाना चाहिए,Maintenance Team,2023-10-13,2023-11-28,2023-12-02,Overdue,Critical,True,Rajesh Kumar,2023-12-03,Equipment unavailability
CA-00484,INS-OD-001-0963,,Conduct training,Conduct training को लागू किया जाना चाहिए,Safety Team,2023-02-02,2023-03-07,,Escalated,Medium,False,,,
CA-00485,INS-OD-001-4332,,Repair roof supports,Repair roof supports को लागू किया जाना चाहिए,Safety Team,2023-08-25,2023-09-01,,Overdue,High,False,,,Waiting for approval
CA-00486,INS-OD-001-3401,,Repair roof supports,Repair roof supports को लागू किया जाना चाहिए,Environmental Team,2023-12-18,2024-02-08,2024-02-18,Escalated,High,True,Rajesh Kumar,2024-02-19,
CA-00487,INS-OD-001-4440,,Repair roof supports,Repair roof supports को लागू किया जाना चाहिए,Environmental Team,2023-12-18,2024-01-06,,Overdue,High,False,,,Parts not available
CA-00488,INS-JH-002-4500,,Install dust suppression,Install dust suppression को लागू किया जाना चाहिए,Safety Team,2023-06-12,2023-07-24,,Escalated,Medium,False,,,
CA-00489,INS-JH-001-1674,INC-JH-001-012,Verify compliance,Verify compliance को लागू किया जाना चाहिए,Safety Team,2023-07-25,2023-08-12,,Escalated,Critical,False,,,
CA-00490,INS-OD-001-4107,,Install dust suppression,Install dust suppression को लागू किया जाना चाहिए,Environmental Team,2023-11-18,2023-12-14,2023-12-09,In Progress,Medium,True,Rajesh Kumar,2023-12-10,
CA-00491,INS-OD-001-4186,,Repair roof supports,Repair roof supports को लागू किया जाना चाहिए,Safety Team,2023-06-09,2023-08-03,2023-08-02,Rejected,Low,False,,,
CA-00492,INS-JH-002-0880,,Repair roof supports,Repair roof supports को लागू किया जाना चाहिए,Maintenance Team,2023-08-09,2023-09-05,2023-09-02,Escalated,Critical,True,Rajesh Kumar,2023-09-03,
CA-00493,INS-JH-002-3836,,Verify compliance,Verify compliance को लागू किया जाना चाहिए,Maintenance Team,2023-08-01,2023-09-10,,In Progress,Low,False,,,
CA-00494,INS-JH-001-1217,INC-JH-001-218,Install dust suppression,Install dust suppression को लागू किया जाना चाहिए,Maintenance Team,2023-02-05,2023-03-24,,Escalated,Low,False,,,
CA-00495,INS-JH-001-0136,,Install dust suppression,Install dust suppression को लागू किया जाना चाहिए,Maintenance Team,2023-11-19,2023-12-05,,In Progress,High,False,,,
CA-00496,INS-OD-001-3403,,Repair roof supports,Repair roof supports को लागू किया जाना चाहिए,Maintenance Team,2023-01-31,2023-02-11,,Escalated,High,False,,,
CA-00497,INS-JH-001-2851,INC-JH-001-296,Install dust suppression,Install dust suppression को लागू किया जाना चाहिए,Maintenance Team,2023-11-08,2023-12-25,2023-12-23,Completed,Low,True,Sita Devi,2023-12-24,
CA-00498,INS-OD-001-1011,,Install dust suppression,Install dust suppression को लागू किया जाना चाहिए,Safety Team,2023-01-12,2023-03-02,2023-02-28,In Progress,Medium,True,Sita Devi,2023-03-01,
CA-00499,INS-JH-001-0622,,Repair roof supports,Repair roof supports को लागू किया जाना चाहिए,Environmental Team,2023-08-22,2023-10-17,2023-10-22,Open,Medium,True,Rajesh Kumar,2023-10-23,
CA-00500,INS-JH-001-4638,,Verify compliance,Verify compliance को लागू किया जाना चाहिए,Maintenance Team,2023-10-13,2023-10-20,2023-10-18,Completed,Medium,True,Rajesh Kumar,2023-10-19,
CA-00501,INS-OD-001-0764,,Conduct training,Conduct training को लागू किया जाना चाहिए,Maintenance Team,2023-06-05,2023-06-19,,Escalated,Low,False,,,
CA-00502,INS-JH-002-3355,,Conduct training,Conduct training को लागू किया जाना चाहिए,Environmental Team,2023-04-27,2023-06-23,2023-06-25,Completed,Low,True,Sita Devi,2023-06-26,
CA-00503,INS-JH-002-1867,INC-OD-001-095,Conduct training,Conduct training को लागू किया जाना चाहिए,Safety Team,2023-11-11,2023-12-27,2024-01-02,In Progress,Medium,True,Sita Devi,2024-01-03,
CA-00504,INS-JH-002-2766,,Install dust suppression,Install dust suppression को लागू किया जाना चाहिए,Safety Team,2023-10-09,2023-10-28,2023-11-05,In Progress,Critical,True,Sita Devi,2023-11-06,
CA-00505,INS-JH-001-3024,,Conduct training,Conduct training को लागू किया जाना चाहिए,Environmental Team,2023-10-10,2023-10-21,,Completed,High,False,,,
CA-00506,INS-JH-001-3858,INC-JH-002-232,Conduct training,Conduct training को लागू किया जाना चाहिए,Safety Team,2023-08-07,2023-09-10,2023-09-19,Open,Low,True,Sita Devi,2023-09-20,
CA-00507,INS-JH-001-0277,,Install dust suppression,Install dust suppression को लागू किया जाना चाहिए,Maintenance Team,2023-01-11,2023-02-17,,Escalated,High,False,,,
CA-00508,INS-JH-002-4334,,Install dust suppression,Install dust suppression को लागू किया जाना चाहिए,Safety Team,2023-11-15,2024-01-14,2024-01-09,Open,Critical,True,Sita Devi,2024-01-10,
CA-00509,INS-JH-001-3514,,Install dust suppression,Install dust suppression को लागू किया जाना चाहिए,Environmental Team,2023-06-12,2023-07-04,,Overdue,High,False,,,Waiting for approval
CA-00510,INS-JH-002-2438,INC-JH-001-133,Conduct training,Conduct training को लागू किया जाना चाहिए,Safety Team,2023-05-02,2023-06-26,2023-06-29,Overdue,Medium,True,Rajesh Kumar,2023-06-30,Parts not available
CA-00511,INS-JH-001-4890,INC-JH-001-300,Install dust suppression,Install dust suppression को लागू किया जाना चाहिए,Environmental Team,2023-04-27,2023-06-07,2023-06-09,In Progress,High,True,Sita Devi,2023-06-10,
CA-00512,INS-JH-001-2613,INC-JH-001-294,Repair roof supports,Repair roof supports को लागू किया जाना चाहिए,Safety Team,2023-08-25,2023-10-01,2023-10-10,Open,Medium,True,Sita Devi,2023-10-11,
CA-00513,INS-JH-001-3214,,Install dust suppression,Install dust suppression को लागू किया जाना चाहिए,Maintenance Team,2023-02-23,2023-03-09,,Escalated,Critical,False,,,
CA-00514,INS-JH-001-4432,,Verify compliance,Verify compliance को लागू किया जाना चाहिए,Environmental Team,2023-12-29,2024-02-07,2024-02-07,Rejected,Medium,False,,,
CA-00515,INS-JH-001-3693,INC-JH-001-164,Conduct training,Conduct training को लागू किया जाना चाहिए,Maintenance Team,2023-01-27,2023-03-13,2023-03-21,In Progress,High,False,,,
CA-00516,INS-JH-002-3345,INC-OD-001-203,Install dust suppression,Install dust suppression को लागू किया जाना चाहिए,Safety Team,2023-01-01,2023-02-03,2023-01-29,In Progress,High,True,Rajesh Kumar,2023-01-30,
CA-00517,INS-OD-001-4268,INC-OD-001-234,Repair roof supports,Repair roof supports को लागू किया जाना चाहिए,Safety Team,2023-11-23,2024-01-04,,Overdue,Low,False,,,Equipment unavailability
CA-00518,INS-OD-001-0220,,Conduct training,Conduct training को लागू किया जाना चाहिए,Maintenance Team,2023-07-30,2023-09-18,2023-09-16,Overdue,Critical,True,Rajesh Kumar,2023-09-17,Parts not available
CA-00519,INS-OD-001-3608,INC-JH-001-291,Install dust suppression,Install dust suppression को लागू किया जाना चाहिए,Safety Team,2023-04-25,2023-06-22,2023-06-18,Open,Medium,True,Sita Devi,2023-06-19,
CA-00520,INS-JH-002-3671,,Conduct training,Conduct training को लागू किया जाना चाहिए,Environmental Team,2023-06-12,2023-06-21,,Open,Medium,False,,,
CA-00521,INS-OD-001-2407,INC-JH-002-062,Conduct training,Conduct training को लागू किया जाना चाहिए,Safety Team,2023-07-03,2023-07-13,,Overdue,Low,False,,,Waiting for approval
CA-00522,INS-OD-001-0255,,Conduct training,Conduct training को लागू किया जाना चाहिए,Environmental Team,2023-09-21,2023-10-12,2023-10-11,Overdue,Medium,True,Rajesh Kumar,2023-10-12,Equipment unavailability
CA-00523,INS-JH-001-1184,INC-JH-001-164,Repair roof supports,Repair roof supports को लागू किया जाना चाहिए,Safety Team,2023-03-30,2023-04-09,2023-04-17,Escalated,Critical,True,Sita Devi,2023-04-18,
CA-00524,INS-JH-002-3789,,Verify compliance,Verify compliance को लागू किया जाना चाहिए,Environmental Team,2023-08-18,2023-09-03,2023-08-29,Overdue,Critical,False,,,Parts not available
CA-00525,INS-OD-001-3673,INC-OD-001-299,Conduct training,Conduct training को लागू किया जाना चाहिए,Environmental Team,2023-12-23,2024-01-08,2024-01-09,Open,High,False,,,
CA-00526,INS-JH-001-4570,,Verify compliance,Verify compliance को लागू किया जाना चाहिए,Environmental Team,2023-04-12,2023-04-24,2023-04-29,Overdue,Low,True,Rajesh Kumar,2023-04-30,Waiting for approval
CA-00527,INS-OD-001-1615,,Verify compliance,Verify compliance को लागू किया जाना चाहिए,Safety Team,2023-02-26,2023-04-04,2023-04-10,Rejected,Low,True,Rajesh Kumar,2023-04-11,
CA-00528,INS-JH-002-3095,INC-JH-002-035,Verify compliance,Verify compliance को लागू किया जाना चाहिए,Maintenance Team,2023-03-09,2023-04-07,2023-04-03,Overdue,High,True,Rajesh Kumar,2023-04-04,Waiting for approval
CA-00529,INS-JH-001-3922,INC-JH-001-215,Conduct training,Conduct training को लागू किया जाना चाहिए,Maintenance Team,2023-10-08,2023-10-27,,Escalated,High,False,,,
CA-00530,INS-JH-002-0504,,Conduct training,Conduct training को लागू किया जाना चाहिए,Environmental Team,2023-06-10,2023-07-24,2023-07-21,Open,Critical,True,Sita Devi,2023-07-22,
CA-00531,INS-JH-002-3578,,Repair roof supports,Repair roof supports को लागू किया जाना चाहिए,Safety Team,2023-09-08,2023-10-22,,In Progress,Low,False,,,
CA-00532,INS-OD-001-1654,,Install dust suppression,Install dust suppression को लागू किया जाना चाहिए,Safety Team,2023-04-15,2023-05-27,2023-06-03,Completed,High,False,,,
CA-00533,INS-JH-001-0865,,Verify compliance,Verify compliance को लागू किया जाना चाहिए,Environmental Team,2023-10-27,2023-11-14,2023-11-23,Escalated,Medium,False,,,
CA-00534,INS-OD-001-3646,,Repair roof supports,Repair roof supports को लागू किया जाना चाहिए,Safety Team,2023-10-01,2023-11-08,2023-11-15,Open,Low,False,,,
CA-00535,INS-JH-001-4369,INC-JH-001-134,Conduct training,Conduct training को लागू किया जाना चाहिए,Maintenance Team,2023-02-10,2023-02-24,2023-03-06,Open,Medium,True,Sita Devi,2023-03-07,
CA-00536,INS-JH-001-1478,INC-JH-001-005,Verify compliance,Verify compliance को लागू किया जाना चाहिए,Environmental Team,2023-05-14,2023-06-16,2023-06-24,Completed,Critical,True,Sita Devi,2023-06-25,
CA-00537,INS-JH-001-2323,,Install dust suppression,Install dust suppression को लागू किया जाना चाहिए,Environmental Team,2023-02-01,2023-02-21,2023-02-24,Rejected,Critical,False,,,
CA-00538,INS-JH-002-2975,,Install dust suppression,Install dust suppression को लागू किया जाना चाहिए,Maintenance Team,2023-02-10,2023-04-02,,Rejected,Critical,False,,,
CA-00539,INS-JH-002-0613,,Verify compliance,Verify compliance को लागू किया जाना चाहिए,Environmental Team,2023-12-09,2023-12-24,,In Progress,Low,False,,,
CA-00540,INS-OD-001-0681,,Verify compliance,Verify compliance को लागू किया जाना चाहिए,Environmental Team,2023-05-04,2023-07-01,2023-06-27,In Progress,Medium,True,Sita Devi,2023-06-28,
CA-00541,INS-JH-002-1446,,Install dust suppression,Install dust suppression को लागू किया जाना चाहिए,Safety Team,2023-02-13,2023-04-10,2023-04-07,In Progress,High,False,,,
CA-00542,INS-OD-001-1864,,Verify compliance,Verify compliance को लागू किया जाना चाहिए,Environmental Team,2023-10-30,2023-11-24,2023-11-28,Rejected,Medium,True,Rajesh Kumar,2023-11-29,
CA-00543,INS-JH-002-3897,,Conduct training,Conduct training को लागू किया जाना चाहिए,Safety Team,2023-04-07,2023-04-24,2023-04-29,Overdue,Low,True,Sita Devi,2023-04-30,Parts not available
CA-00544,INS-JH-002-4634,INC-JH-002-277,Conduct training,Conduct training को लागू किया जाना चाहिए,Safety Team,2023-03-22,2023-04-27,2023-04-23,Completed,Low,True,Rajesh Kumar,2023-04-24,
CA-00545,INS-OD-001-0760,,Install dust suppression,Install dust suppression को लागू किया जाना चाहिए,Safety Team,2023-02-16,2023-03-19,2023-03-23,Completed,High,False,,,
CA-00546,INS-OD-001-1542,,Repair roof supports,Repair roof supports को लागू किया जाना चाहिए,Maintenance Team,2023-05-20,2023-06-27,,Open,High,False,,,
CA-00547,INS-OD-001-3044,INC-OD-001-139,Verify compliance,Verify compliance को लागू किया जाना चाहिए,Maintenance Team,2023-03-26,2023-04-05,,In Progress,Low,False,,,
CA-00548,INS-JH-001-4398,,Repair roof supports,Repair roof supports को लागू किया जाना चाहिए,Safety Team,2023-03-14,2023-04-05,2023-04-15,Escalated,Critical,True,Sita Devi,2023-04-16,
CA-00549,INS-JH-002-1623,,Repair roof supports,Repair roof supports को लागू किया जाना चाहिए,Environmental Team,2023-02-21,2023-04-04,2023-04-09,Rejected,Low,True,Sita Devi,2023-04-10,
CA-00550,INS-JH-001-4783,INC-OD-001-159,Repair roof supports,Repair roof supports को लागू किया जाना चाहिए,Safety Team,2023-08-02,2023-09-30,,Open,Low,False,,,
CA-00551,INS-OD-001-0033,INC-OD-001-139,Verify compliance,Verify compliance को लागू किया जाना चाहिए,Safety Team,2023-01-24,2023-03-16,,Open,Critical,False,,,
CA-00552,INS-OD-001-2174,,Install dust suppression,Install dust suppression को लागू किया जाना चाहिए,Maintenance Team,2023-12-20,2024-01-21,,Open,Critical,False,,,
CA-00553,INS-OD-001-3049,,Repair roof supports,Repair roof supports को लागू किया जाना चाहिए,Maintenance Team,2023-07-21,2023-08-01,2023-08-05,Open,High,False,,,
CA-00554,INS-JH-002-4157,INC-OD-001-011,Install dust suppression,Install dust suppression को लागू किया जाना चाहिए,Safety Team,2023-06-27,2023-07-14,2023-07-10,Escalated,Low,False,,,
CA-00555,INS-JH-002-2967,,Repair roof supports,Repair roof supports को लागू किया जाना चाहिए,Safety Team,2023-08-19,2023-09-30,,Open,Medium,False,,,
CA-00556,INS-JH-002-0196,,Conduct training,Conduct training को लागू किया जाना चाहिए,Maintenance Team,2023-04-10,2023-05-20,2023-05-19,Escalated,Medium,True,Rajesh Kumar,2023-05-20,
CA-00557,INS-OD-001-1019,INC-JH-001-258,Install dust suppression,Install dust suppression को लागू किया जाना चाहिए,Environmental Team,2023-02-11,2023-03-31,2023-04-10,Completed,Low,False,,,
CA-00558,INS-JH-002-2065,,Repair roof supports,Repair roof supports को लागू किया जाना चाहिए,Safety Team,2023-03-26,2023-05-06,2023-05-09,In Progress,Medium,True,Sita Devi,2023-05-10,
CA-00559,INS-JH-002-0340,INC-OD-001-110,Conduct training,Conduct training को लागू किया जाना चाहिए,Safety Team,2023-08-31,2023-09-15,2023-09-18,In Progress,High,True,Rajesh Kumar,2023-09-19,
CA-00560,INS-JH-001-1289,INC-JH-002-246,Repair roof supports,Repair roof supports को लागू किया जाना चाहिए,Environmental Team,2023-05-07,2023-06-24,,Completed,Medium,False,,,
CA-00561,INS-JH-002-0361,INC-OD-001-112,Repair roof supports,Repair roof supports को लागू किया जाना चाहिए,Maintenance Team,2023-03-18,2023-05-06,2023-05-13,Open,Critical,True,Sita Devi,2023-05-14,
CA-00562,INS-OD-001-1755,,Conduct training,Conduct training को लागू किया जाना चाहिए,Environmental Team,2023-02-06,2023-04-06,2023-04-01,Rejected,Low,True,Rajesh Kumar,2023-04-02,
CA-00563,INS-OD-001-4705,INC-JH-001-148,Repair roof supports,Repair roof supports को लागू किया जाना चाहिए,Safety Team,2023-02-26,2023-04-25,2023-05-03,In Progress,High,True,Sita Devi,2023-05-04,
CA-00564,INS-JH-002-1319,,Repair roof supports,Repair roof supports को लागू किया जाना चाहिए,Maintenance Team,2023-01-16,2023-03-12,2023-03-22,Completed,Low,True,Rajesh Kumar,2023-03-23,
CA-00565,INS-OD-001-1889,,Verify compliance,Verify compliance को लागू किया जाना चाहिए,Environmental Team,2023-07-08,2023-09-06,,Completed,High,False,,,
CA-00566,INS-OD-001-4867,,Conduct training,Conduct training को लागू किया जाना चाहिए,Environmental Team,2023-06-06,2023-06-22,2023-07-01,In Progress,Critical,False,,,
CA-00567,INS-OD-001-1542,,Repair roof supports,Repair roof supports को लागू किया जाना चाहिए,Maintenance Team,2023-05-10,2023-06-20,,Overdue,High,False,,,Waiting for approval
CA-00568,INS-JH-002-1794,,Conduct training,Conduct training को लागू किया जाना चाहिए,Maintenance Team,2023-04-29,2023-06-13,,Open,Low,False,,,
CA-00569,INS-JH-002-2703,,Repair roof supports,Repair roof supports को लागू किया जाना चाहिए,Safety Team,2023-05-10,2023-06-08,2023-06-15,Overdue,High,True,Rajesh Kumar,2023-06-16,Parts not available
CA-00570,INS-JH-002-0878,INC-JH-002-048,Conduct training,Conduct training को लागू किया जाना चाहिए,Environmental Team,2023-11-27,2023-12-09,2023-12-11,In Progress,Medium,False,,,
CA-00571,INS-JH-002-1368,INC-OD-001-191,Conduct training,Conduct training को लागू किया जाना चाहिए,Maintenance Team,2023-03-04,2023-03-24,2023-03-28,Open,Low,True,Rajesh Kumar,2023-03-29,
CA-00572,INS-OD-001-2134,,Repair roof supports,Repair roof supports को लागू किया जाना चाहिए,Safety Team,2023-04-09,2023-06-07,2023-06-02,Escalated,Medium,False,,,
CA-00573,INS-JH-001-3729,,Repair roof supports,Repair roof supports को लागू किया जाना चाहिए,Maintenance Team,2023-11-19,2023-12-23,2023-12-19,Overdue,Critical,True,Sita Devi,2023-12-20,Parts not available
CA-00574,INS-JH-001-0007,INC-JH-001-212,Conduct training,Conduct training को लागू किया जाना चाहिए,Environmental Team,2023-10-04,2023-11-06,2023-11-15,Completed,Critical,True,Rajesh Kumar,2023-11-16,
CA-00575,INS-OD-001-1385,,Conduct training,Conduct training को लागू किया जाना चाहिए,Environmental Team,2023-02-11,2023-02-23,2023-02-22,Rejected,High,True,Rajesh Kumar,2023-02-23,
CA-00576,INS-OD-001-1557,,Repair roof supports,Repair roof supports को लागू किया जाना चाहिए,Maintenance Team,2023-08-15,2023-09-14,,Rejected,Critical,False,,,
CA-00577,INS-OD-001-3247,,Repair roof supports,Repair roof supports को लागू किया जाना चाहिए,Maintenance Team,2023-12-23,2024-01-04,2023-12-30,Overdue,High,True,Rajesh Kumar,2023-12-31,Equipment unavailability
CA-00578,INS-JH-001-4920,,Verify compliance,Verify compliance को लागू किया जाना चाहिए,Environmental Team,2023-02-06,2023-04-06,,Rejected,Critical,False,,,
CA-00579,INS-OD-001-0909,INC-JH-002-048,Verify compliance,Verify compliance को लागू किया जाना चाहिए,Safety Team,2023-12-26,2024-02-20,2024-02-23,Overdue,High,True,Rajesh Kumar,2024-02-24,Equipment unavailability
CA-00580,INS-OD-001-3403,INC-OD-001-242,Repair roof supports,Repair roof supports को लागू किया जाना चाहिए,Safety Team,2023-10-27,2023-11-04,,Open,Low,False,,,
CA-00581,INS-JH-001-1632,,Verify compliance,Verify compliance को लागू किया जाना चाहिए,Maintenance Team,2023-01-07,2023-03-07,2023-03-11,Escalated,Medium,True,Rajesh Kumar,2023-03-12,
CA-00582,INS-JH-001-2191,,Repair roof supports,Repair roof supports को लागू किया जाना चाहिए,Maintenance Team,2023-01-11,2023-02-10,,Rejected,Medium,False,,,
CA-00583,INS-JH-001-0067,,Conduct training,Conduct training को लागू किया जाना चाहिए,Maintenance Team,2023-09-15,2023-11-14,2023-11-16,Escalated,Critical,False,,,
CA-00584,INS-JH-001-0700,,Verify compliance,Verify compliance को लागू किया जाना चाहिए,Maintenance Team,2023-10-14,2023-11-29,2023-11-30,Escalated,Medium,False,,,
CA-00585,INS-OD-001-0775,,Conduct training,Conduct training को लागू किया जाना चाहिए,Maintenance Team,2023-01-03,2023-02-05,2023-02-15,Rejected,High,True,Rajesh Kumar,2023-02-16,
CA-00586,INS-JH-002-1266,,Verify compliance,Verify compliance को लागू किया जाना चाहिए,Environmental Team,2023-08-23,2023-10-22,2023-10-30,Escalated,Medium,False,,,
CA-00587,INS-JH-001-0414,,Conduct training,Conduct training को लागू किया जाना चाहिए,Safety Team,2023-04-13,2023-04-24,2023-04-27,In Progress,Medium,True,Sita Devi,2023-04-28,
CA-00588,INS-JH-002-1953,,Install dust suppression,Install dust suppression को लागू किया जाना चाहिए,Safety Team,2023-09-04,2023-10-30,2023-11-05,Open,Critical,True,Rajesh Kumar,2023-11-06,
CA-00589,INS-JH-001-1870,INC-JH-002-191,Install dust suppression,Install dust suppression को लागू किया जाना चाहिए,Environmental Team,2023-12-06,2023-12-30,2024-01-02,Rejected,Medium,False,,,
CA-00590,INS-OD-001-2347,INC-JH-001-213,Install dust suppression,Install dust suppression को लागू किया जाना चाहिए,Maintenance Team,2023-07-23,2023-08-04,2023-08-14,Escalated,Critical,False,,,
CA-00591,INS-JH-001-3973,,Repair roof supports,Repair roof supports को लागू किया जाना चाहिए,Maintenance Team,2023-12-03,2023-12-30,2024-01-02,Rejected,Medium,True,Rajesh Kumar,2024-01-03,
CA-00592,INS-JH-002-0268,,Repair roof supports,Repair roof supports को लागू किया जाना चाहिए,Environmental Team,2023-11-11,2023-12-23,2023-12-18,In Progress,High,True,Rajesh Kumar,2023-12-19,
CA-00593,INS-JH-001-1710,INC-JH-001-173,Verify compliance,Verify compliance को लागू किया जाना चाहिए,Maintenance Team,2023-04-20,2023-05-14,2023-05-13,Escalated,Medium,False,,,
CA-00594,INS-JH-002-1075,,Conduct training,Conduct training को लागू किया जाना चाहिए,Maintenance Team,2023-01-09,2023-01-23,,Completed,Medium,False,,,
CA-00595,INS-JH-001-2976,,Verify compliance,Verify compliance को लागू किया जाना चाहिए,Safety Team,2023-08-13,2023-09-17,2023-09-24,Open,Medium,True,Rajesh Kumar,2023-09-25,
CA-00596,INS-JH-002-2115,,Repair roof supports,Repair roof supports को लागू किया जाना चाहिए,Maintenance Team,2023-01-15,2023-02-25,2023-02-26,Escalated,Low,False,,,
CA-00597,INS-JH-001-3566,,Conduct training,Conduct training को लागू किया जाना चाहिए,Safety Team,2023-08-10,2023-09-19,,In Progress,Critical,False,,,
CA-00598,INS-OD-001-4545,,Conduct training,Conduct training को लागू किया जाना चाहिए,Maintenance Team,2023-11-19,2024-01-05,,Overdue,Critical,False,,,Parts not available
CA-00599,INS-JH-002-3078,INC-OD-001-167,Verify compliance,Verify compliance को लागू किया जाना चाहिए,Safety Team,2023-08-06,2023-09-01,2023-09-01,Overdue,High,True,Rajesh Kumar,2023-09-02,Equipment unavailability
CA-00600,INS-OD-001-1312,,Verify compliance,Verify compliance को लागू किया जाना चाहिए,Environmental Team,2023-06-02,2023-07-05,2023-07-08,Escalated,Medium,True,Sita Devi,2023-07-09,
CA-00601,INS-JH-002-3833,,Conduct training,Conduct training को लागू किया जाना चाहिए,Safety Team,2023-08-20,2023-10-08,2023-10-08,Open,Low,False,,,
CA-00602,INS-JH-002-3166,,Conduct training,Conduct training को लागू किया जाना चाहिए,Maintenance Team,2023-12-12,2024-01-21,,Overdue,Medium,False,,,Equipment unavailability
CA-00603,INS-JH-001-2358,,Conduct training,Conduct training को लागू किया जाना चाहिए,Maintenance Team,2023-06-10,2023-06-27,,Overdue,Low,False,,,Parts not available
CA-00604,INS-JH-001-3097,INC-JH-002-294,Repair roof supports,Repair roof supports को लागू किया जाना चाहिए,Maintenance Team,2023-01-25,2023-02-10,2023-02-06,In Progress,Low,False,,,
CA-00605,INS-JH-001-0400,INC-JH-002-238,Install dust suppression,Install dust suppression को लागू किया जाना चाहिए,Environmental Team,2023-01-15,2023-03-03,,Open,High,False,,,
CA-00606,INS-JH-001-2017,,Conduct training,Conduct training को लागू किया जाना चाहिए,Maintenance Team,2023-10-19,2023-12-04,2023-12-09,Open,Critical,True,Sita Devi,2023-12-10,
CA-00607,INS-JH-001-4565,,Verify compliance,Verify compliance को लागू किया जाना चाहिए,Maintenance Team,2023-02-06,2023-03-23,2023-03-27,Completed,Low,True,Sita Devi,2023-03-28,
CA-00608,INS-OD-001-3125,,Verify compliance,Verify compliance को लागू किया जाना चाहिए,Maintenance Team,2023-11-22,2024-01-07,2024-01-03,Escalated,Critical,True,Sita Devi,2024-01-04,
CA-00609,INS-JH-002-0700,,Verify compliance,Verify compliance को लागू किया जाना चाहिए,Safety Team,2023-05-09,2023-06-15,2023-06-25,Open,High,False,,,
CA-00610,INS-OD-001-0530,INC-JH-001-187,Repair roof supports,Repair roof supports को लागू किया जाना चाहिए,Maintenance Team,2023-10-12,2023-11-16,2023-11-26,Open,Low,False,,,
CA-00611,INS-OD-001-2795,,Conduct training,Conduct training को लागू किया जाना चाहिए,Maintenance Team,2023-07-28,2023-09-13,2023-09-18,Escalated,Critical,True,Rajesh Kumar,2023-09-19,
CA-00612,INS-OD-001-0960,,Conduct training,Conduct training को लागू किया जाना चाहिए,Safety Team,2023-11-27,2023-12-16,2023-12-17,Overdue,Low,True,Rajesh Kumar,2023-12-18,Equipment unavailability
CA-00613,INS-JH-001-4043,INC-JH-001-067,Install dust suppression,Install dust suppression को लागू किया जाना चाहिए,Environmental Team,2023-09-13,2023-09-22,2023-10-02,In Progress,Critical,True,Rajesh Kumar,2023-10-03,
CA-00614,INS-JH-001-0742,,Verify compliance,Verify compliance को लागू किया जाना चाहिए,Safety Team,2023-01-09,2023-02-13,2023-02-08,Completed,Critical,True,Rajesh Kumar,2023-02-09,
CA-00615,INS-JH-001-2758,,Repair roof supports,Repair roof supports को लागू किया जाना चाहिए,Environmental Team,2023-02-03,2023-03-19,2023-03-20,Completed,High,True,Rajesh Kumar,2023-03-21,
CA-00616,INS-OD-001-3185,,Install dust suppression,Install dust suppression को लागू किया जाना चाहिए,Maintenance Team,2023-10-14,2023-11-18,2023-11-17,Overdue,Medium,False,,,Parts not available
CA-00617,INS-JH-002-2730,,Conduct training,Conduct training को लागू किया जाना चाहिए,Maintenance Team,2023-11-14,2023-12-07,2023-12-03,Rejected,Low,True,Rajesh Kumar,2023-12-04,
CA-00618,INS-JH-001-3405,,Install dust suppression,Install dust suppression को लागू किया जाना चाहिए,Environmental Team,2023-11-27,2023-12-09,2023-12-16,Open,Critical,True,Rajesh Kumar,2023-12-17,
CA-00619,INS-JH-001-1620,,Repair roof supports,Repair roof supports को लागू किया जाना चाहिए,Safety Team,2023-06-15,2023-08-11,2023-08-06,Completed,Medium,False,,,
CA-00620,INS-OD-001-3165,,Conduct training,Conduct training को लागू किया जाना चाहिए,Safety Team,2023-09-19,2023-10-02,2023-10-05,Overdue,Low,True,Rajesh Kumar,2023-10-06,Waiting for approval
CA-00621,INS-OD-001-3360,,Conduct training,Conduct training को लागू किया जाना चाहिए,Environmental Team,2023-02-25,2023-03-27,2023-03-31,Escalated,Low,True,Sita Devi,2023-04-01,
CA-00622,INS-OD-001-0783,,Install dust suppression,Install dust suppression को लागू किया जाना चाहिए,Safety Team,2023-01-09,2023-02-27,2023-02-25,In Progress,High,True,Rajesh Kumar,2023-02-26,
CA-00623,INS-JH-002-0252,,Repair roof supports,Repair roof supports को लागू किया जाना चाहिए,Maintenance Team,2023-05-16,2023-06-27,2023-07-06,Open,High,True,Sita Devi,2023-07-07,
CA-00624,INS-JH-002-2863,,Conduct training,Conduct training को लागू किया जाना चाहिए,Maintenance Team,2023-01-10,2023-03-07,2023-03-02,In Progress,Low,True,Sita Devi,2023-03-03,
CA-00625,INS-OD-001-3652,INC-OD-001-216,Conduct training,Conduct training को लागू किया जाना चाहिए,Environmental Team,2023-08-16,2023-08-23,2023-08-31,Escalated,Low,False,,,
CA-00626,INS-JH-002-3264,,Conduct training,Conduct training को लागू किया जाना चाहिए,Safety Team,2023-07-30,2023-08-14,2023-08-20,Open,Medium,True,Rajesh Kumar,2023-08-21,
CA-00627,INS-JH-002-1110,,Install dust suppression,Install dust suppression को लागू किया जाना चाहिए,Maintenance Team,2023-07-15,2023-07-28,2023-07-31,In Progress,Medium,True,Sita Devi,2023-08-01,
CA-00628,INS-JH-002-2352,,Verify compliance,Verify compliance को लागू किया जाना चाहिए,Environmental Team,2023-06-26,2023-07-10,,Rejected,Low,False,,,
CA-00629,INS-OD-001-0180,,Conduct training,Conduct training को लागू किया जाना चाहिए,Environmental Team,2023-07-12,2023-08-02,2023-07-29,Open,Medium,True,Sita Devi,2023-07-30,
CA-00630,INS-JH-001-0767,,Conduct training,Conduct training को लागू किया जाना चाहिए,Maintenance Team,2023-02-24,2023-03-11,,In Progress,Low,False,,,
CA-00631,INS-JH-002-4277,,Conduct training,Conduct training को लागू किया जाना चाहिए,Maintenance Team,2023-10-26,2023-11-14,2023-11-14,Overdue,Medium,False,,,Equipment unavailability
CA-00632,INS-OD-001-2470,,Verify compliance,Verify compliance को लागू किया जाना चाहिए,Maintenance Team,2023-08-27,2023-10-05,,Rejected,Medium,False,,,
CA-00633,INS-JH-001-0889,INC-OD-001-121,Conduct training,Conduct training को लागू किया जाना चाहिए,Maintenance Team,2023-03-10,2023-03-27,2023-03-28,Open,Low,True,Rajesh Kumar,2023-03-29,
CA-00634,INS-JH-001-0650,,Conduct training,Conduct training को लागू किया जाना चाहिए,Safety Team,2023-10-25,2023-12-15,2023-12-10,Completed,Medium,False,,,
CA-00635,INS-OD-001-1425,,Install dust suppression,Install dust suppression को लागू किया जाना चाहिए,Safety Team,2023-04-28,2023-06-11,2023-06-15,In Progress,Medium,True,Sita Devi,2023-06-16,
CA-00636,INS-JH-002-0628,INC-OD-001-289,Repair roof supports,Repair roof supports को लागू किया जाना चाहिए,Environmental Team,2023-08-23,2023-10-13,2023-10-16,In Progress,Low,False,,,
CA-00637,INS-JH-002-4686,INC-JH-002-271,Verify compliance,Verify compliance को लागू किया जाना चाहिए,Safety Team,2023-05-24,2023-06-11,2023-06-06,Open,Medium,False,,,
CA-00638,INS-JH-001-4368,,Verify compliance,Verify compliance को लागू किया जाना चाहिए,Maintenance Team,2023-08-03,2023-09-19,2023-09-20,In Progress,Medium,True,Rajesh Kumar,2023-09-21,
CA-00639,INS-JH-001-0943,,Install dust suppression,Install dust suppression को लागू किया जाना चाहिए,Maintenance Team,2023-08-01,2023-09-11,2023-09-20,In Progress,Medium,True,Rajesh Kumar,2023-09-21,
CA-00640,INS-OD-001-3799,INC-OD-001-017,Verify compliance,Verify compliance को लागू किया जाना चाहिए,Safety Team,2023-03-18,2023-03-29,2023-03-24,Overdue,Critical,True,Sita Devi,2023-03-25,Waiting for approval
CA-00641,INS-JH-001-2739,,Conduct training,Conduct training को लागू किया जाना चाहिए,Maintenance Team,2023-05-24,2023-06-01,,In Progress,Critical,False,,,
CA-00642,INS-JH-002-0677,,Verify compliance,Verify compliance को लागू किया जाना चाहिए,Maintenance Team,2023-08-23,2023-09-27,2023-10-02,Completed,Medium,True,Sita Devi,2023-10-03,
CA-00643,INS-JH-001-0603,,Install dust suppression,Install dust suppression को लागू किया जाना चाहिए,Safety Team,2024-01-01,2024-01-19,2024-01-17,Rejected,High,True,Rajesh Kumar,2024-01-18,
CA-00644,INS-JH-001-0205,INC-OD-001-141,Repair roof supports,Repair roof supports को लागू किया जाना चाहिए,Maintenance Team,2023-10-25,2023-11-18,2023-11-27,Overdue,Low,True,Sita Devi,2023-11-28,Equipment unavailability
CA-00645,INS-JH-001-4387,,Install dust suppression,Install dust suppression को लागू किया जाना चाहिए,Environmental Team,2023-01-26,2023-02-07,2023-02-07,Open,Critical,False,,,
CA-00646,INS-OD-001-3578,,Conduct training,Conduct training को लागू किया जाना चाहिए,Environmental Team,2023-08-31,2023-09-14,2023-09-19,Overdue,Medium,True,Rajesh Kumar,2023-09-20,Parts not available
CA-00647,INS-JH-001-1882,,Conduct training,Conduct training को लागू किया जाना चाहिए,Maintenance Team,2023-08-26,2023-09-26,2023-09-28,Escalated,Critical,False,,,
CA-00648,INS-JH-002-1396,,Install dust suppression,Install dust suppression को लागू किया जाना चाहिए,Safety Team,2023-04-08,2023-05-07,2023-05-09,Open,Medium,True,Sita Devi,2023-05-10,
CA-00649,INS-JH-001-0382,,Install dust suppression,Install dust suppression को लागू किया जाना चाहिए,Maintenance Team,2023-11-16,2023-12-30,2024-01-02,Rejected,Critical,False,,,
CA-00650,INS-OD-001-0683,,Repair roof supports,Repair roof supports को लागू किया जाना चाहिए,Safety Team,2023-09-24,2023-10-02,2023-09-29,Open,Low,False,,,
CA-00651,INS-OD-001-2079,INC-OD-001-298,Repair roof supports,Repair roof supports को लागू किया जाना चाहिए,Environmental Team,2023-09-01,2023-10-16,2023-10-23,In Progress,High,True,Sita Devi,2023-10-24,
CA-00652,INS-OD-001-2258,INC-OD-001-059,Verify compliance,Verify compliance को लागू किया जाना चाहिए,Safety Team,2023-03-30,2023-05-28,,Escalated,Low,False,,,
CA-00653,INS-JH-002-1910,,Verify compliance,Verify compliance को लागू किया जाना चाहिए,Environmental Team,2023-06-26,2023-08-02,2023-07-29,Rejected,Low,True,Rajesh Kumar,2023-07-30,
CA-00654,INS-OD-001-3731,,Repair roof supports,Repair roof supports को लागू किया जाना चाहिए,Maintenance Team,2023-08-07,2023-09-16,,Open,High,False,,,
CA-00655,INS-OD-001-2481,,Conduct training,Conduct training को लागू किया जाना चाहिए,Safety Team,2023-08-18,2023-09-16,2023-09-13,Open,Low,True,Sita Devi,2023-09-14,
CA-00656,INS-JH-002-4577,,Verify compliance,Verify compliance को लागू किया जाना चाहिए,Safety Team,2023-04-04,2023-05-11,2023-05-08,Completed,Low,False,,,
CA-00657,INS-JH-002-2865,,Install dust suppression,Install dust suppression को लागू किया जाना चाहिए,Environmental Team,2023-07-27,2023-08-25,,Rejected,Critical,False,,,
CA-00658,INS-JH-002-3699,,Install dust suppression,Install dust suppression को लागू किया जाना चाहिए,Environmental Team,2023-06-20,2023-08-01,2023-08-09,Rejected,High,True,Rajesh Kumar,2023-08-10,
CA-00659,INS-JH-002-1309,,Conduct training,Conduct training को लागू किया जाना चाहिए,Maintenance Team,2023-09-29,2023-10-18,2023-10-17,Completed,Low,True,Rajesh Kumar,2023-10-18,
CA-00660,INS-JH-001-0266,INC-OD-001-299,Install dust suppression,Install dust suppression को लागू किया जाना चाहिए,Maintenance Team,2023-03-24,2023-05-17,2023-05-18,Rejected,Critical,False,,,
CA-00661,INS-OD-001-2564,INC-JH-001-025,Repair roof supports,Repair roof supports को लागू किया जाना चाहिए,Environmental Team,2023-05-07,2023-06-19,,Completed,Medium,False,,,
CA-00662,INS-OD-001-0460,,Conduct training,Conduct training को लागू किया जाना चाहिए,Maintenance Team,2023-03-04,2023-04-08,2023-04-11,Rejected,Low,True,Rajesh Kumar,2023-04-12,
CA-00663,INS-JH-001-2423,,Install dust suppression,Install dust suppression को लागू किया जाना चाहिए,Maintenance Team,2023-01-04,2023-02-17,2023-02-26,Open,Medium,True,Rajesh Kumar,2023-02-27,
CA-00664,INS-JH-001-3393,,Repair roof supports,Repair roof supports को लागू किया जाना चाहिए,Safety Team,2023-08-23,2023-10-10,2023-10-19,Overdue,Critical,False,,,Parts not available
CA-00665,INS-JH-002-3189,,Repair roof supports,Repair roof supports को लागू किया जाना चाहिए,Maintenance Team,2023-12-22,2024-01-27,,Escalated,Critical,False,,,
CA-00666,INS-JH-001-0601,,Repair roof supports,Repair roof supports को लागू किया जाना चाहिए,Safety Team,2023-11-06,2024-01-02,,Open,Critical,False,,,
CA-00667,INS-OD-001-2073,INC-JH-002-149,Repair roof supports,Repair roof supports को लागू किया जाना चाहिए,Environmental Team,2023-09-13,2023-10-05,2023-10-14,Overdue,Medium,True,Sita Devi,2023-10-15,Waiting for approval
CA-00668,INS-OD-001-3761,,Install dust suppression,Install dust suppression को लागू किया जाना चाहिए,Maintenance Team,2023-04-21,2023-05-21,,Rejected,Medium,False,,,
CA-00669,INS-JH-002-3849,,Verify compliance,Verify compliance को लागू किया जाना चाहिए,Safety Team,2023-06-09,2023-06-30,,In Progress,Low,False,,,
CA-00670,INS-JH-002-3164,,Verify compliance,Verify compliance को लागू किया जाना चाहिए,Environmental Team,2023-04-06,2023-04-27,2023-04-26,Rejected,Low,True,Sita Devi,2023-04-27,
CA-00671,INS-JH-001-4239,INC-JH-002-227,Conduct training,Conduct training को लागू किया जाना चाहिए,Maintenance Team,2023-08-29,2023-09-13,,Rejected,Low,False,,,
CA-00672,INS-JH-001-4209,,Verify compliance,Verify compliance को लागू किया जाना चाहिए,Maintenance Team,2023-09-07,2023-10-22,2023-10-25,Rejected,Low,True,Rajesh Kumar,2023-10-26,
CA-00673,INS-JH-002-3701,,Install dust suppression,Install dust suppression को लागू किया जाना चाहिए,Safety Team,2023-03-25,2023-05-02,2023-04-27,Overdue,Medium,True,Sita Devi,2023-04-28,Equipment unavailability
CA-00674,INS-JH-001-1535,,Install dust suppression,Install dust suppression को लागू किया जाना चाहिए,Safety Team,2023-05-08,2023-07-03,,In Progress,Medium,False,,,
CA-00675,INS-OD-001-4149,INC-OD-001-298,Verify compliance,Verify compliance को लागू किया जाना चाहिए,Environmental Team,2023-11-15,2023-11-27,2023-11-24,In Progress,Low,True,Sita Devi,2023-11-25,
CA-00676,INS-JH-002-0738,INC-OD-001-208,Verify compliance,Verify compliance को लागू किया जाना चाहिए,Maintenance Team,2023-10-24,2023-11-28,2023-12-06,Rejected,Critical,True,Sita Devi,2023-12-07,
CA-00677,INS-JH-001-3287,,Install dust suppression,Install dust suppression को लागू किया जाना चाहिए,Safety Team,2023-02-02,2023-03-08,2023-03-08,Overdue,High,True,Rajesh Kumar,2023-03-09,Equipment unavailability
CA-00678,INS-JH-002-1763,INC-JH-001-071,Verify compliance,Verify compliance को लागू किया जाना चाहिए,Maintenance Team,2023-12-08,2024-01-30,2024-01-27,Completed,Low,True,Sita Devi,2024-01-28,
CA-00679,INS-OD-001-0156,,Verify compliance,Verify compliance को लागू किया जाना चाहिए,Maintenance Team,2023-08-23,2023-09-13,,Overdue,Critical,False,,,Parts not available
CA-00680,INS-OD-001-1227,,Conduct training,Conduct training को लागू किया जाना चाहिए,Maintenance Team,2023-08-09,2023-09-16,2023-09-13,Overdue,High,False,,,Parts not available
CA-00681,INS-OD-001-2856,INC-OD-001-058,Repair roof supports,Repair roof supports को लागू किया जाना चाहिए,Maintenance Team,2023-07-28,2023-08-10,,Overdue,Critical,False,,,Parts not available
CA-00682,INS-JH-001-0872,,Verify compliance,Verify compliance को लागू किया जाना चाहिए,Safety Team,2023-02-21,2023-04-13,2023-04-12,Overdue,Low,True,Rajesh Kumar,2023-04-13,Waiting for approval
CA-00683,INS-JH-002-4882,,Repair roof supports,Repair roof supports को लागू किया जाना चाहिए,Environmental Team,2023-10-16,2023-12-05,2023-12-15,Escalated,Medium,True,Sita Devi,2023-12-16,
CA-00684,INS-JH-002-1301,,Install dust suppression,Install dust suppression को लागू किया जाना चाहिए,Maintenance Team,2023-03-10,2023-05-01,2023-04-28,Open,Low,True,Rajesh Kumar,2023-04-29,
CA-00685,INS-JH-002-3991,,Conduct training,Conduct training को लागू किया जाना चाहिए,Maintenance Team,2023-11-07,2023-12-20,2023-12-21,Overdue,Critical,True,Sita Devi,2023-12-22,Equipment unavailability
CA-00686,INS-JH-001-3454,INC-JH-002-083,Verify compliance,Verify compliance को लागू किया जाना चाहिए,Environmental Team,2023-08-01,2023-09-26,2023-09-27,Open,Low,False,,,
CA-00687,INS-JH-001-1656,,Repair roof supports,Repair roof supports को लागू किया जाना चाहिए,Safety Team,2023-12-12,2024-01-27,2024-01-29,Completed,Low,True,Sita Devi,2024-01-30,
CA-00688,INS-JH-001-3327,,Verify compliance,Verify compliance को लागू किया जाना चाहिए,Safety Team,2023-08-12,2023-09-04,2023-09-08,Rejected,Critical,False,,,
CA-00689,INS-JH-002-3145,,Install dust suppression,Install dust suppression को लागू किया जाना चाहिए,Maintenance Team,2023-02-10,2023-04-03,,Overdue,Critical,False,,,Equipment unavailability
CA-00690,INS-OD-001-1258,,Verify compliance,Verify compliance को लागू किया जाना चाहिए,Maintenance Team,2023-11-12,2023-12-08,2023-12-09,Escalated,High,True,Rajesh Kumar,2023-12-10,
CA-00691,INS-OD-001-4850,,Conduct training,Conduct training को लागू किया जाना चाहिए,Environmental Team,2023-01-08,2023-02-09,2023-02-05,Overdue,High,True,Sita Devi,2023-02-06,Waiting for approval
CA-00692,INS-JH-001-1672,,Repair roof supports,Repair roof supports को लागू किया जाना चाहिए,Environmental Team,2023-03-17,2023-04-20,,In Progress,Critical,False,,,
CA-00693,INS-JH-002-2408,,Repair roof supports,Repair roof supports को लागू किया जाना चाहिए,Environmental Team,2023-08-03,2023-08-10,2023-08-20,Rejected,High,True,Rajesh Kumar,2023-08-21,
CA-00694,INS-JH-002-0456,,Repair roof supports,Repair roof supports को लागू किया जाना चाहिए,Safety Team,2023-06-21,2023-08-05,2023-08-08,Escalated,High,True,Rajesh Kumar,2023-08-09,
CA-00695,INS-JH-001-1751,INC-JH-002-034,Install dust suppression,Install dust suppression को लागू किया जाना चाहिए,Environmental Team,2023-06-18,2023-07-19,2023-07-14,Overdue,Critical,True,Rajesh Kumar,2023-07-15,Parts not available
CA-00696,INS-OD-001-3154,,Conduct training,Conduct training को लागू किया जाना चाहिए,Environmental Team,2023-03-09,2023-04-03,2023-04-13,Escalated,High,True,Sita Devi,2023-04-14,
CA-00697,INS-OD-001-3030,INC-JH-001-233,Conduct training,Conduct training को लागू किया जाना चाहिए,Safety Team,2023-08-01,2023-08-24,2023-08-31,Escalated,Medium,True,Rajesh Kumar,2023-09-01,
CA-00698,INS-JH-001-2492,,Install dust suppression,Install dust suppression को लागू किया जाना चाहिए,Environmental Team,2023-07-21,2023-08-16,,Completed,Low,False,,,
CA-00699,INS-JH-001-3282,,Conduct training,Conduct training को लागू किया जाना चाहिए,Maintenance Team,2023-10-30,2023-11-10,2023-11-18,Open,Low,True,Rajesh Kumar,2023-11-19,
CA-00700,INS-JH-001-3499,,Conduct training,Conduct training को लागू किया जाना चाहिए,Environmental Team,2023-08-05,2023-09-12,2023-09-12,Overdue,Critical,False,,,Equipment unavailability
CA-00701,INS-JH-002-0797,INC-OD-001-034,Conduct training,Conduct training को लागू किया जाना चाहिए,Environmental Team,2023-12-13,2024-02-05,,Rejected,Critical,False,,,
CA-00702,INS-OD-001-4575,,Conduct training,Conduct training को लागू किया जाना चाहिए,Safety Team,2023-11-10,2023-11-26,2023-11-24,Escalated,Low,True,Rajesh Kumar,2023-11-25,
CA-00703,INS-OD-001-3125,,Conduct training,Conduct training को लागू किया जाना चाहिए,Safety Team,2023-05-21,2023-06-02,,In Progress,Critical,False,,,
CA-00704,INS-JH-001-2054,,Verify compliance,Verify compliance को लागू किया जाना चाहिए,Maintenance Team,2023-10-03,2023-11-03,2023-10-31,In Progress,Low,False,,,
CA-00705,INS-OD-001-0429,,Verify compliance,Verify compliance को लागू किया जाना चाहिए,Maintenance Team,2024-01-01,2024-02-23,2024-02-25,Completed,High,True,Rajesh Kumar,2024-02-26,
CA-00706,INS-JH-002-1508,,Repair roof supports,Repair roof supports को लागू किया जाना चाहिए,Maintenance Team,2023-11-01,2023-11-13,2023-11-10,In Progress,High,True,Sita Devi,2023-11-11,
CA-00707,INS-JH-001-2745,,Repair roof supports,Repair roof supports को लागू किया जाना चाहिए,Environmental Team,2023-05-28,2023-06-11,,Overdue,Critical,False,,,Equipment unavailability
CA-00708,INS-OD-001-0372,,Conduct training,Conduct training को लागू किया जाना चाहिए,Safety Team,2023-07-31,2023-09-26,2023-09-22,Rejected,Low,True,Sita Devi,2023-09-23,
CA-00709,INS-JH-002-0563,,Install dust suppression,Install dust suppression को लागू किया जाना चाहिए,Environmental Team,2023-03-02,2023-04-18,,Open,High,False,,,
CA-00710,INS-JH-002-0737,INC-JH-002-190,Conduct training,Conduct training को लागू किया जाना चाहिए,Environmental Team,2023-03-19,2023-04-24,2023-05-03,Escalated,Low,True,Rajesh Kumar,2023-05-04,
CA-00711,INS-JH-001-2553,INC-JH-001-267,Verify compliance,Verify compliance को लागू किया जाना चाहिए,Safety Team,2023-05-29,2023-07-21,2023-07-16,Rejected,Low,True,Sita Devi,2023-07-17,
CA-00712,INS-OD-001-2625,,Install dust suppression,Install dust suppression को लागू किया जाना चाहिए,Safety Team,2023-12-27,2024-01-09,2024-01-15,Completed,Critical,False,,,
CA-00713,INS-JH-001-1655,,Install dust suppression,Install dust suppression को लागू किया जाना चाहिए,Maintenance Team,2023-03-07,2023-03-24,,Completed,High,False,,,
CA-00714,INS-JH-002-1876,,Install dust suppression,Install dust suppression को लागू किया जाना चाहिए,Maintenance Team,2023-11-08,2023-12-05,2023-12-10,Rejected,Critical,True,Rajesh Kumar,2023-12-11,
CA-00715,INS-JH-002-2840,INC-JH-002-020,Install dust suppression,Install dust suppression को लागू किया जाना चाहिए,Safety Team,2023-07-30,2023-08-14,2023-08-18,Completed,Medium,True,Rajesh Kumar,2023-08-19,
CA-00716,INS-OD-001-0267,INC-OD-001-046,Install dust suppression,Install dust suppression को लागू किया जाना चाहिए,Safety Team,2023-01-23,2023-03-16,2023-03-24,In Progress,Medium,True,Sita Devi,2023-03-25,
CA-00717,INS-OD-001-3553,,Verify compliance,Verify compliance को लागू किया जाना चाहिए,Maintenance Team,2023-06-16,2023-08-12,,Open,Medium,False,,,
CA-00718,INS-OD-001-4685,,Install dust suppression,Install dust suppression को लागू किया जाना चाहिए,Maintenance Team,2023-01-05,2023-02-20,2023-02-27,Open,Low,True,Sita Devi,2023-02-28,
CA-00719,INS-JH-002-2687,,Install dust suppression,Install dust suppression को लागू किया जाना चाहिए,Safety Team,2023-07-05,2023-08-31,2023-09-07,In Progress,Medium,True,Sita Devi,2023-09-08,
CA-00720,INS-JH-002-3409,,Verify compliance,Verify compliance को लागू किया जाना चाहिए,Environmental Team,2023-11-12,2023-11-23,2023-11-28,Overdue,High,True,Rajesh Kumar,2023-11-29,Waiting for approval
CA-00721,INS-JH-002-0984,,Install dust suppression,Install dust suppression को लागू किया जाना चाहिए,Environmental Team,2023-06-10,2023-07-25,2023-07-21,Completed,Critical,False,,,
CA-00722,INS-JH-001-1050,,Verify compliance,Verify compliance को लागू किया जाना चाहिए,Maintenance Team,2023-12-22,2024-01-19,2024-01-15,In Progress,Low,True,Rajesh Kumar,2024-01-16,
CA-00723,INS-JH-001-4172,,Install dust suppression,Install dust suppression को लागू किया जाना चाहिए,Maintenance Team,2023-04-27,2023-05-04,2023-05-04,Completed,Critical,True,Sita Devi,2023-05-05,
CA-00724,INS-JH-002-3441,,Verify compliance,Verify compliance को लागू किया जाना चाहिए,Environmental Team,2023-01-03,2023-02-06,2023-02-03,Open,Low,True,Rajesh Kumar,2023-02-04,
CA-00725,INS-JH-001-3849,,Verify compliance,Verify compliance को लागू किया जाना चाहिए,Safety Team,2023-03-29,2023-04-16,,Rejected,High,False,,,
CA-00726,INS-JH-002-3671,,Repair roof supports,Repair roof supports को लागू किया जाना चाहिए,Safety Team,2023-04-14,2023-05-09,2023-05-06,Overdue,Low,True,Rajesh Kumar,2023-05-07,Equipment unavailability
CA-00727,INS-OD-001-2808,INC-OD-001-021,Conduct training,Conduct training को लागू किया जाना चाहिए,Environmental Team,2023-04-27,2023-06-14,,Escalated,High,False,,,
CA-00728,INS-JH-002-2002,,Conduct training,Conduct training को लागू किया जाना चाहिए,Safety Team,2023-07-11,2023-07-21,2023-07-28,Rejected,High,False,,,
CA-00729,INS-OD-001-1508,,Repair roof supports,Repair roof supports को लागू किया जाना चाहिए,Safety Team,2023-10-26,2023-12-13,2023-12-15,Completed,Low,True,Sita Devi,2023-12-16,
CA-00730,INS-JH-001-2917,,Install dust suppression,Install dust suppression को लागू किया जाना चाहिए,Environmental Team,2023-07-24,2023-08-22,2023-08-30,Completed,Medium,True,Rajesh Kumar,2023-08-31,
CA-00731,INS-JH-002-2417,,Verify compliance,Verify compliance को लागू किया जाना चाहिए,Environmental Team,2023-08-06,2023-09-05,,Rejected,Medium,False,,,
CA-00732,INS-OD-001-1446,,Conduct training,Conduct training को लागू किया जाना चाहिए,Safety Team,2023-05-07,2023-06-22,,Open,Medium,False,,,
CA-00733,INS-JH-001-2282,INC-JH-001-047,Verify compliance,Verify compliance को लागू किया जाना चाहिए,Safety Team,2023-03-02,2023-04-01,2023-04-02,Overdue,Critical,False,,,Waiting for approval
CA-00734,INS-JH-002-2384,INC-JH-001-054,Conduct training,Conduct training को लागू किया जाना चाहिए,Maintenance Team,2023-02-22,2023-04-19,2023-04-19,Overdue,Medium,True,Sita Devi,2023-04-20,Equipment unavailability
CA-00735,INS-JH-002-1558,INC-OD-001-190,Conduct training,Conduct training को लागू किया जाना चाहिए,Maintenance Team,2023-04-30,2023-05-12,,In Progress,Critical,False,,,
CA-00736,INS-OD-001-3520,,Conduct training,Conduct training को लागू किया जाना चाहिए,Maintenance Team,2023-03-14,2023-04-04,,Overdue,High,False,,,Parts not available
CA-00737,INS-JH-002-2562,,Verify compliance,Verify compliance को लागू किया जाना चाहिए,Maintenance Team,2023-11-08,2023-12-10,,In Progress,Medium,False,,,
CA-00738,INS-JH-001-4164,INC-JH-001-223,Install dust suppression,Install dust suppression को लागू किया जाना चाहिए,Maintenance Team,2023-02-26,2023-03-14,,Rejected,Low,False,,,
CA-00739,INS-JH-001-1572,,Install dust suppression,Install dust suppression को लागू किया जाना चाहिए,Safety Team,2023-06-19,2023-08-18,,In Progress,Medium,False,,,
CA-00740,INS-JH-002-0841,,Verify compliance,Verify compliance को लागू किया जाना चाहिए,Safety Team,2023-04-04,2023-04-20,2023-04-19,In Progress,Critical,False,,,
CA-00741,INS-OD-001-1502,INC-JH-001-241,Conduct training,Conduct training को लागू किया जाना चाहिए,Safety Team,2023-02-10,2023-03-31,,Escalated,Critical,False,,,
CA-00742,INS-OD-001-3989,,Repair roof supports,Repair roof supports को लागू किया जाना चाहिए,Maintenance Team,2023-11-23,2024-01-01,2024-01-06,In Progress,Low,True,Rajesh Kumar,2024-01-07,
CA-00743,INS-OD-001-3556,,Install dust suppression,Install dust suppression को लागू किया जाना चाहिए,Safety Team,2023-12-23,2023-12-30,2023-12-25,Escalated,Medium,True,Sita Devi,2023-12-26,
CA-00744,INS-JH-001-0543,,Install dust suppression,Install dust suppression को लागू किया जाना चाहिए,Safety Team,2023-12-22,2024-01-03,2024-01-06,Escalated,Critical,True,Sita Devi,2024-01-07,
CA-00745,INS-JH-002-0342,,Conduct training,Conduct training को लागू किया जाना चाहिए,Safety Team,2023-12-18,2024-01-09,2024-01-09,In Progress,Medium,True,Sita Devi,2024-01-10,
CA-00746,INS-JH-002-4777,INC-JH-001-080,Verify compliance,Verify compliance को लागू किया जाना चाहिए,Maintenance Team,2023-06-02,2023-07-19,2023-07-25,Open,Medium,True,Rajesh Kumar,2023-07-26,
CA-00747,INS-JH-002-3944,,Conduct training,Conduct training को लागू किया जाना चाहिए,Environmental Team,2023-10-27,2023-11-23,,In Progress,Medium,False,,,
CA-00748,INS-JH-001-3875,,Conduct training,Conduct training को लागू किया जाना चाहिए,Maintenance Team,2023-03-22,2023-05-08,2023-05-17,Open,Critical,False,,,
CA-00749,INS-JH-002-1977,INC-JH-001-147,Conduct training,Conduct training को लागू किया जाना चाहिए,Safety Team,2023-12-11,2024-01-12,,Open,High,False,,,
CA-00750,INS-OD-001-2976,INC-JH-002-278,Conduct training,Conduct training को लागू किया जाना चाहिए,Environmental Team,2023-10-29,2023-11-11,2023-11-07,In Progress,High,True,Sita Devi,2023-11-08,
CA-00751,INS-JH-002-4729,,Conduct training,Conduct training को लागू किया जाना चाहिए,Maintenance Team,2023-12-27,2024-02-10,2024-02-08,Open,Low,False,,,
CA-00752,INS-JH-001-4366,INC-JH-001-042,Repair roof supports,Repair roof supports को लागू किया जाना चाहिए,Maintenance Team,2023-08-07,2023-08-20,2023-08-29,Overdue,Medium,True,Rajesh Kumar,2023-08-30,Waiting for approval
CA-00753,INS-JH-002-1696,INC-JH-001-016,Repair roof supports,Repair roof supports को लागू किया जाना चाहिए,Environmental Team,2023-12-06,2024-01-20,2024-01-22,In Progress,Low,False,,,
CA-00754,INS-JH-002-1158,,Install dust suppression,Install dust suppression को लागू किया जाना चाहिए,Maintenance Team,2023-01-29,2023-03-05,,Rejected,Critical,False,,,
CA-00755,INS-JH-001-2919,,Conduct training,Conduct training को लागू किया जाना चाहिए,Maintenance Team,2023-05-21,2023-07-17,,Rejected,Low,False,,,
CA-00756,INS-JH-002-3352,,Install dust suppression,Install dust suppression को लागू किया जाना चाहिए,Safety Team,2023-04-17,2023-06-02,,Overdue,Medium,False,,,Equipment unavailability
CA-00757,INS-JH-001-1728,,Verify compliance,Verify compliance को लागू किया जाना चाहिए,Environmental Team,2023-06-28,2023-07-22,2023-07-26,Overdue,High,True,Rajesh Kumar,2023-07-27,Equipment unavailability
CA-00758,INS-JH-002-2463,,Conduct training,Conduct training को लागू किया जाना चाहिए,Maintenance Team,2023-08-28,2023-09-17,,Overdue,Low,False,,,Waiting for approval
CA-00759,INS-OD-001-0467,INC-JH-002-085,Verify compliance,Verify compliance को लागू किया जाना चाहिए,Environmental Team,2023-03-07,2023-04-06,,In Progress,Low,False,,,
CA-00760,INS-OD-001-3317,,Verify compliance,Verify compliance को लागू किया जाना चाहिए,Maintenance Team,2023-06-24,2023-08-20,,Open,Low,False,,,
CA-00761,INS-JH-001-0103,INC-JH-002-024,Verify compliance,Verify compliance को लागू किया जाना चाहिए,Safety Team,2023-09-23,2023-11-01,,In Progress,Critical,False,,,
CA-00762,INS-JH-002-4200,,Repair roof supports,Repair roof supports को लागू किया जाना चाहिए,Maintenance Team,2023-09-11,2023-10-20,2023-10-30,Rejected,Critical,False,,,
CA-00763,INS-JH-001-2878,,Verify compliance,Verify compliance को लागू किया जाना चाहिए,Safety Team,2023-12-22,2024-01-23,2024-01-18,Escalated,Medium,True,Rajesh Kumar,2024-01-19,
CA-00764,INS-JH-002-4634,INC-JH-002-073,Install dust suppression,Install dust suppression को लागू किया जाना चाहिए,Maintenance Team,2023-07-29,2023-09-02,2023-09-05,Escalated,Critical,True,Rajesh Kumar,2023-09-06,
CA-00765,INS-JH-001-1527,,Conduct training,Conduct training को लागू किया जाना चाहिए,Safety Team,2023-09-27,2023-10-13,2023-10-14,Escalated,High,True,Sita Devi,2023-10-15,
CA-00766,INS-JH-001-4442,,Install dust suppression,Install dust suppression को लागू किया जाना चाहिए,Safety Team,2023-03-19,2023-04-19,,Completed,Medium,False,,,
CA-00767,INS-JH-002-0600,,Verify compliance,Verify compliance को लागू किया जाना चाहिए,Safety Team,2023-08-14,2023-09-30,,Rejected,High,False,,,
CA-00768,INS-OD-001-1864,,Install dust suppression,Install dust suppression को लागू किया जाना चाहिए,Environmental Team,2023-10-25,2023-12-23,2023-12-19,Rejected,Medium,False,,,
CA-00769,INS-JH-002-4903,,Conduct training,Conduct training को लागू किया जाना चाहिए,Environmental Team,2023-09-27,2023-11-21,2023-12-01,Completed,High,True,Sita Devi,2023-12-02,
CA-00770,INS-OD-001-1886,,Install dust suppression,Install dust suppression को लागू किया जाना चाहिए,Environmental Team,2023-04-04,2023-05-29,2023-06-04,Completed,Medium,True,Rajesh Kumar,2023-06-05,
CA-00771,INS-JH-001-1577,,Verify compliance,Verify compliance को लागू किया जाना चाहिए,Maintenance Team,2023-09-01,2023-10-04,,In Progress,Critical,False,,,
CA-00772,INS-JH-002-0460,INC-JH-001-069,Install dust suppression,Install dust suppression को लागू किया जाना चाहिए,Environmental Team,2023-06-23,2023-08-01,2023-08-08,In Progress,Low,False,,,
CA-00773,INS-OD-001-1029,,Conduct training,Conduct training को लागू किया जाना चाहिए,Environmental Team,2023-08-08,2023-09-13,2023-09-15,Escalated,Critical,False,,,
CA-00774,INS-OD-001-4350,,Repair roof supports,Repair roof supports को लागू किया जाना चाहिए,Safety Team,2023-03-12,2023-05-05,2023-05-03,Overdue,High,False,,,Equipment unavailability
CA-00775,INS-OD-001-4837,,Verify compliance,Verify compliance को लागू किया जाना चाहिए,Maintenance Team,2023-10-01,2023-11-28,2023-11-23,Escalated,Critical,True,Sita Devi,2023-11-24,
CA-00776,INS-JH-001-1905,,Install dust suppression,Install dust suppression को लागू किया जाना चाहिए,Safety Team,2023-03-25,2023-05-07,2023-05-08,Open,Critical,False,,,
CA-00777,INS-OD-001-3188,INC-OD-001-194,Conduct training,Conduct training को लागू किया जाना चाहिए,Safety Team,2023-02-09,2023-02-19,2023-02-28,Rejected,Low,False,,,
CA-00778,INS-JH-002-4927,,Install dust suppression,Install dust suppression को लागू किया जाना चाहिए,Safety Team,2023-08-06,2023-09-02,2023-09-07,Rejected,Medium,False,,,
CA-00779,INS-OD-001-0534,,Repair roof supports,Repair roof supports को लागू किया जाना चाहिए,Safety Team,2023-01-18,2023-02-12,2023-02-16,Escalated,Low,True,Sita Devi,2023-02-17,
CA-00780,INS-JH-002-1048,,Repair roof supports,Repair roof supports को लागू किया जाना चाहिए,Environmental Team,2023-12-12,2024-01-03,,Overdue,Medium,False,,,Equipment unavailability
CA-00781,INS-JH-001-3706,,Conduct training,Conduct training को लागू किया जाना चाहिए,Environmental Team,2023-09-09,2023-09-19,2023-09-22,Open,High,True,Rajesh Kumar,2023-09-23,
CA-00782,INS-JH-001-4002,,Conduct training,Conduct training को लागू किया जाना चाहिए,Maintenance Team,2023-11-03,2023-11-12,2023-11-13,Completed,Medium,True,Sita Devi,2023-11-14,
CA-00783,INS-JH-002-0280,INC-JH-001-298,Repair roof supports,Repair roof supports को लागू किया जाना चाहिए,Environmental Team,2023-03-21,2023-04-23,,Escalated,Low,False,,,
CA-00784,INS-JH-001-0443,,Repair roof supports,Repair roof supports को लागू किया जाना चाहिए,Environmental Team,2023-09-12,2023-09-23,2023-10-01,Completed,Medium,True,Sita Devi,2023-10-02,
CA-00785,INS-OD-001-3300,,Conduct training,Conduct training को लागू किया जाना चाहिए,Environmental Team,2023-09-08,2023-10-24,2023-10-22,Escalated,Medium,False,,,
CA-00786,INS-JH-001-3455,INC-JH-001-027,Repair roof supports,Repair roof supports को लागू किया जाना चाहिए,Environmental Team,2023-12-12,2024-01-11,2024-01-08,Open,High,True,Rajesh Kumar,2024-01-09,
CA-00787,INS-OD-001-0773,,Install dust suppression,Install dust suppression को लागू किया जाना चाहिए,Environmental Team,2023-01-08,2023-03-07,,In Progress,Critical,False,,,
CA-00788,INS-JH-001-3824,INC-OD-001-052,Repair roof supports,Repair roof supports को लागू किया जाना चाहिए,Environmental Team,2023-09-20,2023-11-03,,In Progress,Medium,False,,,
CA-00789,INS-JH-002-2102,,Repair roof supports,Repair roof supports को लागू किया जाना चाहिए,Environmental Team,2023-04-16,2023-06-04,2023-06-14,Escalated,Critical,True,Sita Devi,2023-06-15,
CA-00790,INS-JH-001-0916,INC-JH-001-244,Verify compliance,Verify compliance को लागू किया जाना चाहिए,Safety Team,2023-11-30,2024-01-03,2023-12-29,Overdue,Critical,False,,,Waiting for approval
CA-00791,INS-JH-002-0989,,Conduct training,Conduct training को लागू किया जाना चाहिए,Maintenance Team,2023-12-14,2023-12-29,,In Progress,Low,False,,,
CA-00792,INS-JH-002-0986,,Conduct training,Conduct training को लागू किया जाना चाहिए,Maintenance Team,2023-01-24,2023-03-19,2023-03-23,Completed,High,True,Rajesh Kumar,2023-03-24,
CA-00793,INS-JH-001-0204,,Conduct training,Conduct training को लागू किया जाना चाहिए,Maintenance Team,2023-12-21,2024-01-05,2024-01-08,Completed,Low,True,Sita Devi,2024-01-09,
CA-00794,INS-JH-002-2725,,Verify compliance,Verify compliance को लागू किया जाना चाहिए,Maintenance Team,2023-11-16,2023-12-02,,Rejected,Critical,False,,,
CA-00795,INS-OD-001-1922,INC-JH-001-115,Repair roof supports,Repair roof supports को लागू किया जाना चाहिए,Environmental Team,2023-05-05,2023-06-26,2023-07-05,Overdue,Low,True,Sita Devi,2023-07-06,Equipment unavailability
CA-00796,INS-JH-002-1201,,Install dust suppression,Install dust suppression को लागू किया जाना चाहिए,Safety Team,2023-01-31,2023-02-14,,Escalated,High,False,,,
CA-00797,INS-JH-001-1287,,Conduct training,Conduct training को लागू किया जाना चाहिए,Safety Team,2023-03-10,2023-04-02,2023-04-04,Open,Critical,False,,,
CA-00798,INS-JH-001-0837,,Install dust suppression,Install dust suppression को लागू किया जाना चाहिए,Safety Team,2023-02-05,2023-02-18,2023-02-18,Open,Medium,True,Rajesh Kumar,2023-02-19,
CA-00799,INS-OD-001-0038,,Install dust suppression,Install dust suppression को लागू किया जाना चाहिए,Maintenance Team,2023-12-29,2024-02-24,,Rejected,Critical,False,,,
CA-00800,INS-JH-002-4868,,Install dust suppression,Install dust suppression को लागू किया जाना चाहिए,Maintenance Team,2023-05-26,2023-07-08,2023-07-06,Overdue,Medium,True,Rajesh Kumar,2023-07-07,Waiting for approval
CA-00801,INS-JH-002-4455,,Conduct training,Conduct training को लागू किया जाना चाहिए,Safety Team,2023-06-09,2023-07-22,,Completed,Critical,False,,,
CA-00802,INS-JH-002-0684,,Install dust suppression,Install dust suppression को लागू किया जाना चाहिए,Safety Team,2023-06-21,2023-07-24,,Rejected,Critical,False,,,
CA-00803,INS-JH-001-1238,INC-JH-002-198,Repair roof supports,Repair roof supports को लागू किया जाना चाहिए,Maintenance Team,2023-10-01,2023-11-17,,Rejected,Critical,False,,,
CA-00804,INS-OD-001-1613,INC-OD-001-082,Verify compliance,Verify compliance को लागू किया जाना चाहिए,Maintenance Team,2023-05-09,2023-05-28,,In Progress,Critical,False,,,
CA-00805,INS-JH-002-4198,,Install dust suppression,Install dust suppression को लागू किया जाना चाहिए,Maintenance Team,2023-06-27,2023-07-13,,In Progress,Low,False,,,
CA-00806,INS-OD-001-4275,INC-JH-002-123,Repair roof supports,Repair roof supports को लागू किया जाना चाहिए,Environmental Team,2023-11-17,2023-12-05,,Overdue,Low,False,,,Equipment unavailability
CA-00807,INS-JH-002-4564,INC-OD-001-205,Verify compliance,Verify compliance को लागू किया जाना चाहिए,Maintenance Team,2023-11-11,2023-11-21,,Overdue,Critical,False,,,Waiting for approval
CA-00808,INS-JH-001-4420,INC-OD-001-190,Conduct training,Conduct training को लागू किया जाना चाहिए,Maintenance Team,2023-08-23,2023-09-14,2023-09-18,In Progress,Low,True,Sita Devi,2023-09-19,
CA-00809,INS-OD-001-3670,INC-JH-002-202,Verify compliance,Verify compliance को लागू किया जाना चाहिए,Environmental Team,2023-08-25,2023-09-22,2023-10-02,Open,Low,True,Sita Devi,2023-10-03,
CA-00810,INS-JH-001-1092,INC-OD-001-253,Install dust suppression,Install dust suppression को लागू किया जाना चाहिए,Environmental Team,2023-07-08,2023-08-07,2023-08-07,Open,Low,True,Rajesh Kumar,2023-08-08,
CA-00811,INS-JH-002-4497,INC-OD-001-027,Verify compliance,Verify compliance को लागू किया जाना चाहिए,Safety Team,2023-04-23,2023-05-20,2023-05-22,Rejected,Medium,False,,,
CA-00812,INS-OD-001-3842,,Verify compliance,Verify compliance को लागू किया जाना चाहिए,Environmental Team,2023-02-10,2023-02-27,2023-03-02,Escalated,High,True,Rajesh Kumar,2023-03-03,
CA-00813,INS-JH-002-1809,,Install dust suppression,Install dust suppression को लागू किया जाना चाहिए,Maintenance Team,2023-12-26,2024-02-02,2024-02-11,In Progress,Critical,True,Rajesh Kumar,2024-02-12,
CA-00814,INS-JH-002-1240,,Conduct training,Conduct training को लागू किया जाना चाहिए,Safety Team,2023-08-21,2023-08-28,2023-09-05,Overdue,High,True,Sita Devi,2023-09-06,Equipment unavailability
CA-00815,INS-JH-002-1190,,Repair roof supports,Repair roof supports को लागू किया जाना चाहिए,Safety Team,2023-03-10,2023-04-13,2023-04-19,Completed,Critical,True,Sita Devi,2023-04-20,
CA-00816,INS-JH-002-4210,,Repair roof supports,Repair roof supports को लागू किया जाना चाहिए,Maintenance Team,2023-01-19,2023-02-17,2023-02-22,Escalated,High,True,Rajesh Kumar,2023-02-23,
CA-00817,INS-JH-001-2065,,Conduct training,Conduct training को लागू किया जाना चाहिए,Maintenance Team,2023-11-18,2024-01-02,,Overdue,Medium,False,,,Parts not available
CA-00818,INS-JH-001-3895,,Conduct training,Conduct training को लागू किया जाना चाहिए,Environmental Team,2023-04-20,2023-05-11,2023-05-11,Completed,Medium,False,,,
CA-00819,INS-JH-002-2054,,Repair roof supports,Repair roof supports को लागू किया जाना चाहिए,Maintenance Team,2023-12-19,2024-01-04,2023-12-30,Open,Critical,False,,,
CA-00820,INS-JH-002-1650,,Install dust suppression,Install dust suppression को लागू किया जाना चाहिए,Environmental Team,2023-03-04,2023-04-14,2023-04-16,Rejected,Medium,True,Sita Devi,2023-04-17,
CA-00821,INS-JH-002-1565,,Conduct training,Conduct training को लागू किया जाना चाहिए,Safety Team,2023-12-22,2024-02-11,,Rejected,High,False,,,
CA-00822,INS-JH-001-4156,,Install dust suppression,Install dust suppression को लागू किया जाना चाहिए,Safety Team,2023-10-10,2023-11-19,2023-11-14,Completed,Low,True,Rajesh Kumar,2023-11-15,
CA-00823,INS-OD-001-3780,,Repair roof supports,Repair roof supports को लागू किया जाना चाहिए,Environmental Team,2023-04-09,2023-05-06,,Completed,Low,False,,,
CA-00824,INS-JH-001-1549,INC-JH-002-140,Install dust suppression,Install dust suppression को लागू किया जाना चाहिए,Environmental Team,2023-07-06,2023-08-29,2023-08-31,Rejected,Medium,False,,,
CA-00825,INS-JH-001-1721,,Verify compliance,Verify compliance को लागू किया जाना चाहिए,Maintenance Team,2023-12-09,2024-01-27,,Escalated,Low,False,,,
CA-00826,INS-OD-001-1324,,Conduct training,Conduct training को लागू किया जाना चाहिए,Environmental Team,2023-09-15,2023-09-26,,Rejected,Low,False,,,
CA-00827,INS-OD-001-2739,,Conduct training,Conduct training को लागू किया जाना चाहिए,Safety Team,2023-09-07,2023-10-01,2023-09-30,In Progress,Critical,False,,,
CA-00828,INS-JH-001-3401,,Conduct training,Conduct training को लागू किया जाना चाहिए,Safety Team,2023-01-20,2023-02-13,2023-02-23,Open,High,True,Rajesh Kumar,2023-02-24,
CA-00829,INS-JH-002-4431,INC-OD-001-056,Repair roof supports,Repair roof supports को लागू किया जाना चाहिए,Environmental Team,2023-05-30,2023-07-16,,Overdue,Medium,False,,,Waiting for approval
CA-00830,INS-JH-002-4003,INC-OD-001-123,Install dust suppression,Install dust suppression को लागू किया जाना चाहिए,Safety Team,2023-08-18,2023-10-14,,In Progress,Low,False,,,
CA-00831,INS-JH-002-3522,INC-JH-002-056,Install dust suppression,Install dust suppression को लागू किया जाना चाहिए,Environmental Team,2023-09-10,2023-10-25,2023-10-20,Completed,Critical,True,Sita Devi,2023-10-21,
CA-00832,INS-JH-001-0817,,Install dust suppression,Install dust suppression को लागू किया जाना चाहिए,Environmental Team,2023-03-30,2023-05-07,2023-05-09,Overdue,Medium,True,Rajesh Kumar,2023-05-10,Parts not available
CA-00833,INS-JH-002-3983,,Install dust suppression,Install dust suppression को लागू किया जाना चाहिए,Environmental Team,2023-01-05,2023-01-27,,In Progress,Low,False,,,
CA-00834,INS-OD-001-4153,,Install dust suppression,Install dust suppression को लागू किया जाना चाहिए,Environmental Team,2023-07-27,2023-08-30,2023-09-09,Open,High,False,,,
CA-00835,INS-OD-001-2637,INC-JH-002-082,Conduct training,Conduct training को लागू किया जाना चाहिए,Maintenance Team,2023-07-30,2023-09-10,2023-09-13,Completed,Medium,True,Rajesh Kumar,2023-09-14,
CA-00836,INS-OD-001-0318,INC-JH-002-103,Conduct training,Conduct training को लागू किया जाना चाहिए,Maintenance Team,2023-07-06,2023-07-27,,Completed,Medium,False,,,
CA-00837,INS-OD-001-1738,,Install dust suppression,Install dust suppression को लागू किया जाना चाहिए,Maintenance Team,2023-08-30,2023-10-22,2023-10-24,Completed,High,True,Rajesh Kumar,2023-10-25,
CA-00838,INS-JH-001-4832,,Verify compliance,Verify compliance को लागू किया जाना चाहिए,Environmental Team,2023-03-28,2023-04-28,2023-05-02,Escalated,High,True,Rajesh Kumar,2023-05-03,
CA-00839,INS-OD-001-3076,,Install dust suppression,Install dust suppression को लागू किया जाना चाहिए,Safety Team,2023-10-09,2023-12-08,,Escalated,Medium,False,,,
CA-00840,INS-JH-002-1524,INC-JH-002-121,Verify compliance,Verify compliance को लागू किया जाना चाहिए,Environmental Team,2023-03-24,2023-05-16,,Overdue,Medium,False,,,Waiting for approval
CA-00841,INS-JH-002-0915,INC-JH-002-057,Verify compliance,Verify compliance को लागू किया जाना चाहिए,Environmental Team,2023-02-02,2023-02-21,2023-02-22,Completed,Low,True,Rajesh Kumar,2023-02-23,
CA-00842,INS-JH-001-2941,,Conduct training,Conduct training को लागू किया जाना चाहिए,Maintenance Team,2023-04-07,2023-05-04,2023-05-05,Completed,High,False,,,
CA-00843,INS-JH-001-1640,INC-OD-001-174,Verify compliance,Verify compliance को लागू किया जाना चाहिए,Environmental Team,2023-07-22,2023-08-03,2023-08-06,Completed,Low,False,,,
CA-00844,INS-JH-002-4787,,Conduct training,Conduct training को लागू किया जाना चाहिए,Maintenance Team,2023-02-12,2023-03-12,,Overdue,Low,False,,,Waiting for approval
CA-00845,INS-JH-002-2499,,Conduct training,Conduct training को लागू किया जाना चाहिए,Maintenance Team,2023-07-27,2023-08-26,2023-08-28,Open,Medium,True,Rajesh Kumar,2023-08-29,
CA-00846,INS-JH-001-3470,,Verify compliance,Verify compliance को लागू किया जाना चाहिए,Safety Team,2023-11-30,2023-12-17,,Open,High,False,,,
CA-00847,INS-JH-001-2368,,Conduct training,Conduct training को लागू किया जाना चाहिए,Safety Team,2023-01-05,2023-01-28,,Completed,High,False,,,
CA-00848,INS-JH-001-1648,,Repair roof supports,Repair roof supports को लागू किया जाना चाहिए,Safety Team,2023-06-22,2023-06-30,2023-07-02,In Progress,Low,True,Sita Devi,2023-07-03,
CA-00849,INS-OD-001-4507,,Verify compliance,Verify compliance को लागू किया जाना चाहिए,Safety Team,2023-03-16,2023-03-27,2023-03-29,In Progress,Critical,True,Sita Devi,2023-03-30,
CA-00850,INS-OD-001-3073,,Install dust suppression,Install dust suppression को लागू किया जाना चाहिए,Maintenance Team,2023-03-06,2023-04-19,,In Progress,Low,False,,,
CA-00851,INS-JH-002-2798,INC-JH-001-184,Verify compliance,Verify compliance को लागू किया जाना चाहिए,Maintenance Team,2023-11-26,2024-01-16,2024-01-26,Rejected,Critical,False,,,
CA-00852,INS-OD-001-4873,,Verify compliance,Verify compliance को लागू किया जाना चाहिए,Environmental Team,2023-04-09,2023-05-02,2023-05-02,Rejected,High,True,Sita Devi,2023-05-03,
CA-00853,INS-JH-002-1153,,Install dust suppression,Install dust suppression को लागू किया जाना चाहिए,Maintenance Team,2023-08-18,2023-09-16,,Overdue,Critical,False,,,Parts not available
CA-00854,INS-JH-002-0266,,Install dust suppression,Install dust suppression को लागू किया जाना चाहिए,Safety Team,2023-11-20,2024-01-17,2024-01-15,Completed,Critical,False,,,
CA-00855,INS-JH-002-2549,INC-OD-001-214,Install dust suppression,Install dust suppression को लागू किया जाना चाहिए,Maintenance Team,2023-03-31,2023-04-08,,Rejected,Low,False,,,
CA-00856,INS-OD-001-1000,INC-JH-002-030,Conduct training,Conduct training को लागू किया जाना चाहिए,Safety Team,2023-07-27,2023-08-24,2023-08-29,Completed,High,True,Sita Devi,2023-08-30,
CA-00857,INS-JH-001-1616,INC-JH-001-035,Repair roof supports,Repair roof supports को लागू किया जाना चाहिए,Maintenance Team,2023-06-07,2023-06-19,2023-06-14,Rejected,High,True,Sita Devi,2023-06-15,
CA-00858,INS-JH-001-2335,,Install dust suppression,Install dust suppression को लागू किया जाना चाहिए,Environmental Team,2023-09-13,2023-10-04,2023-10-08,In Progress,Medium,False,,,
CA-00859,INS-JH-002-3206,,Conduct training,Conduct training को लागू किया जाना चाहिए,Maintenance Team,2023-11-06,2023-12-28,2023-12-27,Escalated,High,False,,,
CA-00860,INS-JH-001-4154,,Conduct training,Conduct training को लागू किया जाना चाहिए,Safety Team,2023-06-07,2023-06-27,2023-07-03,Completed,Critical,True,Rajesh Kumar,2023-07-04,
CA-00861,INS-OD-001-1878,,Verify compliance,Verify compliance को लागू किया जाना चाहिए,Safety Team,2023-12-22,2024-01-14,,Rejected,Low,False,,,
CA-00862,INS-JH-002-2246,INC-JH-001-066,Verify compliance,Verify compliance को लागू किया जाना चाहिए,Environmental Team,2023-03-09,2023-04-29,2023-04-29,In Progress,Medium,False,,,
CA-00863,INS-JH-001-1925,,Verify compliance,Verify compliance को लागू किया जाना चाहिए,Environmental Team,2023-01-05,2023-02-23,,Escalated,Medium,False,,,
CA-00864,INS-OD-001-4978,INC-JH-001-093,Verify compliance,Verify compliance को लागू किया जाना चाहिए,Maintenance Team,2023-01-30,2023-03-18,2023-03-14,Overdue,Low,False,,,Waiting for approval
CA-00865,INS-JH-002-0895,INC-JH-002-299,Verify compliance,Verify compliance को लागू किया जाना चाहिए,Safety Team,2023-12-18,2024-02-04,2024-02-05,In Progress,Medium,True,Rajesh Kumar,2024-02-06,
CA-00866,INS-OD-001-3968,,Verify compliance,Verify compliance को लागू किया जाना चाहिए,Environmental Team,2023-06-01,2023-06-17,,Rejected,High,False,,,
CA-00867,INS-OD-001-3861,,Repair roof supports,Repair roof supports को लागू किया जाना चाहिए,Environmental Team,2023-12-07,2023-12-15,2023-12-18,Escalated,Medium,True,Rajesh Kumar,2023-12-19,
CA-00868,INS-JH-002-2415,INC-JH-001-109,Install dust suppression,Install dust suppression को लागू किया जाना चाहिए,Environmental Team,2023-10-02,2023-11-05,2023-11-02,Rejected,Low,True,Rajesh Kumar,2023-11-03,
CA-00869,INS-JH-002-2453,,Repair roof supports,Repair roof supports को लागू किया जाना चाहिए,Environmental Team,2023-08-19,2023-10-14,2023-10-15,Overdue,Low,True,Sita Devi,2023-10-16,Equipment unavailability
CA-00870,INS-JH-001-1420,INC-JH-001-198,Repair roof supports,Repair roof supports को लागू किया जाना चाहिए,Environmental Team,2023-07-13,2023-08-07,2023-08-04,Overdue,Medium,True,Rajesh Kumar,2023-08-05,Equipment unavailability
CA-00871,INS-OD-001-4871,,Install dust suppression,Install dust suppression को लागू किया जाना चाहिए,Environmental Team,2023-04-25,2023-06-15,2023-06-23,Escalated,High,True,Rajesh Kumar,2023-06-24,
CA-00872,INS-JH-002-2682,,Verify compliance,Verify compliance को लागू किया जाना चाहिए,Environmental Team,2023-09-23,2023-11-07,2023-11-09,Open,Low,False,,,
CA-00873,INS-JH-001-4442,,Conduct training,Conduct training को लागू किया जाना चाहिए,Safety Team,2023-01-06,2023-02-05,2023-02-08,Completed,Critical,True,Rajesh Kumar,2023-02-09,
CA-00874,INS-OD-001-0704,,Verify compliance,Verify compliance को लागू किया जाना चाहिए,Maintenance Team,2023-09-05,2023-11-03,,Completed,Low,False,,,
CA-00875,INS-JH-002-1496,,Conduct training,Conduct training को लागू किया जाना चाहिए,Maintenance Team,2023-05-01,2023-06-07,,In Progress,Medium,False,,,
CA-00876,INS-JH-002-3643,,Install dust suppression,Install dust suppression को लागू किया जाना चाहिए,Environmental Team,2023-08-25,2023-09-11,2023-09-19,Rejected,Medium,False,,,
CA-00877,INS-OD-001-2995,INC-JH-002-089,Install dust suppression,Install dust suppression को लागू किया जाना चाहिए,Environmental Team,2023-08-11,2023-08-27,2023-09-02,Overdue,Medium,True,Sita Devi,2023-09-03,Parts not available
CA-00878,INS-JH-001-1096,,Conduct training,Conduct training को लागू किया जाना चाहिए,Environmental Team,2023-01-30,2023-03-15,2023-03-16,Completed,Medium,True,Rajesh Kumar,2023-03-17,
CA-00879,INS-JH-002-1816,INC-JH-002-131,Conduct training,Conduct training को लागू किया जाना चाहिए,Environmental Team,2023-04-18,2023-04-25,,Open,High,False,,,
CA-00880,INS-JH-002-4341,,Install dust suppression,Install dust suppression को लागू किया जाना चाहिए,Maintenance Team,2023-11-01,2023-11-22,2023-12-02,In Progress,Critical,True,Sita Devi,2023-12-03,
CA-00881,INS-OD-001-3556,,Install dust suppression,Install dust suppression को लागू किया जाना चाहिए,Safety Team,2023-04-10,2023-05-06,2023-05-15,Open,Low,True,Sita Devi,2023-05-16,
CA-00882,INS-OD-001-0182,,Conduct training,Conduct training को लागू किया जाना चाहिए,Safety Team,2023-01-20,2023-02-07,2023-02-17,In Progress,Medium,False,,,
CA-00883,INS-JH-002-3377,,Repair roof supports,Repair roof supports को लागू किया जाना चाहिए,Maintenance Team,2023-03-19,2023-03-26,2023-04-02,Completed,Critical,True,Sita Devi,2023-04-03,
CA-00884,INS-JH-002-2860,,Repair roof supports,Repair roof supports को लागू किया जाना चाहिए,Safety Team,2023-04-27,2023-06-22,,Completed,Critical,False,,,
CA-00885,INS-JH-002-3115,INC-JH-001-204,Verify compliance,Verify compliance को लागू किया जाना चाहिए,Safety Team,2023-12-11,2024-01-02,2024-01-10,Open,Medium,True,Rajesh Kumar,2024-01-11,
CA-00886,INS-JH-002-2896,INC-JH-002-255,Verify compliance,Verify compliance को लागू किया जाना चाहिए,Safety Team,2023-11-25,2024-01-21,,Completed,High,False,,,
CA-00887,INS-JH-001-3244,INC-OD-001-086,Conduct training,Conduct training को लागू किया जाना चाहिए,Maintenance Team,2023-11-06,2023-12-25,2023-12-22,Completed,High,True,Rajesh Kumar,2023-12-23,
CA-00888,INS-OD-001-1154,,Install dust suppression,Install dust suppression को लागू किया जाना चाहिए,Environmental Team,2023-04-08,2023-05-10,,Escalated,Low,False,,,
CA-00889,INS-JH-002-3551,,Repair roof supports,Repair roof supports को लागू किया जाना चाहिए,Maintenance Team,2023-10-12,2023-11-03,2023-10-30,In Progress,Critical,True,Rajesh Kumar,2023-10-31,
CA-00890,INS-OD-001-3157,,Install dust suppression,Install dust suppression को लागू किया जाना चाहिए,Safety Team,2023-02-15,2023-03-08,2023-03-04,In Progress,Critical,True,Sita Devi,2023-03-05,
CA-00891,INS-JH-001-2456,INC-JH-001-009,Install dust suppression,Install dust suppression को लागू किया जाना चाहिए,Maintenance Team,2023-10-25,2023-11-02,2023-11-12,In Progress,Critical,True,Rajesh Kumar,2023-11-13,
CA-00892,INS-OD-001-1930,,Conduct training,Conduct training को लागू किया जाना चाहिए,Safety Team,2023-08-01,2023-08-15,,Completed,High,False,,,
CA-00893,INS-OD-001-3914,INC-OD-001-156,Install dust suppression,Install dust suppression को लागू किया जाना चाहिए,Maintenance Team,2023-09-23,2023-10-07,,Open,High,False,,,
CA-00894,INS-JH-001-1376,,Verify compliance,Verify compliance को लागू किया जाना चाहिए,Safety Team,2023-07-31,2023-09-06,2023-09-04,Rejected,Critical,True,Sita Devi,2023-09-05,
CA-00895,INS-JH-002-2895,,Repair roof supports,Repair roof supports को लागू किया जाना चाहिए,Safety Team,2023-04-27,2023-05-17,,Overdue,High,False,,,Equipment unavailability
CA-00896,INS-JH-001-0707,,Verify compliance,Verify compliance को लागू किया जाना चाहिए,Safety Team,2023-04-08,2023-05-26,2023-05-28,Rejected,Critical,False,,,
CA-00897,INS-JH-002-2530,,Verify compliance,Verify compliance को लागू किया जाना चाहिए,Safety Team,2023-09-03,2023-11-01,2023-10-27,In Progress,Critical,True,Rajesh Kumar,2023-10-28,
CA-00898,INS-OD-001-4992,INC-JH-001-170,Repair roof supports,Repair roof supports को लागू किया जाना चाहिए,Safety Team,2023-02-06,2023-02-22,,Rejected,Critical,False,,,
CA-00899,INS-JH-002-2791,,Verify compliance,Verify compliance को लागू किया जाना चाहिए,Safety Team,2023-01-29,2023-02-05,,Completed,Critical,False,,,
CA-00900,INS-JH-001-1088,INC-OD-001-010,Verify compliance,Verify compliance को लागू किया जाना चाहिए,Maintenance Team,2023-04-09,2023-05-03,,Open,Critical,False,,,
CA-00901,INS-JH-002-0606,,Install dust suppression,Install dust suppression को लागू किया जाना चाहिए,Environmental Team,2023-04-13,2023-04-23,,In Progress,High,False,,,
CA-00902,INS-OD-001-1131,INC-JH-002-285,Install dust suppression,Install dust suppression को लागू किया जाना चाहिए,Maintenance Team,2023-06-17,2023-07-20,2023-07-28,In Progress,High,False,,,
CA-00903,INS-JH-002-1150,INC-JH-002-055,Conduct training,Conduct training को लागू किया जाना चाहिए,Safety Team,2023-08-13,2023-09-07,2023-09-02,Escalated,High,True,Rajesh Kumar,2023-09-03,
CA-00904,INS-JH-001-1377,,Install dust suppression,Install dust suppression को लागू किया जाना चाहिए,Environmental Team,2023-04-12,2023-05-25,2023-06-02,Escalated,High,False,,,
CA-00905,INS-OD-001-1901,,Verify compliance,Verify compliance को लागू किया जाना चाहिए,Maintenance Team,2023-12-25,2024-01-18,,Completed,Low,False,,,
CA-00906,INS-OD-001-3291,,Repair roof supports,Repair roof supports को लागू किया जाना चाहिए,Safety Team,2023-09-23,2023-10-24,2023-10-30,Overdue,Critical,True,Sita Devi,2023-10-31,Waiting for approval
CA-00907,INS-JH-002-1658,,Conduct training,Conduct training को लागू किया जाना चाहिए,Safety Team,2023-10-01,2023-11-10,2023-11-15,Escalated,Critical,True,Rajesh Kumar,2023-11-16,
CA-00908,INS-JH-001-3121,INC-JH-001-156,Verify compliance,Verify compliance को लागू किया जाना चाहिए,Environmental Team,2023-07-13,2023-09-05,,Rejected,Low,False,,,
CA-00909,INS-JH-002-0953,,Conduct training,Conduct training को लागू किया जाना चाहिए,Maintenance Team,2023-12-05,2024-01-28,2024-02-01,Open,Low,False,,,
CA-00910,INS-JH-001-2996,,Conduct training,Conduct training को लागू किया जाना चाहिए,Environmental Team,2023-06-15,2023-08-01,2023-07-27,Escalated,Medium,True,Sita Devi,2023-07-28,
CA-00911,INS-JH-001-3667,,Repair roof supports,Repair roof supports को लागू किया जाना चाहिए,Safety Team,2023-07-22,2023-09-19,,Escalated,Critical,False,,,
CA-00912,INS-JH-001-3000,INC-OD-001-042,Verify compliance,Verify compliance को लागू किया जाना चाहिए,Environmental Team,2023-12-01,2024-01-16,,Overdue,Low,False,,,Waiting for approval
CA-00913,INS-OD-001-0501,,Conduct training,Conduct training को लागू किया जाना चाहिए,Safety Team,2023-12-26,2024-01-05,2024-01-07,Escalated,Medium,False,,,
CA-00914,INS-OD-001-1590,,Repair roof supports,Repair roof supports को लागू किया जाना चाहिए,Safety Team,2023-12-23,2024-01-20,2024-01-16,Open,Critical,False,,,
CA-00915,INS-JH-001-0736,INC-JH-001-073,Verify compliance,Verify compliance को लागू किया जाना चाहिए,Maintenance Team,2023-04-02,2023-04-16,2023-04-13,Overdue,High,True,Rajesh Kumar,2023-04-14,Waiting for approval
CA-00916,INS-OD-001-1825,INC-OD-001-066,Verify compliance,Verify compliance को लागू किया जाना चाहिए,Maintenance Team,2023-04-25,2023-05-19,2023-05-14,Rejected,High,True,Rajesh Kumar,2023-05-15,
CA-00917,INS-JH-002-2381,,Repair roof supports,Repair roof supports को लागू किया जाना चाहिए,Maintenance Team,2023-03-13,2023-04-13,2023-04-21,In Progress,High,False,,,
CA-00918,INS-OD-001-4858,INC-OD-001-218,Verify compliance,Verify compliance को लागू किया जाना चाहिए,Maintenance Team,2023-10-30,2023-11-07,2023-11-16,Completed,Medium,True,Sita Devi,2023-11-17,
CA-00919,INS-JH-001-1728,,Install dust suppression,Install dust suppression को लागू किया जाना चाहिए,Maintenance Team,2023-03-17,2023-04-26,2023-04-21,Open,Medium,True,Sita Devi,2023-04-22,
CA-00920,INS-JH-001-3360,,Repair roof supports,Repair roof supports को लागू किया जाना चाहिए,Maintenance Team,2023-05-27,2023-06-07,2023-06-09,Escalated,Medium,True,Rajesh Kumar,2023-06-10,
CA-00921,INS-JH-001-4823,,Install dust suppression,Install dust suppression को लागू किया जाना चाहिए,Environmental Team,2023-10-30,2023-11-22,2023-11-25,Escalated,Critical,True,Rajesh Kumar,2023-11-26,
CA-00922,INS-OD-001-2758,,Conduct training,Conduct training को लागू किया जाना चाहिए,Environmental Team,2023-10-22,2023-11-26,,Open,Critical,False,,,
CA-00923,INS-JH-001-1841,,Repair roof supports,Repair roof supports को लागू किया जाना चाहिए,Safety Team,2023-12-27,2024-02-19,2024-02-14,In Progress,Low,False,,,
CA-00924,INS-JH-002-2559,,Repair roof supports,Repair roof supports को लागू किया जाना चाहिए,Environmental Team,2023-01-06,2023-02-26,,Escalated,Medium,False,,,
CA-00925,INS-JH-002-4592,,Repair roof supports,Repair roof supports को लागू किया जाना चाहिए,Environmental Team,2023-03-10,2023-05-08,2023-05-14,Open,Low,False,,,
CA-00926,INS-OD-001-0579,,Repair roof supports,Repair roof supports को लागू किया जाना चाहिए,Environmental Team,2023-07-18,2023-08-13,2023-08-09,In Progress,Low,True,Sita Devi,2023-08-10,
CA-00927,INS-JH-002-4714,,Repair roof supports,Repair roof supports को लागू किया जाना चाहिए,Safety Team,2023-07-29,2023-09-09,2023-09-16,Escalated,Low,True,Sita Devi,2023-09-17,
CA-00928,INS-JH-001-1186,,Verify compliance,Verify compliance को लागू किया जाना चाहिए,Safety Team,2023-08-30,2023-09-14,2023-09-24,In Progress,Medium,True,Rajesh Kumar,2023-09-25,
CA-00929,INS-JH-002-4420,,Verify compliance,Verify compliance को लागू किया जाना चाहिए,Safety Team,2023-03-18,2023-04-24,2023-04-29,Escalated,Medium,True,Sita Devi,2023-04-30,
CA-00930,INS-OD-001-4876,,Install dust suppression,Install dust suppression को लागू किया जाना चाहिए,Safety Team,2023-04-17,2023-06-15,2023-06-14,Open,Low,True,Rajesh Kumar,2023-06-15,
CA-00931,INS-JH-001-3256,INC-OD-001-259,Repair roof supports,Repair roof supports को लागू किया जाना चाहिए,Maintenance Team,2023-09-13,2023-10-26,2023-11-01,In Progress,High,False,,,
CA-00932,INS-OD-001-0240,,Verify compliance,Verify compliance को लागू किया जाना चाहिए,Environmental Team,2023-01-12,2023-02-17,,Completed,Medium,False,,,
CA-00933,INS-JH-002-3183,,Repair roof supports,Repair roof supports को लागू किया जाना चाहिए,Environmental Team,2023-12-14,2024-02-04,2024-01-30,Completed,Medium,True,Rajesh Kumar,2024-01-31,
CA-00934,INS-JH-001-3255,,Install dust suppression,Install dust suppression को लागू किया जाना चाहिए,Safety Team,2023-11-17,2023-12-21,2023-12-16,Escalated,High,False,,,
CA-00935,INS-JH-001-0797,INC-OD-001-175,Install dust suppression,Install dust suppression को लागू किया जाना चाहिए,Maintenance Team,2023-11-16,2024-01-13,2024-01-23,In Progress,Critical,False,,,
CA-00936,INS-JH-002-1175,,Verify compliance,Verify compliance को लागू किया जाना चाहिए,Safety Team,2023-06-29,2023-08-26,,Open,High,False,,,
CA-00937,INS-OD-001-2731,INC-JH-001-190,Verify compliance,Verify compliance को लागू किया जाना चाहिए,Environmental Team,2023-03-22,2023-04-13,2023-04-16,In Progress,High,True,Sita Devi,2023-04-17,
CA-00938,INS-JH-001-2666,,Install dust suppression,Install dust suppression को लागू किया जाना चाहिए,Environmental Team,2023-10-25,2023-12-16,2023-12-26,Completed,Critical,True,Rajesh Kumar,2023-12-27,
CA-00939,INS-OD-001-4364,,Conduct training,Conduct training को लागू किया जाना चाहिए,Safety Team,2023-04-19,2023-06-12,,Overdue,Low,False,,,Equipment unavailability
CA-00940,INS-OD-001-4593,,Conduct training,Conduct training को लागू किया जाना चाहिए,Environmental Team,2023-10-01,2023-11-13,2023-11-17,Open,Critical,False,,,
CA-00941,INS-JH-001-2919,,Repair roof supports,Repair roof supports को लागू किया जाना चाहिए,Environmental Team,2023-01-06,2023-02-25,2023-02-25,In Progress,Low,True,Rajesh Kumar,2023-02-26,
CA-00942,INS-OD-001-1246,,Install dust suppression,Install dust suppression को लागू किया जाना चाहिए,Maintenance Team,2023-12-01,2023-12-16,2023-12-11,Completed,Medium,True,Rajesh Kumar,2023-12-12,
CA-00943,INS-OD-001-3919,,Conduct training,Conduct training को लागू किया जाना चाहिए,Maintenance Team,2023-05-14,2023-06-14,2023-06-09,Rejected,Critical,True,Sita Devi,2023-06-10,
CA-00944,INS-OD-001-0303,INC-JH-001-197,Install dust suppression,Install dust suppression को लागू किया जाना चाहिए,Maintenance Team,2023-03-02,2023-04-19,,Open,Critical,False,,,
CA-00945,INS-OD-001-4382,INC-OD-001-045,Verify compliance,Verify compliance को लागू किया जाना चाहिए,Environmental Team,2023-04-05,2023-05-07,2023-05-14,Rejected,Critical,False,,,
CA-00946,INS-JH-001-1313,INC-JH-001-272,Conduct training,Conduct training को लागू किया जाना चाहिए,Safety Team,2023-06-09,2023-07-11,,Overdue,High,False,,,Waiting for approval
CA-00947,INS-JH-002-3755,INC-OD-001-043,Verify compliance,Verify compliance को लागू किया जाना चाहिए,Maintenance Team,2023-05-31,2023-07-16,2023-07-20,Escalated,Low,True,Rajesh Kumar,2023-07-21,
CA-00948,INS-JH-002-0997,,Install dust suppression,Install dust suppression को लागू किया जाना चाहिए,Environmental Team,2023-12-07,2024-01-24,2024-01-25,Open,Medium,False,,,
CA-00949,INS-OD-001-4315,,Verify compliance,Verify compliance को लागू किया जाना चाहिए,Safety Team,2023-01-21,2023-02-16,2023-02-14,Completed,Critical,True,Rajesh Kumar,2023-02-15,
CA-00950,INS-JH-001-3987,,Install dust suppression,Install dust suppression को लागू किया जाना चाहिए,Safety Team,2023-07-14,2023-08-22,2023-08-28,Open,Critical,True,Sita Devi,2023-08-29,
CA-00951,INS-OD-001-0465,,Verify compliance,Verify compliance को लागू किया जाना चाहिए,Safety Team,2023-01-18,2023-01-28,2023-02-01,Completed,High,False,,,
CA-00952,INS-JH-001-4118,INC-JH-002-072,Conduct training,Conduct training को लागू किया जाना चाहिए,Maintenance Team,2023-10-02,2023-11-17,2023-11-15,Overdue,Critical,True,Sita Devi,2023-11-16,Waiting for approval
CA-00953,INS-JH-002-1330,,Repair roof supports,Repair roof supports को लागू किया जाना चाहिए,Maintenance Team,2023-06-11,2023-08-07,2023-08-17,Completed,High,True,Rajesh Kumar,2023-08-18,
CA-00954,INS-JH-001-4091,,Repair roof supports,Repair roof supports को लागू किया जाना चाहिए,Maintenance Team,2023-05-11,2023-06-10,2023-06-10,In Progress,Low,True,Rajesh Kumar,2023-06-11,
CA-00955,INS-JH-002-4842,,Verify compliance,Verify compliance को लागू किया जाना चाहिए,Safety Team,2023-08-10,2023-09-21,2023-09-20,Rejected,Medium,True,Sita Devi,2023-09-21,
CA-00956,INS-JH-002-4253,,Repair roof supports,Repair roof supports को लागू किया जाना चाहिए,Safety Team,2023-08-29,2023-10-17,2023-10-23,Escalated,Low,False,,,
CA-00957,INS-JH-002-2282,,Verify compliance,Verify compliance को लागू किया जाना चाहिए,Safety Team,2023-12-02,2024-01-05,2024-01-03,In Progress,Critical,True,Sita Devi,2024-01-04,
CA-00958,INS-JH-001-2336,INC-OD-001-142,Conduct training,Conduct training को लागू किया जाना चाहिए,Safety Team,2023-11-18,2023-12-06,2023-12-05,Completed,High,True,Sita Devi,2023-12-06,
CA-00959,INS-JH-002-4912,,Verify compliance,Verify compliance को लागू किया जाना चाहिए,Safety Team,2023-02-04,2023-02-17,2023-02-19,Escalated,Medium,True,Sita Devi,2023-02-20,
CA-00960,INS-JH-001-4638,INC-JH-002-016,Install dust suppression,Install dust suppression को लागू किया जाना चाहिए,Safety Team,2023-05-20,2023-06-27,,Escalated,Critical,False,,,
CA-00961,INS-JH-001-4714,,Conduct training,Conduct training को लागू किया जाना चाहिए,Safety Team,2023-11-15,2023-12-15,2023-12-22,Open,High,False,,,
CA-00962,INS-OD-001-3722,,Conduct training,Conduct training को लागू किया जाना चाहिए,Maintenance Team,2023-09-18,2023-10-13,,In Progress,Critical,False,,,
CA-00963,INS-JH-001-2668,INC-JH-001-186,Repair roof supports,Repair roof supports को लागू किया जाना चाहिए,Environmental Team,2023-04-24,2023-06-23,,Overdue,Critical,False,,,Parts not available
CA-00964,INS-JH-001-0484,,Verify compliance,Verify compliance को लागू किया जाना चाहिए,Maintenance Team,2023-03-03,2023-04-11,2023-04-16,Escalated,Medium,False,,,
CA-00965,INS-JH-002-0756,INC-OD-001-040,Verify compliance,Verify compliance को लागू किया जाना चाहिए,Safety Team,2023-10-21,2023-12-03,,Escalated,High,False,,,
CA-00966,INS-JH-001-1361,,Install dust suppression,Install dust suppression को लागू किया जाना चाहिए,Environmental Team,2023-01-06,2023-02-04,2023-02-07,Overdue,Low,False,,,Parts not available
CA-00967,INS-OD-001-4336,,Repair roof supports,Repair roof supports को लागू किया जाना चाहिए,Environmental Team,2023-01-03,2023-02-19,,Rejected,Critical,False,,,
CA-00968,INS-JH-001-2829,INC-OD-001-127,Repair roof supports,Repair roof supports को लागू किया जाना चाहिए,Safety Team,2023-05-13,2023-05-23,2023-06-01,Overdue,Medium,True,Rajesh Kumar,2023-06-02,Parts not available
CA-00969,INS-JH-001-1305,INC-OD-001-282,Repair roof supports,Repair roof supports को लागू किया जाना चाहिए,Safety Team,2023-05-06,2023-05-20,,Rejected,Critical,False,,,
CA-00970,INS-JH-002-1413,,Conduct training,Conduct training को लागू किया जाना चाहिए,Maintenance Team,2023-08-14,2023-09-21,2023-09-24,Rejected,Low,True,Sita Devi,2023-09-25,
CA-00971,INS-OD-001-1243,INC-JH-002-111,Repair roof supports,Repair roof supports को लागू किया जाना चाहिए,Environmental Team,2023-02-16,2023-03-03,2023-03-13,In Progress,Low,True,Sita Devi,2023-03-14,
CA-00972,INS-JH-002-1379,,Conduct training,Conduct training को लागू किया जाना चाहिए,Maintenance Team,2023-09-02,2023-10-13,2023-10-23,In Progress,High,False,,,
CA-00973,INS-JH-002-4106,INC-JH-002-013,Verify compliance,Verify compliance को लागू किया जाना चाहिए,Safety Team,2023-01-30,2023-03-24,2023-03-19,Escalated,High,False,,,
CA-00974,INS-JH-002-2440,,Conduct training,Conduct training को लागू किया जाना चाहिए,Environmental Team,2023-11-21,2023-12-14,2023-12-23,Completed,Medium,True,Rajesh Kumar,2023-12-24,
CA-00975,INS-JH-002-1772,,Conduct training,Conduct training को लागू किया जाना चाहिए,Safety Team,2023-07-12,2023-09-09,2023-09-11,In Progress,Medium,True,Rajesh Kumar,2023-09-12,
CA-00976,INS-OD-001-3931,,Install dust suppression,Install dust suppression को लागू किया जाना चाहिए,Environmental Team,2023-04-06,2023-04-22,2023-04-20,Rejected,High,False,,,
CA-00977,INS-JH-001-2105,,Verify compliance,Verify compliance को लागू किया जाना चाहिए,Safety Team,2023-07-03,2023-08-19,2023-08-21,In Progress,Critical,True,Rajesh Kumar,2023-08-22,
CA-00978,INS-JH-002-4212,,Conduct training,Conduct training को लागू किया जाना चाहिए,Safety Team,2023-05-21,2023-07-04,,Rejected,Critical,False,,,
CA-00979,INS-OD-001-0773,,Repair roof supports,Repair roof supports को लागू किया जाना चाहिए,Maintenance Team,2023-12-20,2024-02-09,,Escalated,Low,False,,,
CA-00980,INS-OD-001-4094,INC-JH-002-144,Verify compliance,Verify compliance को लागू किया जाना चाहिए,Safety Team,2023-12-08,2024-01-17,2024-01-19,In Progress,High,True,Rajesh Kumar,2024-01-20,
CA-00981,INS-OD-001-4225,,Repair roof supports,Repair roof supports को लागू किया जाना चाहिए,Environmental Team,2023-03-26,2023-04-13,2023-04-20,Escalated,Critical,True,Sita Devi,2023-04-21,
CA-00982,INS-JH-001-0272,,Conduct training,Conduct training को लागू किया जाना चाहिए,Maintenance Team,2023-10-24,2023-12-20,2023-12-16,Overdue,Critical,False,,,Equipment unavailability
CA-00983,INS-JH-001-3543,,Install dust suppression,Install dust suppression को लागू किया जाना चाहिए,Environmental Team,2023-12-07,2023-12-30,2024-01-01,Overdue,Medium,False,,,Equipment unavailability
CA-00984,INS-JH-001-2822,INC-JH-002-037,Repair roof supports,Repair roof supports को लागू किया जाना चाहिए,Maintenance Team,2023-05-12,2023-07-04,2023-07-01,Escalated,Medium,True,Sita Devi,2023-07-02,
CA-00985,INS-OD-001-3658,,Conduct training,Conduct training को लागू किया जाना चाहिए,Environmental Team,2023-03-03,2023-05-02,2023-05-05,Rejected,Medium,True,Sita Devi,2023-05-06,
CA-00986,INS-OD-001-0849,,Conduct training,Conduct training को लागू किया जाना चाहिए,Environmental Team,2023-09-16,2023-09-26,2023-09-21,In Progress,Medium,False,,,
CA-00987,INS-OD-001-1364,,Install dust suppression,Install dust suppression को लागू किया जाना चाहिए,Environmental Team,2023-07-30,2023-08-10,,Rejected,Medium,False,,,
CA-00988,INS-JH-001-4501,INC-JH-002-119,Conduct training,Conduct training को लागू किया जाना चाहिए,Environmental Team,2023-11-01,2023-12-08,2023-12-03,Rejected,Low,True,Sita Devi,2023-12-04,
CA-00989,INS-JH-001-3955,INC-OD-001-025,Install dust suppression,Install dust suppression को लागू किया जाना चाहिए,Safety Team,2023-12-24,2024-01-21,2024-01-27,Overdue,Medium,False,,,Parts not available
CA-00990,INS-JH-002-2361,INC-OD-001-185,Repair roof supports,Repair roof supports को लागू किया जाना चाहिए,Safety Team,2023-01-01,2023-02-02,2023-01-31,Completed,High,True,Sita Devi,2023-02-01,
CA-00991,INS-OD-001-1292,,Verify compliance,Verify compliance को लागू किया जाना चाहिए,Maintenance Team,2023-11-21,2024-01-03,2024-01-02,Rejected,Medium,False,,,
CA-00992,INS-OD-001-2320,INC-JH-002-247,Install dust suppression,Install dust suppression को लागू किया जाना चाहिए,Environmental Team,2023-06-04,2023-06-28,2023-07-07,In Progress,Medium,True,Rajesh Kumar,2023-07-08,
CA-00993,INS-JH-001-3638,,Verify compliance,Verify compliance को लागू किया जाना चाहिए,Safety Team,2023-12-01,2023-12-24,2023-12-19,Open,High,True,Sita Devi,2023-12-20,
CA-00994,INS-JH-002-4800,,Conduct training,Conduct training को लागू किया जाना चाहिए,Maintenance Team,2023-06-26,2023-08-08,2023-08-17,Open,Medium,False,,,
CA-00995,INS-JH-001-4506,INC-OD-001-244,Verify compliance,Verify compliance को लागू किया जाना चाहिए,Safety Team,2023-12-25,2024-01-10,2024-01-16,Overdue,Medium,False,,,Parts not available
CA-00996,INS-JH-002-1024,,Repair roof supports,Repair roof supports को लागू किया जाना चाहिए,Environmental Team,2023-09-22,2023-11-01,2023-11-05,Escalated,Medium,True,Rajesh Kumar,2023-11-06,
CA-00997,INS-JH-002-2598,,Repair roof supports,Repair roof supports को लागू किया जाना चाहिए,Safety Team,2023-01-31,2023-03-16,2023-03-12,Open,Critical,True,Sita Devi,2023-03-13,
CA-00998,INS-OD-001-4735,,Repair roof supports,Repair roof supports को लागू किया जाना चाहिए,Maintenance Team,2023-02-07,2023-03-15,2023-03-23,Overdue,Critical,True,Sita Devi,2023-03-24,Waiting for approval
CA-00999,INS-JH-001-4191,,Repair roof supports,Repair roof supports को लागू किया जाना चाहिए,Maintenance Team,2023-12-28,2024-02-13,,In Progress,Critical,False,,,
CA-01000,INS-JH-002-1028,INC-JH-002-124,Repair roof supports,Repair roof supports को लागू किया जाना चाहिए,Safety Team,2023-02-11,2023-03-25,2023-03-23,In Progress,High,True,Sita Devi,2023-03-24,
CA-01001,INS-JH-002-3747,,Repair roof supports,Repair roof supports को लागू किया जाना चाहिए,Environmental Team,2023-09-10,2023-11-09,2023-11-12,Escalated,Low,True,Sita Devi,2023-11-13,
CA-01002,INS-JH-002-1515,INC-OD-001-122,Install dust suppression,Install dust suppression को लागू किया जाना चाहिए,Maintenance Team,2023-07-21,2023-09-18,2023-09-14,Rejected,High,True,Sita Devi,2023-09-15,
CA-01003,INS-JH-002-3964,,Verify compliance,Verify compliance को लागू किया जाना चाहिए,Safety Team,2023-02-07,2023-03-19,,Overdue,Low,False,,,Waiting for approval
CA-01004,INS-OD-001-4719,,Repair roof supports,Repair roof supports को लागू किया जाना चाहिए,Environmental Team,2023-12-05,2023-12-26,2023-12-27,In Progress,Medium,True,Rajesh Kumar,2023-12-28,
CA-01005,INS-OD-001-3670,,Install dust suppression,Install dust suppression को लागू किया जाना चाहिए,Maintenance Team,2023-04-19,2023-06-13,,In Progress,Low,False,,,
CA-01006,INS-JH-002-4015,INC-OD-001-217,Verify compliance,Verify compliance को लागू किया जाना चाहिए,Safety Team,2023-06-26,2023-07-07,2023-07-13,In Progress,Critical,True,Sita Devi,2023-07-14,
CA-01007,INS-JH-001-1986,INC-OD-001-089,Verify compliance,Verify compliance को लागू किया जाना चाहिए,Safety Team,2023-11-14,2023-12-29,,In Progress,Medium,False,,,
CA-01008,INS-JH-002-2616,INC-JH-002-113,Install dust suppression,Install dust suppression को लागू किया जाना चाहिए,Environmental Team,2023-11-17,2023-12-06,,Overdue,Low,False,,,Parts not available
CA-01009,INS-JH-002-4013,INC-JH-002-039,Install dust suppression,Install dust suppression को लागू किया जाना चाहिए,Environmental Team,2023-10-04,2023-11-23,2023-11-23,Overdue,Low,False,,,Waiting for approval
CA-01010,INS-JH-001-2431,INC-OD-001-033,Repair roof supports,Repair roof supports को लागू किया जाना चाहिए,Safety Team,2023-01-20,2023-02-15,2023-02-24,Completed,High,True,Sita Devi,2023-02-25,
CA-01011,INS-JH-002-2026,,Conduct training,Conduct training को लागू किया जाना चाहिए,Maintenance Team,2023-10-02,2023-10-14,2023-10-13,Overdue,High,True,Sita Devi,2023-10-14,Waiting for approval
CA-01012,INS-OD-001-1287,,Conduct training,Conduct training को लागू किया जाना चाहिए,Environmental Team,2023-06-05,2023-08-04,2023-08-04,In Progress,Critical,True,Rajesh Kumar,2023-08-05,
CA-01013,INS-JH-001-4841,,Verify compliance,Verify compliance को लागू किया जाना चाहिए,Safety Team,2023-07-01,2023-08-16,2023-08-23,In Progress,Medium,True,Rajesh Kumar,2023-08-24,
CA-01014,INS-OD-001-1646,,Verify compliance,Verify compliance को लागू किया जाना चाहिए,Maintenance Team,2023-10-10,2023-11-15,2023-11-23,Completed,Low,True,Rajesh Kumar,2023-11-24,
CA-01015,INS-JH-002-0406,,Verify compliance,Verify compliance को लागू किया जाना चाहिए,Safety Team,2023-02-04,2023-02-24,2023-02-28,In Progress,Low,True,Sita Devi,2023-03-01,
CA-01016,INS-JH-002-1969,INC-OD-001-279,Conduct training,Conduct training को लागू किया जाना चाहिए,Safety Team,2023-06-25,2023-07-21,,Escalated,Critical,False,,,
CA-01017,INS-JH-002-3588,,Repair roof supports,Repair roof supports को लागू किया जाना चाहिए,Environmental Team,2023-11-18,2023-12-30,2023-12-29,Escalated,Low,False,,,
CA-01018,INS-OD-001-1214,INC-OD-001-086,Repair roof supports,Repair roof supports को लागू किया जाना चाहिए,Safety Team,2023-11-09,2024-01-08,2024-01-14,Escalated,Critical,True,Sita Devi,2024-01-15,
CA-01019,INS-JH-001-3109,,Install dust suppression,Install dust suppression को लागू किया जाना चाहिए,Maintenance Team,2023-07-25,2023-08-23,2023-08-30,Completed,Low,False,,,
CA-01020,INS-JH-001-1949,,Conduct training,Conduct training को लागू किया जाना चाहिए,Environmental Team,2023-02-22,2023-04-21,2023-04-17,Escalated,Low,True,Rajesh Kumar,2023-04-18,
CA-01021,INS-JH-002-3469,INC-JH-002-246,Repair roof supports,Repair roof supports को लागू किया जाना चाहिए,Environmental Team,2023-02-23,2023-03-14,2023-03-09,Open,High,True,Rajesh Kumar,2023-03-10,
CA-01022,INS-OD-001-0282,INC-OD-001-218,Repair roof supports,Repair roof supports को लागू किया जाना चाहिए,Environmental Team,2023-11-08,2023-12-23,2024-01-02,Rejected,Medium,True,Rajesh Kumar,2024-01-03,
CA-01023,INS-JH-002-4793,INC-JH-001-007,Verify compliance,Verify compliance को लागू किया जाना चाहिए,Environmental Team,2023-09-27,2023-11-01,,Open,Low,False,,,
CA-01024,INS-JH-001-0055,,Install dust suppression,Install dust suppression को लागू किया जाना चाहिए,Safety Team,2023-06-19,2023-07-01,2023-06-27,Open,High,True,Rajesh Kumar,2023-06-28,
CA-01025,INS-JH-001-2676,,Verify compliance,Verify compliance को लागू किया जाना चाहिए,Environmental Team,2023-01-17,2023-01-25,2023-01-30,Rejected,Critical,True,Sita Devi,2023-01-31,
CA-01026,INS-JH-001-1526,,Conduct training,Conduct training को लागू किया जाना चाहिए,Safety Team,2023-12-05,2024-01-04,,Open,Critical,False,,,
CA-01027,INS-OD-001-0097,INC-JH-001-167,Repair roof supports,Repair roof supports को लागू किया जाना चाहिए,Environmental Team,2023-11-07,2024-01-02,,In Progress,Medium,False,,,
CA-01028,INS-OD-001-2170,INC-JH-001-101,Conduct training,Conduct training को लागू किया जाना चाहिए,Environmental Team,2023-03-29,2023-05-18,2023-05-18,Escalated,Low,True,Sita Devi,2023-05-19,
CA-01029,INS-JH-001-0060,,Repair roof supports,Repair roof supports को लागू किया जाना चाहिए,Maintenance Team,2023-12-21,2023-12-29,,Escalated,Low,False,,,
CA-01030,INS-JH-001-4025,INC-OD-001-297,Install dust suppression,Install dust suppression को लागू किया जाना चाहिए,Safety Team,2023-11-29,2024-01-18,2024-01-21,Completed,Critical,True,Rajesh Kumar,2024-01-22,
CA-01031,INS-JH-001-4957,,Install dust suppression,Install dust suppression को लागू किया जाना चाहिए,Maintenance Team,2023-01-16,2023-03-17,2023-03-12,Escalated,Critical,True,Sita Devi,2023-03-13,
CA-01032,INS-JH-002-4323,,Repair roof supports,Repair roof supports को लागू किया जाना चाहिए,Maintenance Team,2023-05-29,2023-07-15,2023-07-17,Completed,Critical,True,Rajesh Kumar,2023-07-18,
CA-01033,INS-JH-002-0323,INC-OD-001-038,Install dust suppression,Install dust suppression को लागू किया जाना चाहिए,Maintenance Team,2023-04-12,2023-06-05,2023-06-02,In Progress,Critical,False,,,
CA-01034,INS-OD-001-2673,,Install dust suppression,Install dust suppression को लागू किया जाना चाहिए,Safety Team,2023-01-31,2023-02-21,,Escalated,High,False,,,
CA-01035,INS-JH-001-3237,,Verify compliance,Verify compliance को लागू किया जाना चाहिए,Environmental Team,2023-05-28,2023-06-26,2023-07-05,Escalated,Medium,True,Rajesh Kumar,2023-07-06,
CA-01036,INS-JH-002-1976,,Conduct training,Conduct training को लागू किया जाना चाहिए,Environmental Team,2023-11-29,2023-12-14,2023-12-09,In Progress,Critical,True,Rajesh Kumar,2023-12-10,
CA-01037,INS-JH-001-3289,INC-OD-001-067,Verify compliance,Verify compliance को लागू किया जाना चाहिए,Maintenance Team,2023-11-22,2024-01-01,2023-12-31,In Progress,High,True,Rajesh Kumar,2024-01-01,
CA-01038,INS-OD-001-4008,,Install dust suppression,Install dust suppression को लागू किया जाना चाहिए,Maintenance Team,2023-04-06,2023-05-19,,Escalated,High,False,,,
CA-01039,INS-OD-001-4714,,Verify compliance,Verify compliance को लागू किया जाना चाहिए,Safety Team,2023-10-13,2023-11-25,2023-12-02,Completed,High,True,Rajesh Kumar,2023-12-03,
CA-01040,INS-JH-002-0525,,Install dust suppression,Install dust suppression को लागू किया जाना चाहिए,Maintenance Team,2023-03-24,2023-05-07,,Rejected,High,False,,,
CA-01041,INS-OD-001-1366,,Conduct training,Conduct training को लागू किया जाना चाहिए,Environmental Team,2023-04-15,2023-05-05,,In Progress,Medium,False,,,
CA-01042,INS-JH-001-0413,,Repair roof supports,Repair roof supports को लागू किया जाना चाहिए,Environmental Team,2023-06-19,2023-07-20,,Open,Medium,False,,,
CA-01043,INS-OD-001-0015,,Verify compliance,Verify compliance को लागू किया जाना चाहिए,Environmental Team,2023-04-04,2023-04-12,,Overdue,High,False,,,Equipment unavailability
CA-01044,INS-OD-001-1411,,Verify compliance,Verify compliance को लागू किया जाना चाहिए,Environmental Team,2023-04-19,2023-05-01,2023-05-09,Open,Critical,True,Rajesh Kumar,2023-05-10,
CA-01045,INS-OD-001-0960,,Verify compliance,Verify compliance को लागू किया जाना चाहिए,Safety Team,2023-06-04,2023-06-25,2023-06-27,Open,High,False,,,
CA-01046,INS-JH-002-3439,,Verify compliance,Verify compliance को लागू किया जाना चाहिए,Safety Team,2023-05-01,2023-05-08,,Rejected,Critical,False,,,
CA-01047,INS-JH-001-1528,,Verify compliance,Verify compliance को लागू किया जाना चाहिए,Environmental Team,2023-05-06,2023-06-20,2023-06-27,Overdue,High,True,Rajesh Kumar,2023-06-28,Equipment unavailability
CA-01048,INS-OD-001-0776,,Install dust suppression,Install dust suppression को लागू किया जाना चाहिए,Maintenance Team,2023-09-13,2023-10-13,2023-10-17,Open,High,False,,,
CA-01049,INS-JH-002-0238,,Verify compliance,Verify compliance को लागू किया जाना चाहिए,Environmental Team,2023-10-15,2023-11-10,,Rejected,High,False,,,
CA-01050,INS-JH-001-3785,,Conduct training,Conduct training को लागू किया जाना चाहिए,Maintenance Team,2023-10-02,2023-10-27,,Rejected,High,False,,,
CA-01051,INS-JH-001-4111,,Conduct training,Conduct training को लागू किया जाना चाहिए,Maintenance Team,2023-02-05,2023-02-21,2023-02-17,Completed,Low,True,Sita Devi,2023-02-18,
CA-01052,INS-OD-001-0762,INC-JH-002-181,Verify compliance,Verify compliance को लागू किया जाना चाहिए,Safety Team,2023-10-04,2023-11-10,2023-11-11,In Progress,Low,True,Rajesh Kumar,2023-11-12,
CA-01053,INS-JH-001-3008,INC-OD-001-281,Conduct training,Conduct training को लागू किया जाना चाहिए,Maintenance Team,2023-04-29,2023-06-17,2023-06-20,Open,Medium,True,Rajesh Kumar,2023-06-21,
CA-01054,INS-JH-002-4713,,Install dust suppression,Install dust suppression को लागू किया जाना चाहिए,Safety Team,2023-10-10,2023-10-21,,Escalated,Critical,False,,,
CA-01055,INS-OD-001-3147,INC-JH-001-139,Conduct training,Conduct training को लागू किया जाना चाहिए,Safety Team,2023-04-05,2023-05-09,2023-05-17,Open,High,True,Sita Devi,2023-05-18,
CA-01056,INS-JH-001-1877,,Conduct training,Conduct training को लागू किया जाना चाहिए,Maintenance Team,2023-09-03,2023-09-18,2023-09-22,Overdue,Medium,True,Sita Devi,2023-09-23,Waiting for approval
CA-01057,INS-OD-001-2175,INC-JH-002-194,Install dust suppression,Install dust suppression को लागू किया जाना चाहिए,Safety Team,2023-04-25,2023-05-22,,Open,Critical,False,,,
CA-01058,INS-JH-002-2382,,Install dust suppression,Install dust suppression को लागू किया जाना चाहिए,Safety Team,2023-12-23,2024-01-30,2024-01-27,Escalated,Medium,True,Rajesh Kumar,2024-01-28,
CA-01059,INS-OD-001-4156,,Install dust suppression,Install dust suppression को लागू किया जाना चाहिए,Maintenance Team,2023-08-18,2023-10-12,,Open,Critical,False,,,
CA-01060,INS-OD-001-0435,INC-JH-001-100,Repair roof supports,Repair roof supports को लागू किया जाना चाहिए,Safety Team,2023-12-11,2024-02-04,2024-01-30,Open,Low,False,,,
CA-01061,INS-JH-002-4433,,Conduct training,Conduct training को लागू किया जाना चाहिए,Safety Team,2023-12-18,2024-02-16,2024-02-13,Escalated,Low,False,,,
CA-01062,INS-OD-001-1430,INC-OD-001-211,Install dust suppression,Install dust suppression को लागू किया जाना चाहिए,Safety Team,2023-11-14,2023-11-26,,Rejected,Medium,False,,,
CA-01063,INS-JH-001-3884,INC-OD-001-161,Repair roof supports,Repair roof supports को लागू किया जाना चाहिए,Environmental Team,2023-02-09,2023-03-23,2023-04-01,Rejected,Medium,False,,,
CA-01064,INS-OD-001-4756,,Conduct training,Conduct training को लागू किया जाना चाहिए,Safety Team,2023-08-21,2023-09-23,2023-09-27,Escalated,Critical,False,,,
CA-01065,INS-OD-001-3870,INC-OD-001-272,Conduct training,Conduct training को लागू किया जाना चाहिए,Safety Team,2023-10-29,2023-12-21,2023-12-19,Open,Critical,True,Sita Devi,2023-12-20,
CA-01066,INS-OD-001-4250,INC-OD-001-228,Install dust suppression,Install dust suppression को लागू किया जाना चाहिए,Safety Team,2023-04-12,2023-05-02,2023-05-11,Completed,Critical,False,,,
CA-01067,INS-JH-002-3628,INC-JH-001-198,Install dust suppression,Install dust suppression को लागू किया जाना चाहिए,Maintenance Team,2023-08-02,2023-08-13,2023-08-15,Overdue,High,False,,,Waiting for approval
CA-01068,INS-JH-002-1093,,Repair roof supports,Repair roof supports को लागू किया जाना चाहिए,Environmental Team,2023-10-03,2023-10-19,2023-10-14,Overdue,High,True,Sita Devi,2023-10-15,Waiting for approval
CA-01069,INS-OD-001-3348,,Conduct training,Conduct training को लागू किया जाना चाहिए,Maintenance Team,2023-11-25,2023-12-17,2023-12-16,Completed,High,True,Rajesh Kumar,2023-12-17,
CA-01070,INS-OD-001-1057,,Install dust suppression,Install dust suppression को लागू किया जाना चाहिए,Safety Team,2023-12-05,2024-01-24,,In Progress,Low,False,,,
CA-01071,INS-OD-001-1214,,Conduct training,Conduct training को लागू किया जाना चाहिए,Safety Team,2023-12-17,2024-02-13,,In Progress,High,False,,,
CA-01072,INS-JH-001-2829,,Verify compliance,Verify compliance को लागू किया जाना चाहिए,Environmental Team,2023-11-06,2024-01-01,2023-12-28,Completed,Low,False,,,
CA-01073,INS-JH-002-0614,,Conduct training,Conduct training को लागू किया जाना चाहिए,Environmental Team,2023-12-03,2024-01-27,,Rejected,Medium,False,,,
CA-01074,INS-JH-002-1248,,Conduct training,Conduct training को लागू किया जाना चाहिए,Maintenance Team,2023-08-15,2023-08-25,2023-09-03,Overdue,Low,False,,,Parts not available
CA-01075,INS-JH-002-2388,,Verify compliance,Verify compliance को लागू किया जाना चाहिए,Environmental Team,2023-02-24,2023-04-03,2023-03-30,In Progress,Medium,True,Rajesh Kumar,2023-03-31,
CA-01076,INS-JH-001-2315,,Verify compliance,Verify compliance को लागू किया जाना चाहिए,Environmental Team,2023-08-23,2023-10-06,2023-10-05,Escalated,Low,True,Rajesh Kumar,2023-10-06,
CA-01077,INS-JH-002-0487,,Repair roof supports,Repair roof supports को लागू किया जाना चाहिए,Safety Team,2023-06-10,2023-07-26,2023-07-21,Open,Medium,True,Rajesh Kumar,2023-07-22,
CA-01078,INS-JH-002-1393,INC-OD-001-276,Conduct training,Conduct training को लागू किया जाना चाहिए,Maintenance Team,2023-03-22,2023-04-26,2023-04-29,In Progress,Low,True,Rajesh Kumar,2023-04-30,
CA-01079,INS-JH-001-4980,INC-OD-001-251,Install dust suppression,Install dust suppression को लागू किया जाना चाहिए,Safety Team,2023-09-25,2023-11-23,2023-11-23,Completed,Critical,True,Rajesh Kumar,2023-11-24,
CA-01080,INS-JH-002-3339,,Verify compliance,Verify compliance को लागू किया जाना चाहिए,Safety Team,2023-12-09,2024-01-09,2024-01-14,Escalated,Low,False,,,
CA-01081,INS-JH-002-3078,,Install dust suppression,Install dust suppression को लागू किया जाना चाहिए,Environmental Team,2023-08-01,2023-08-18,2023-08-20,Overdue,Critical,True,Rajesh Kumar,2023-08-21,Waiting for approval
CA-01082,INS-OD-001-0551,,Verify compliance,Verify compliance को लागू किया जाना चाहिए,Maintenance Team,2023-02-07,2023-04-07,2023-04-15,In Progress,High,True,Rajesh Kumar,2023-04-16,
CA-01083,INS-JH-001-1905,,Install dust suppression,Install dust suppression को लागू किया जाना चाहिए,Maintenance Team,2023-12-22,2024-01-07,2024-01-17,Escalated,Low,True,Sita Devi,2024-01-18,
CA-01084,INS-JH-002-2537,,Repair roof supports,Repair roof supports को लागू किया जाना चाहिए,Environmental Team,2023-12-02,2024-01-14,2024-01-17,Rejected,Critical,True,Rajesh Kumar,2024-01-18,
CA-01085,INS-JH-001-1959,,Repair roof supports,Repair roof supports को लागू किया जाना चाहिए,Maintenance Team,2023-09-01,2023-10-15,2023-10-22,Open,High,True,Rajesh Kumar,2023-10-23,
CA-01086,INS-OD-001-3792,,Install dust suppression,Install dust suppression को लागू किया जाना चाहिए,Safety Team,2023-05-12,2023-06-06,2023-06-07,Open,High,True,Sita Devi,2023-06-08,
CA-01087,INS-OD-001-0712,,Install dust suppression,Install dust suppression को लागू किया जाना चाहिए,Safety Team,2023-10-27,2023-12-20,,Open,Low,False,,,
CA-01088,INS-JH-001-4571,,Conduct training,Conduct training को लागू किया जाना चाहिए,Safety Team,2023-05-24,2023-06-02,2023-06-07,Open,Critical,True,Sita Devi,2023-06-08,
CA-01089,INS-JH-002-0613,,Repair roof supports,Repair roof supports को लागू किया जाना चाहिए,Safety Team,2023-10-04,2023-11-21,,In Progress,High,False,,,
CA-01090,INS-JH-002-1869,,Repair roof supports,Repair roof supports को लागू किया जाना चाहिए,Environmental Team,2023-01-31,2023-03-03,2023-03-13,Overdue,Low,False,,,Equipment unavailability
CA-01091,INS-OD-001-0709,INC-JH-001-204,Repair roof supports,Repair roof supports को लागू किया जाना चाहिए,Maintenance Team,2023-01-02,2023-01-29,2023-02-04,Open,Critical,True,Rajesh Kumar,2023-02-05,
CA-01092,INS-JH-002-0039,,Verify compliance,Verify compliance को लागू किया जाना चाहिए,Environmental Team,2023-08-28,2023-09-11,2023-09-19,Rejected,Low,True,Rajesh Kumar,2023-09-20,
CA-01093,INS-JH-001-4558,,Install dust suppression,Install dust suppression को लागू किया जाना चाहिए,Maintenance Team,2023-11-04,2023-11-22,,Rejected,Low,False,,,
CA-01094,INS-OD-001-4306,,Install dust suppression,Install dust suppression को लागू किया जाना चाहिए,Environmental Team,2023-07-15,2023-08-26,2023-08-21,Rejected,High,True,Rajesh Kumar,2023-08-22,
CA-01095,INS-OD-001-4268,INC-JH-001-198,Conduct training,Conduct training को लागू किया जाना चाहिए,Safety Team,2023-11-05,2023-11-12,2023-11-20,Escalated,Low,False,,,
CA-01096,INS-JH-002-0291,,Repair roof supports,Repair roof supports को लागू किया जाना चाहिए,Environmental Team,2023-03-21,2023-05-16,2023-05-17,Rejected,Medium,False,,,
CA-01097,INS-JH-002-1736,,Conduct training,Conduct training को लागू किया जाना चाहिए,Environmental Team,2023-09-12,2023-09-27,2023-09-23,Completed,Medium,True,Sita Devi,2023-09-24,
CA-01098,INS-JH-001-0530,INC-OD-001-275,Verify compliance,Verify compliance को लागू किया जाना चाहिए,Maintenance Team,2023-01-24,2023-02-26,2023-03-04,Overdue,Critical,True,Sita Devi,2023-03-05,Waiting for approval
CA-01099,INS-OD-001-3863,,Install dust suppression,Install dust suppression को लागू किया जाना चाहिए,Environmental Team,2023-11-17,2023-12-10,2023-12-11,Rejected,Critical,False,,,
CA-01100,INS-JH-001-3210,INC-JH-001-067,Conduct training,Conduct training को लागू किया जाना चाहिए,Safety Team,2023-09-18,2023-10-31,2023-11-07,Completed,Critical,True,Rajesh Kumar,2023-11-08,
CA-01101,INS-JH-002-3813,INC-OD-001-010,Verify compliance,Verify compliance को लागू किया जाना चाहिए,Environmental Team,2023-02-03,2023-03-18,2023-03-28,Completed,Low,False,,,
CA-01102,INS-OD-001-0630,INC-JH-002-029,Conduct training,Conduct training को लागू किया जाना चाहिए,Maintenance Team,2023-10-13,2023-11-23,,Completed,Medium,False,,,
CA-01103,INS-JH-001-0086,INC-OD-001-273,Repair roof supports,Repair roof supports को लागू किया जाना चाहिए,Safety Team,2023-12-10,2023-12-29,2024-01-03,Escalated,High,True,Sita Devi,2024-01-04,
CA-01104,INS-JH-002-3258,,Install dust suppression,Install dust suppression को लागू किया जाना चाहिए,Environmental Team,2023-08-15,2023-09-24,2023-10-03,Overdue,Low,False,,,Waiting for approval
CA-01105,INS-OD-001-1624,,Conduct training,Conduct training को लागू किया जाना चाहिए,Safety Team,2023-12-14,2024-01-26,2024-01-24,Escalated,Critical,True,Rajesh Kumar,2024-01-25,
CA-01106,INS-OD-001-3000,,Verify compliance,Verify compliance को लागू किया जाना चाहिए,Environmental Team,2023-04-08,2023-06-02,2023-05-29,Completed,Medium,True,Rajesh Kumar,2023-05-30,
CA-01107,INS-JH-002-0060,,Repair roof supports,Repair roof supports को लागू किया जाना चाहिए,Environmental Team,2023-06-10,2023-08-02,2023-07-30,Escalated,High,False,,,
CA-01108,INS-JH-001-2290,INC-JH-002-186,Verify compliance,Verify compliance को लागू किया जाना चाहिए,Environmental Team,2023-06-09,2023-08-07,,Escalated,Medium,False,,,
CA-01109,INS-JH-002-0619,,Repair roof supports,Repair roof supports को लागू किया जाना चाहिए,Environmental Team,2023-07-26,2023-09-19,2023-09-18,Rejected,Medium,True,Rajesh Kumar,2023-09-19,
CA-01110,INS-JH-001-0404,,Verify compliance,Verify compliance को लागू किया जाना चाहिए,Environmental Team,2023-06-27,2023-07-12,,Open,Low,False,,,
CA-01111,INS-JH-001-2755,,Install dust suppression,Install dust suppression को लागू किया जाना चाहिए,Maintenance Team,2023-04-04,2023-05-27,2023-06-02,Overdue,Low,True,Sita Devi,2023-06-03,Parts not available
CA-01112,INS-JH-001-2126,,Repair roof supports,Repair roof supports को लागू किया जाना चाहिए,Safety Team,2023-04-18,2023-06-14,2023-06-14,Completed,High,True,Sita Devi,2023-06-15,
CA-01113,INS-JH-002-3636,,Repair roof supports,Repair roof supports को लागू किया जाना चाहिए,Environmental Team,2023-09-08,2023-10-02,,Overdue,Low,False,,,Parts not available
CA-01114,INS-JH-001-1111,INC-JH-002-081,Conduct training,Conduct training को लागू किया जाना चाहिए,Environmental Team,2023-11-10,2023-11-24,,Escalated,Medium,False,,,
CA-01115,INS-JH-002-1784,INC-JH-002-164,Verify compliance,Verify compliance को लागू किया जाना चाहिए,Environmental Team,2023-03-04,2023-04-09,2023-04-04,Overdue,Low,False,,,Waiting for approval
CA-01116,INS-JH-002-4565,INC-OD-001-105,Verify compliance,Verify compliance को लागू किया जाना चाहिए,Maintenance Team,2023-07-19,2023-08-09,2023-08-05,Open,High,True,Rajesh Kumar,2023-08-06,
CA-01117,INS-JH-002-3960,INC-JH-002-145,Install dust suppression,Install dust suppression को लागू किया जाना चाहिए,Maintenance Team,2023-09-30,2023-10-26,,Overdue,Low,False,,,Waiting for approval
CA-01118,INS-JH-001-4446,INC-JH-002-026,Install dust suppression,Install dust suppression को लागू किया जाना चाहिए,Maintenance Team,2023-03-27,2023-04-24,2023-05-03,Rejected,Medium,True,Sita Devi,2023-05-04,
CA-01119,INS-JH-001-0897,INC-JH-001-092,Repair roof supports,Repair roof supports को लागू किया जाना चाहिए,Maintenance Team,2023-04-29,2023-06-03,2023-06-05,Escalated,High,True,Sita Devi,2023-06-06,
CA-01120,INS-OD-001-1907,,Conduct training,Conduct training को लागू किया जाना चाहिए,Maintenance Team,2023-02-19,2023-03-24,,Escalated,Critical,False,,,
CA-01121,INS-JH-002-0499,INC-JH-002-017,Repair roof supports,Repair roof supports को लागू किया जाना चाहिए,Maintenance Team,2023-09-13,2023-09-24,2023-10-01,Completed,High,False,,,
CA-01122,INS-JH-001-0571,INC-JH-002-206,Conduct training,Conduct training को लागू किया जाना चाहिए,Safety Team,2023-10-03,2023-10-16,2023-10-17,In Progress,Medium,True,Rajesh Kumar,2023-10-18,
CA-01123,INS-JH-002-0550,,Conduct training,Conduct training को लागू किया जाना चाहिए,Maintenance Team,2023-02-10,2023-03-27,2023-04-05,Overdue,Critical,True,Rajesh Kumar,2023-04-06,Parts not available
CA-01124,INS-JH-002-0260,,Verify compliance,Verify compliance को लागू किया जाना चाहिए,Maintenance Team,2023-03-13,2023-04-09,2023-04-05,Open,Critical,True,Sita Devi,2023-04-06,
CA-01125,INS-OD-001-0637,,Conduct training,Conduct training को लागू किया जाना चाहिए,Environmental Team,2023-11-27,2024-01-10,,Rejected,Medium,False,,,
CA-01126,INS-OD-001-1811,,Install dust suppression,Install dust suppression को लागू किया जाना चाहिए,Environmental Team,2023-06-07,2023-07-25,,Open,Critical,False,,,
CA-01127,INS-OD-001-0156,,Install dust suppression,Install dust suppression को लागू किया जाना चाहिए,Environmental Team,2023-07-03,2023-08-10,2023-08-15,In Progress,Critical,False,,,
CA-01128,INS-OD-001-2018,INC-OD-001-049,Repair roof supports,Repair roof supports को लागू किया जाना चाहिए,Environmental Team,2023-06-16,2023-07-30,2023-07-30,In Progress,Low,True,Sita Devi,2023-07-31,
CA-01129,INS-JH-001-0901,,Repair roof supports,Repair roof supports को लागू किया जाना चाहिए,Environmental Team,2023-05-30,2023-07-19,,Completed,Low,False,,,
CA-01130,INS-JH-002-0675,,Install dust suppression,Install dust suppression को लागू किया जाना चाहिए,Maintenance Team,2023-05-14,2023-05-22,2023-05-26,Rejected,Critical,True,Rajesh Kumar,2023-05-27,
CA-01131,INS-JH-001-2603,INC-JH-001-234,Conduct training,Conduct training को लागू किया जाना चाहिए,Maintenance Team,2023-10-16,2023-11-07,2023-11-05,Rejected,Low,True,Sita Devi,2023-11-06,
CA-01132,INS-JH-002-2273,,Conduct training,Conduct training को लागू किया जाना चाहिए,Environmental Team,2023-01-13,2023-02-15,,Rejected,High,False,,,
CA-01133,INS-OD-001-4053,,Verify compliance,Verify compliance को लागू किया जाना चाहिए,Maintenance Team,2023-08-18,2023-09-04,2023-09-05,In Progress,Medium,True,Rajesh Kumar,2023-09-06,
CA-01134,INS-JH-001-0412,INC-OD-001-096,Repair roof supports,Repair roof supports को लागू किया जाना चाहिए,Maintenance Team,2023-06-14,2023-07-04,2023-07-08,Completed,Medium,True,Rajesh Kumar,2023-07-09,
CA-01135,INS-JH-002-4694,,Conduct training,Conduct training को लागू किया जाना चाहिए,Safety Team,2023-06-13,2023-06-29,2023-07-01,In Progress,Critical,True,Rajesh Kumar,2023-07-02,
CA-01136,INS-JH-001-4506,,Install dust suppression,Install dust suppression को लागू किया जाना चाहिए,Environmental Team,2023-07-31,2023-08-18,,Completed,Low,False,,,
CA-01137,INS-JH-002-2614,,Install dust suppression,Install dust suppression को लागू किया जाना चाहिए,Environmental Team,2023-11-19,2024-01-02,2024-01-02,Rejected,High,False,,,
CA-01138,INS-OD-001-3338,,Verify compliance,Verify compliance को लागू किया जाना चाहिए,Safety Team,2023-01-09,2023-02-15,,Completed,High,False,,,
CA-01139,INS-JH-001-2917,,Repair roof supports,Repair roof supports को लागू किया जाना चाहिए,Safety Team,2023-05-12,2023-05-28,2023-05-26,Overdue,Low,True,Sita Devi,2023-05-27,Parts not available
CA-01140,INS-JH-002-4648,INC-JH-002-059,Install dust suppression,Install dust suppression को लागू किया जाना चाहिए,Safety Team,2023-06-15,2023-07-08,2023-07-04,Overdue,High,True,Sita Devi,2023-07-05,Waiting for approval
CA-01141,INS-OD-001-1201,,Conduct training,Conduct training को लागू किया जाना चाहिए,Maintenance Team,2023-12-02,2024-01-17,2024-01-24,Overdue,Critical,False,,,Waiting for approval
CA-01142,INS-JH-001-4327,INC-JH-002-030,Install dust suppression,Install dust suppression को लागू किया जाना चाहिए,Safety Team,2023-05-18,2023-07-03,2023-06-28,Open,Critical,False,,,
CA-01143,INS-JH-001-1253,INC-JH-001-059,Conduct training,Conduct training को लागू किया जाना चाहिए,Safety Team,2023-08-10,2023-09-15,2023-09-20,In Progress,Low,True,Sita Devi,2023-09-21,
CA-01144,INS-JH-001-3011,,Repair roof supports,Repair roof supports को लागू किया जाना चाहिए,Environmental Team,2023-05-12,2023-07-04,,Completed,Low,False,,,
CA-01145,INS-JH-002-2512,,Install dust suppression,Install dust suppression को लागू किया जाना चाहिए,Safety Team,2023-07-10,2023-08-25,,Rejected,Critical,False,,,
CA-01146,INS-JH-002-0963,INC-JH-001-164,Install dust suppression,Install dust suppression को लागू किया जाना चाहिए,Safety Team,2023-06-01,2023-06-17,,In Progress,Low,False,,,
CA-01147,INS-JH-002-1749,INC-JH-001-006,Install dust suppression,Install dust suppression को लागू किया जाना चाहिए,Safety Team,2023-06-14,2023-07-02,2023-07-02,In Progress,Medium,True,Rajesh Kumar,2023-07-03,
CA-01148,INS-JH-002-1096,,Install dust suppression,Install dust suppression को लागू किया जाना चाहिए,Safety Team,2023-02-21,2023-03-31,2023-04-05,In Progress,High,False,,,
CA-01149,INS-JH-002-0580,,Conduct training,Conduct training को लागू किया जाना चाहिए,Safety Team,2023-08-09,2023-08-16,2023-08-18,Escalated,High,False,,,
CA-01150,INS-JH-002-4894,,Repair roof supports,Repair roof supports को लागू किया जाना चाहिए,Maintenance Team,2023-04-30,2023-05-13,,In Progress,Critical,False,,,
CA-01151,INS-JH-002-3877,,Install dust suppression,Install dust suppression को लागू किया जाना चाहिए,Environmental Team,2023-08-19,2023-09-07,,Completed,Critical,False,,,
CA-01152,INS-JH-002-1435,INC-OD-001-219,Conduct training,Conduct training को लागू किया जाना चाहिए,Environmental Team,2023-03-09,2023-04-10,,Open,Low,False,,,
CA-01153,INS-JH-001-4128,,Install dust suppression,Install dust suppression को लागू किया जाना चाहिए,Environmental Team,2023-04-21,2023-05-31,2023-06-03,In Progress,Critical,False,,,
CA-01154,INS-JH-002-0063,INC-JH-002-253,Conduct training,Conduct training को लागू किया जाना चाहिए,Safety Team,2023-02-07,2023-03-07,2023-03-14,Rejected,Medium,True,Rajesh Kumar,2023-03-15,
CA-01155,INS-JH-001-4990,INC-JH-001-281,Install dust suppression,Install dust suppression को लागू किया जाना चाहिए,Maintenance Team,2023-09-17,2023-11-03,,Open,Low,False,,,
CA-01156,INS-OD-001-0236,,Repair roof supports,Repair roof supports को लागू किया जाना चाहिए,Safety Team,2023-08-26,2023-10-13,2023-10-11,Overdue,High,True,Sita Devi,2023-10-12,Waiting for approval
CA-01157,INS-OD-001-3586,INC-JH-002-063,Repair roof supports,Repair roof supports को लागू किया जाना चाहिए,Maintenance Team,2023-12-31,2024-02-04,2024-02-08,Escalated,High,True,Sita Devi,2024-02-09,
CA-01158,INS-JH-002-2949,,Repair roof supports,Repair roof supports को लागू किया जाना चाहिए,Safety Team,2023-06-21,2023-08-05,2023-08-09,Rejected,Low,False,,,
CA-01159,INS-OD-001-0954,,Install dust suppression,Install dust suppression को लागू किया जाना चाहिए,Maintenance Team,2023-04-03,2023-05-19,2023-05-25,Rejected,High,True,Sita Devi,2023-05-26,
CA-01160,INS-JH-002-1551,,Verify compliance,Verify compliance को लागू किया जाना चाहिए,Safety Team,2023-01-18,2023-03-17,2023-03-21,Escalated,Low,False,,,
CA-01161,INS-JH-001-2169,,Conduct training,Conduct training को लागू किया जाना चाहिए,Maintenance Team,2023-09-13,2023-10-09,,Escalated,High,False,,,
CA-01162,INS-JH-002-2630,,Repair roof supports,Repair roof supports को लागू किया जाना चाहिए,Maintenance Team,2023-11-21,2023-12-09,2023-12-11,Rejected,Medium,True,Rajesh Kumar,2023-12-12,
CA-01163,INS-JH-001-4808,,Repair roof supports,Repair roof supports को लागू किया जाना चाहिए,Environmental Team,2023-10-26,2023-11-10,2023-11-12,In Progress,Critical,False,,,
CA-01164,INS-OD-001-0275,,Install dust suppression,Install dust suppression को लागू किया जाना चाहिए,Maintenance Team,2023-04-22,2023-06-20,2023-06-17,Escalated,Medium,True,Rajesh Kumar,2023-06-18,
CA-01165,INS-JH-002-3549,,Conduct training,Conduct training को लागू किया जाना चाहिए,Maintenance Team,2023-06-27,2023-08-17,,Rejected,Critical,False,,,
CA-01166,INS-JH-001-1290,,Conduct training,Conduct training को लागू किया जाना चाहिए,Environmental Team,2023-04-21,2023-05-03,2023-05-04,In Progress,Critical,True,Rajesh Kumar,2023-05-05,
CA-01167,INS-JH-001-2387,INC-JH-001-227,Install dust suppression,Install dust suppression को लागू किया जाना चाहिए,Environmental Team,2023-10-02,2023-10-14,,Rejected,High,False,,,
CA-01168,INS-JH-002-1190,,Verify compliance,Verify compliance को लागू किया जाना चाहिए,Environmental Team,2023-05-17,2023-06-26,2023-06-24,Rejected,Critical,False,,,
CA-01169,INS-JH-002-4535,INC-JH-002-070,Verify compliance,Verify compliance को लागू किया जाना चाहिए,Safety Team,2023-05-29,2023-06-15,2023-06-18,Escalated,Critical,True,Rajesh Kumar,2023-06-19,
CA-01170,INS-OD-001-1254,,Verify compliance,Verify compliance को लागू किया जाना चाहिए,Environmental Team,2023-12-07,2024-02-01,2024-02-08,Rejected,Medium,True,Sita Devi,2024-02-09,
CA-01171,INS-JH-001-0410,INC-JH-001-115,Install dust suppression,Install dust suppression को लागू किया जाना चाहिए,Safety Team,2023-03-04,2023-03-13,,Open,Low,False,,,
CA-01172,INS-JH-001-4014,,Install dust suppression,Install dust suppression को लागू किया जाना चाहिए,Safety Team,2023-12-31,2024-02-07,2024-02-17,In Progress,Critical,False,,,
CA-01173,INS-JH-001-3061,,Verify compliance,Verify compliance को लागू किया जाना चाहिए,Environmental Team,2023-01-02,2023-01-17,,In Progress,Critical,False,,,
CA-01174,INS-JH-001-0655,,Repair roof supports,Repair roof supports को लागू किया जाना चाहिए,Maintenance Team,2023-08-05,2023-08-20,2023-08-17,Open,Critical,True,Sita Devi,2023-08-18,
CA-01175,INS-OD-001-4062,,Conduct training,Conduct training को लागू किया जाना चाहिए,Maintenance Team,2023-12-18,2024-01-19,2024-01-15,Overdue,High,True,Sita Devi,2024-01-16,Waiting for approval
CA-01176,INS-JH-002-2178,,Conduct training,Conduct training को लागू किया जाना चाहिए,Safety Team,2023-01-30,2023-02-23,2023-03-02,Completed,High,False,,,
CA-01177,INS-JH-002-4580,INC-OD-001-150,Conduct training,Conduct training को लागू किया जाना चाहिए,Maintenance Team,2023-03-30,2023-05-02,2023-05-02,Overdue,Critical,True,Sita Devi,2023-05-03,Equipment unavailability
CA-01178,INS-JH-001-2811,,Conduct training,Conduct training को लागू किया जाना चाहिए,Safety Team,2023-02-17,2023-04-09,2023-04-10,In Progress,Low,False,,,
CA-01179,INS-JH-002-4415,INC-OD-001-212,Conduct training,Conduct training को लागू किया जाना चाहिए,Maintenance Team,2023-07-20,2023-08-09,,Rejected,High,False,,,
CA-01180,INS-OD-001-4833,,Verify compliance,Verify compliance को लागू किया जाना चाहिए,Maintenance Team,2023-01-01,2023-01-26,2023-02-02,Rejected,Medium,True,Rajesh Kumar,2023-02-03,
CA-01181,INS-JH-002-1447,INC-JH-001-106,Conduct training,Conduct training को लागू किया जाना चाहिए,Environmental Team,2023-04-05,2023-05-15,2023-05-25,Open,Low,True,Sita Devi,2023-05-26,
CA-01182,INS-JH-001-1718,,Verify compliance,Verify compliance को लागू किया जाना चाहिए,Maintenance Team,2023-06-17,2023-07-28,2023-08-04,Open,Medium,False,,,
CA-01183,INS-OD-001-2106,,Conduct training,Conduct training को लागू किया जाना चाहिए,Environmental Team,2023-09-14,2023-10-20,,Overdue,Low,False,,,Parts not available
CA-01184,INS-JH-002-0957,INC-JH-001-193,Repair roof supports,Repair roof supports को लागू किया जाना चाहिए,Safety Team,2023-07-11,2023-08-16,2023-08-18,Escalated,Medium,True,Rajesh Kumar,2023-08-19,
CA-01185,INS-JH-002-0780,,Repair roof supports,Repair roof supports को लागू किया जाना चाहिए,Safety Team,2023-10-11,2023-11-26,2023-11-25,Rejected,Critical,True,Rajesh Kumar,2023-11-26,
CA-01186,INS-JH-001-1591,,Conduct training,Conduct training को लागू किया जाना चाहिए,Maintenance Team,2023-05-03,2023-05-30,2023-06-02,Escalated,High,True,Rajesh Kumar,2023-06-03,
CA-01187,INS-OD-001-1758,INC-OD-001-265,Conduct training,Conduct training को लागू किया जाना चाहिए,Safety Team,2023-02-01,2023-03-08,,Open,Critical,False,,,
CA-01188,INS-OD-001-4279,INC-JH-002-168,Conduct training,Conduct training को लागू किया जाना चाहिए,Safety Team,2023-02-22,2023-03-13,2023-03-21,Escalated,Low,True,Sita Devi,2023-03-22,
CA-01189,INS-JH-002-2649,INC-JH-001-004,Conduct training,Conduct training को लागू किया जाना चाहिए,Maintenance Team,2023-05-18,2023-07-14,,Rejected,High,False,,,
CA-01190,INS-OD-001-4853,,Repair roof supports,Repair roof supports को लागू किया जाना चाहिए,Maintenance Team,2023-06-23,2023-07-30,,Overdue,High,False,,,Parts not available
CA-01191,INS-OD-001-2215,,Conduct training,Conduct training को लागू किया जाना चाहिए,Environmental Team,2023-08-20,2023-09-25,2023-10-05,Rejected,Critical,False,,,
CA-01192,INS-JH-001-1138,,Verify compliance,Verify compliance को लागू किया जाना चाहिए,Environmental Team,2023-02-07,2023-03-05,,Open,High,False,,,
CA-01193,INS-JH-002-0431,,Install dust suppression,Install dust suppression को लागू किया जाना चाहिए,Safety Team,2023-05-01,2023-06-04,,Rejected,High,False,,,
CA-01194,INS-JH-002-1220,,Conduct training,Conduct training को लागू किया जाना चाहिए,Maintenance Team,2023-02-28,2023-03-31,,In Progress,Low,False,,,
CA-01195,INS-JH-001-0909,INC-JH-001-269,Repair roof supports,Repair roof supports को लागू किया जाना चाहिए,Environmental Team,2023-12-02,2024-01-16,2024-01-21,In Progress,Low,True,Rajesh Kumar,2024-01-22,
CA-01196,INS-OD-001-1124,,Conduct training,Conduct training को लागू किया जाना चाहिए,Environmental Team,2023-06-09,2023-08-05,2023-08-06,In Progress,Low,True,Sita Devi,2023-08-07,
CA-01197,INS-OD-001-4385,,Verify compliance,Verify compliance को लागू किया जाना चाहिए,Safety Team,2023-10-31,2023-11-09,,Overdue,Low,False,,,Waiting for approval
CA-01198,INS-OD-001-0425,,Conduct training,Conduct training को लागू किया जाना चाहिए,Maintenance Team,2023-04-11,2023-05-17,,Open,Medium,False,,,
CA-01199,INS-OD-001-5000,,Verify compliance,Verify compliance को लागू किया जाना चाहिए,Environmental Team,2023-06-23,2023-07-04,2023-07-05,Overdue,High,True,Sita Devi,2023-07-06,Waiting for approval
CA-01200,INS-OD-001-4686,,Conduct training,Conduct training को लागू किया जाना चाहिए,Environmental Team,2023-06-24,2023-07-12,,Open,Medium,False,,,
CA-01201,INS-JH-001-1530,INC-OD-001-141,Install dust suppression,Install dust suppression को लागू किया जाना चाहिए,Safety Team,2023-09-11,2023-10-14,2023-10-16,Escalated,Low,True,Sita Devi,2023-10-17,
CA-01202,INS-JH-002-3444,,Verify compliance,Verify compliance को लागू किया जाना चाहिए,Environmental Team,2023-08-24,2023-10-15,,Escalated,Critical,False,,,
CA-01203,INS-JH-002-4228,,Verify compliance,Verify compliance को लागू किया जाना चाहिए,Safety Team,2023-05-13,2023-07-12,2023-07-11,Completed,High,True,Rajesh Kumar,2023-07-12,
CA-01204,INS-JH-001-2076,,Verify compliance,Verify compliance को लागू किया जाना चाहिए,Environmental Team,2023-06-13,2023-07-09,2023-07-05,Open,Medium,False,,,
CA-01205,INS-JH-001-3632,,Verify compliance,Verify compliance को लागू किया जाना चाहिए,Safety Team,2023-04-14,2023-04-25,2023-05-05,Escalated,High,True,Sita Devi,2023-05-06,
CA-01206,INS-OD-001-3432,,Verify compliance,Verify compliance को लागू किया जाना चाहिए,Safety Team,2023-03-07,2023-05-05,,Completed,Low,False,,,
CA-01207,INS-JH-001-4471,,Conduct training,Conduct training को लागू किया जाना चाहिए,Maintenance Team,2023-11-23,2023-12-30,,Overdue,High,False,,,Waiting for approval
CA-01208,INS-JH-002-4200,,Conduct training,Conduct training को लागू किया जाना चाहिए,Maintenance Team,2023-11-02,2023-11-13,2023-11-11,In Progress,High,True,Rajesh Kumar,2023-11-12,
CA-01209,INS-JH-001-1045,,Verify compliance,Verify compliance को लागू किया जाना चाहिए,Maintenance Team,2023-07-12,2023-08-01,2023-08-04,Rejected,Low,True,Sita Devi,2023-08-05,
CA-01210,INS-JH-001-1219,,Repair roof supports,Repair roof supports को लागू किया जाना चाहिए,Safety Team,2023-09-04,2023-09-30,2023-10-06,In Progress,Medium,True,Rajesh Kumar,2023-10-07,
CA-01211,INS-OD-001-3089,INC-OD-001-264,Install dust suppression,Install dust suppression को लागू किया जाना चाहिए,Environmental Team,2023-09-26,2023-10-03,2023-10-09,Completed,Medium,False,,,
CA-01212,INS-JH-002-0019,,Repair roof supports,Repair roof supports को लागू किया जाना चाहिए,Environmental Team,2023-11-17,2023-12-19,,Escalated,Critical,False,,,
CA-01213,INS-OD-001-2114,,Repair roof supports,Repair roof supports को लागू किया जाना चाहिए,Safety Team,2023-01-04,2023-02-05,,Overdue,Critical,False,,,Equipment unavailability
CA-01214,INS-OD-001-1097,,Conduct training,Conduct training को लागू किया जाना चाहिए,Maintenance Team,2023-02-27,2023-03-21,,Overdue,High,False,,,Waiting for approval
CA-01215,INS-JH-002-4563,,Repair roof supports,Repair roof supports को लागू किया जाना चाहिए,Maintenance Team,2023-02-01,2023-02-16,,Open,Low,False,,,
CA-01216,INS-OD-001-1313,,Conduct training,Conduct training को लागू किया जाना चाहिए,Environmental Team,2023-12-19,2024-02-04,2024-02-08,In Progress,Low,False,,,
CA-01217,INS-OD-001-3344,,Install dust suppression,Install dust suppression को लागू किया जाना चाहिए,Environmental Team,2023-01-03,2023-02-18,,Completed,Medium,False,,,
CA-01218,INS-JH-001-2333,,Conduct training,Conduct training को लागू किया जाना चाहिए,Environmental Team,2023-08-28,2023-10-19,2023-10-21,Overdue,Low,True,Sita Devi,2023-10-22,Waiting for approval
CA-01219,INS-JH-001-2166,,Install dust suppression,Install dust suppression को लागू किया जाना चाहिए,Maintenance Team,2023-01-19,2023-01-28,2023-01-28,In Progress,High,False,,,
CA-01220,INS-JH-002-4631,,Repair roof supports,Repair roof supports को लागू किया जाना चाहिए,Maintenance Team,2023-04-23,2023-06-21,,Overdue,Low,False,,,Equipment unavailability
CA-01221,INS-OD-001-4751,,Install dust suppression,Install dust suppression को लागू किया जाना चाहिए,Environmental Team,2023-08-28,2023-10-23,2023-10-20,Completed,High,True,Rajesh Kumar,2023-10-21,
CA-01222,INS-JH-001-2819,INC-JH-001-051,Conduct training,Conduct training को लागू किया जाना चाहिए,Safety Team,2023-01-26,2023-02-11,,Escalated,Medium,False,,,
CA-01223,INS-JH-002-2512,INC-OD-001-246,Repair roof supports,Repair roof supports को लागू किया जाना चाहिए,Safety Team,2023-02-13,2023-03-27,2023-03-24,In Progress,Critical,False,,,
CA-01224,INS-OD-001-2880,INC-OD-001-298,Verify compliance,Verify compliance को लागू किया जाना चाहिए,Environmental Team,2023-08-23,2023-10-22,2023-10-17,Rejected,Critical,True,Sita Devi,2023-10-18,
CA-01225,INS-JH-001-3752,,Verify compliance,Verify compliance को लागू किया जाना चाहिए,Safety Team,2023-11-13,2023-12-31,2024-01-01,Overdue,Medium,True,Sita Devi,2024-01-02,Parts not available
CA-01226,INS-JH-001-0245,,Repair roof supports,Repair roof supports को लागू किया जाना चाहिए,Safety Team,2023-03-25,2023-04-08,,Rejected,Low,False,,,
CA-01227,INS-JH-002-3420,,Install dust suppression,Install dust suppression को लागू किया जाना चाहिए,Maintenance Team,2023-10-01,2023-11-27,2023-11-29,In Progress,Low,False,,,
CA-01228,INS-JH-002-1630,,Conduct training,Conduct training को लागू किया जाना चाहिए,Environmental Team,2023-03-11,2023-03-31,2023-03-30,Escalated,High,True,Sita Devi,2023-03-31,
CA-01229,INS-OD-001-0916,,Conduct training,Conduct training को लागू किया जाना चाहिए,Maintenance Team,2023-08-26,2023-09-27,,Rejected,High,False,,,
CA-01230,INS-JH-001-0053,,Install dust suppression,Install dust suppression को लागू किया जाना चाहिए,Maintenance Team,2023-07-30,2023-08-23,2023-08-26,Open,Medium,True,Sita Devi,2023-08-27,
CA-01231,INS-OD-001-3279,,Install dust suppression,Install dust suppression को लागू किया जाना चाहिए,Environmental Team,2023-10-12,2023-10-20,2023-10-16,Completed,Medium,True,Rajesh Kumar,2023-10-17,
CA-01232,INS-JH-001-2491,,Repair roof supports,Repair roof supports को लागू किया जाना चाहिए,Maintenance Team,2023-11-08,2023-12-21,2023-12-21,Open,Critical,False,,,
CA-01233,INS-JH-002-2354,,Conduct training,Conduct training को लागू किया जाना चाहिए,Maintenance Team,2023-02-05,2023-03-26,2023-04-03,Escalated,High,True,Rajesh Kumar,2023-04-04,
CA-01234,INS-JH-002-0150,,Conduct training,Conduct training को लागू किया जाना चाहिए,Safety Team,2023-06-19,2023-07-20,2023-07-17,Open,Medium,False,,,
CA-01235,INS-JH-001-2771,,Repair roof supports,Repair roof supports को लागू किया जाना चाहिए,Environmental Team,2023-04-24,2023-06-23,,Rejected,Medium,False,,,
CA-01236,INS-OD-001-4238,,Repair roof supports,Repair roof supports को लागू किया जाना चाहिए,Maintenance Team,2023-07-07,2023-08-28,2023-09-04,In Progress,High,True,Sita Devi,2023-09-05,
CA-01237,INS-JH-001-3516,,Conduct training,Conduct training को लागू किया जाना चाहिए,Safety Team,2023-02-23,2023-04-09,2023-04-11,Rejected,Low,True,Rajesh Kumar,2023-04-12,
CA-01238,INS-JH-002-3623,INC-JH-001-003,Verify compliance,Verify compliance को लागू किया जाना चाहिए,Environmental Team,2023-03-11,2023-04-30,,Open,Medium,False,,,
CA-01239,INS-OD-001-0331,,Repair roof supports,Repair roof supports को लागू किया जाना चाहिए,Environmental Team,2023-07-01,2023-08-29,2023-09-02,Open,Critical,True,Sita Devi,2023-09-03,
CA-01240,INS-OD-001-3714,,Install dust suppression,Install dust suppression को लागू किया जाना चाहिए,Safety Team,2023-03-16,2023-04-22,2023-04-27,In Progress,Medium,True,Rajesh Kumar,2023-04-28,
CA-01241,INS-JH-001-3142,,Conduct training,Conduct training को लागू किया जाना चाहिए,Safety Team,2023-05-30,2023-06-22,,Rejected,Medium,False,,,
CA-01242,INS-JH-001-3016,,Repair roof supports,Repair roof supports को लागू किया जाना चाहिए,Environmental Team,2023-04-04,2023-04-27,2023-04-29,Open,Medium,False,,,
CA-01243,INS-OD-001-4156,,Conduct training,Conduct training को लागू किया जाना चाहिए,Maintenance Team,2023-07-17,2023-08-10,2023-08-16,Overdue,Critical,False,,,Waiting for approval
CA-01244,INS-OD-001-0365,,Conduct training,Conduct training को लागू किया जाना चाहिए,Environmental Team,2023-01-28,2023-03-23,,Rejected,High,False,,,
CA-01245,INS-JH-002-3331,INC-JH-002-160,Verify compliance,Verify compliance को लागू किया जाना चाहिए,Safety Team,2023-02-04,2023-03-04,2023-03-14,Escalated,Medium,True,Rajesh Kumar,2023-03-15,
CA-01246,INS-JH-001-1124,,Repair roof supports,Repair roof supports को लागू किया जाना चाहिए,Safety Team,2023-10-23,2023-12-11,,Rejected,High,False,,,
CA-01247,INS-JH-002-2687,INC-JH-001-244,Conduct training,Conduct training को लागू किया जाना चाहिए,Environmental Team,2023-03-29,2023-05-27,2023-05-26,Rejected,Low,False,,,
CA-01248,INS-JH-002-4756,,Conduct training,Conduct training को लागू किया जाना चाहिए,Maintenance Team,2023-01-27,2023-02-03,,Completed,Critical,False,,,
CA-01249,INS-OD-001-3963,,Install dust suppression,Install dust suppression को लागू किया जाना चाहिए,Maintenance Team,2023-08-10,2023-10-09,,Rejected,Critical,False,,,
CA-01250,INS-JH-001-1253,INC-JH-001-207,Verify compliance,Verify compliance को लागू किया जाना चाहिए,Environmental Team,2023-09-25,2023-11-09,2023-11-17,Rejected,Critical,True,Sita Devi,2023-11-18,
CA-01251,INS-OD-001-1917,INC-OD-001-164,Verify compliance,Verify compliance को लागू किया जाना चाहिए,Maintenance Team,2023-07-04,2023-08-10,,Escalated,Medium,False,,,
CA-01252,INS-JH-002-1038,INC-OD-001-207,Install dust suppression,Install dust suppression को लागू किया जाना चाहिए,Safety Team,2023-12-19,2024-01-24,2024-01-21,Completed,Critical,True,Rajesh Kumar,2024-01-22,
CA-01253,INS-JH-001-0293,,Conduct training,Conduct training को लागू किया जाना चाहिए,Safety Team,2023-06-07,2023-07-13,2023-07-13,Completed,High,True,Sita Devi,2023-07-14,
CA-01254,INS-OD-001-4671,,Conduct training,Conduct training को लागू किया जाना चाहिए,Environmental Team,2023-01-20,2023-03-13,,Open,Medium,False,,,
CA-01255,INS-OD-001-4049,INC-JH-001-227,Verify compliance,Verify compliance को लागू किया जाना चाहिए,Environmental Team,2023-02-04,2023-03-13,2023-03-15,In Progress,Medium,True,Rajesh Kumar,2023-03-16,
CA-01256,INS-OD-001-0854,INC-OD-001-185,Verify compliance,Verify compliance को लागू किया जाना चाहिए,Maintenance Team,2023-03-23,2023-04-10,2023-04-10,In Progress,Medium,True,Rajesh Kumar,2023-04-11,
CA-01257,INS-JH-001-3715,INC-JH-002-074,Verify compliance,Verify compliance को लागू किया जाना चाहिए,Environmental Team,2023-12-30,2024-02-08,2024-02-09,In Progress,Low,True,Rajesh Kumar,2024-02-10,
CA-01258,INS-JH-001-2233,,Conduct training,Conduct training को लागू किया जाना चाहिए,Environmental Team,2023-04-07,2023-05-25,2023-05-21,Escalated,Critical,False,,,
CA-01259,INS-OD-001-2218,INC-JH-002-248,Repair roof supports,Repair roof supports को लागू किया जाना चाहिए,Safety Team,2023-09-19,2023-10-18,2023-10-13,In Progress,Medium,True,Sita Devi,2023-10-14,
CA-01260,INS-OD-001-2387,,Verify compliance,Verify compliance को लागू किया जाना चाहिए,Maintenance Team,2023-05-18,2023-06-19,2023-06-20,Escalated,Low,True,Rajesh Kumar,2023-06-21,
CA-01261,INS-JH-001-3625,,Repair roof supports,Repair roof supports को लागू किया जाना चाहिए,Maintenance Team,2023-09-06,2023-09-29,,In Progress,Low,False,,,
CA-01262,INS-JH-002-3915,INC-JH-001-134,Install dust suppression,Install dust suppression को लागू किया जाना चाहिए,Environmental Team,2023-09-29,2023-10-13,2023-10-19,Escalated,Critical,True,Sita Devi,2023-10-20,
CA-01263,INS-JH-001-3063,INC-JH-001-050,Verify compliance,Verify compliance को लागू किया जाना चाहिए,Safety Team,2023-06-24,2023-08-08,2023-08-05,Rejected,High,False,,,
CA-01264,INS-JH-001-3894,,Repair roof supports,Repair roof supports को लागू किया जाना चाहिए,Environmental Team,2023-07-29,2023-08-10,2023-08-05,Rejected,High,True,Rajesh Kumar,2023-08-06,
CA-01265,INS-OD-001-1827,INC-JH-001-074,Conduct training,Conduct training को लागू किया जाना चाहिए,Maintenance Team,2023-07-09,2023-08-05,2023-08-11,In Progress,Critical,False,,,
CA-01266,INS-OD-001-2659,INC-JH-001-002,Verify compliance,Verify compliance को लागू किया जाना चाहिए,Environmental Team,2023-05-31,2023-06-15,,In Progress,Medium,False,,,
CA-01267,INS-OD-001-4029,INC-OD-001-213,Verify compliance,Verify compliance को लागू किया जाना चाहिए,Maintenance Team,2023-08-17,2023-10-14,2023-10-11,Open,Critical,True,Rajesh Kumar,2023-10-12,
CA-01268,INS-JH-001-0700,INC-OD-001-003,Repair roof supports,Repair roof supports को लागू किया जाना चाहिए,Maintenance Team,2023-03-25,2023-04-14,2023-04-14,In Progress,High,True,Rajesh Kumar,2023-04-15,
CA-01269,INS-JH-001-4047,INC-JH-002-164,Repair roof supports,Repair roof supports को लागू किया जाना चाहिए,Safety Team,2023-12-26,2024-01-23,2024-01-22,Overdue,Critical,True,Rajesh Kumar,2024-01-23,Equipment unavailability
CA-01270,INS-JH-001-3240,,Repair roof supports,Repair roof supports को लागू किया जाना चाहिए,Safety Team,2023-06-10,2023-07-24,2023-07-24,In Progress,Medium,True,Sita Devi,2023-07-25,
CA-01271,INS-JH-001-2281,,Conduct training,Conduct training को लागू किया जाना चाहिए,Maintenance Team,2023-10-20,2023-11-23,2023-11-19,Rejected,Critical,True,Sita Devi,2023-11-20,
CA-01272,INS-OD-001-1559,,Install dust suppression,Install dust suppression को लागू किया जाना चाहिए,Maintenance Team,2023-06-29,2023-07-12,2023-07-07,Escalated,Critical,False,,,
CA-01273,INS-JH-001-4349,INC-JH-002-190,Repair roof supports,Repair roof supports को लागू किया जाना चाहिए,Environmental Team,2023-06-24,2023-08-06,2023-08-12,Escalated,Low,True,Rajesh Kumar,2023-08-13,
CA-01274,INS-OD-001-1269,,Repair roof supports,Repair roof supports को लागू किया जाना चाहिए,Environmental Team,2023-04-27,2023-06-14,2023-06-17,In Progress,High,True,Sita Devi,2023-06-18,
CA-01275,INS-JH-001-0656,,Repair roof supports,Repair roof supports को लागू किया जाना चाहिए,Environmental Team,2023-12-16,2024-01-26,2024-01-22,Escalated,Critical,False,,,
CA-01276,INS-OD-001-3351,,Conduct training,Conduct training को लागू किया जाना चाहिए,Safety Team,2023-12-03,2024-01-08,2024-01-09,Escalated,Medium,False,,,
CA-01277,INS-OD-001-3279,,Repair roof supports,Repair roof supports को लागू किया जाना चाहिए,Environmental Team,2023-10-29,2023-12-02,,Rejected,Critical,False,,,
CA-01278,INS-JH-001-1514,INC-JH-002-292,Repair roof supports,Repair roof supports को लागू किया जाना चाहिए,Maintenance Team,2023-01-18,2023-02-14,2023-02-21,Completed,Medium,True,Sita Devi,2023-02-22,
CA-01279,INS-JH-002-1163,INC-JH-001-277,Install dust suppression,Install dust suppression को लागू किया जाना चाहिए,Environmental Team,2023-04-09,2023-04-25,2023-04-22,In Progress,Critical,True,Rajesh Kumar,2023-04-23,
CA-01280,INS-JH-002-4397,,Verify compliance,Verify compliance को लागू किया जाना चाहिए,Maintenance Team,2023-11-07,2023-12-13,2023-12-11,In Progress,Critical,True,Rajesh Kumar,2023-12-12,
CA-01281,INS-OD-001-3229,,Repair roof supports,Repair roof supports को लागू किया जाना चाहिए,Maintenance Team,2023-10-28,2023-11-29,,Overdue,High,False,,,Equipment unavailability
CA-01282,INS-OD-001-1480,,Install dust suppression,Install dust suppression को लागू किया जाना चाहिए,Safety Team,2023-12-07,2023-12-14,2023-12-15,Completed,Low,True,Sita Devi,2023-12-16,
CA-01283,INS-JH-001-3999,,Verify compliance,Verify compliance को लागू किया जाना चाहिए,Safety Team,2023-09-03,2023-11-02,2023-11-09,Completed,Low,False,,,
CA-01284,INS-JH-001-2226,INC-JH-001-023,Verify compliance,Verify compliance को लागू किया जाना चाहिए,Safety Team,2023-06-02,2023-07-10,2023-07-18,In Progress,High,True,Sita Devi,2023-07-19,
CA-01285,INS-JH-001-0113,INC-JH-001-077,Repair roof supports,Repair roof supports को लागू किया जाना चाहिए,Safety Team,2023-11-06,2023-12-02,,In Progress,High,False,,,
CA-01286,INS-JH-001-0998,,Install dust suppression,Install dust suppression को लागू किया जाना चाहिए,Environmental Team,2023-11-28,2023-12-27,2023-12-27,In Progress,Low,True,Rajesh Kumar,2023-12-28,
CA-01287,INS-OD-001-3071,INC-JH-001-089,Repair roof supports,Repair roof supports को लागू किया जाना चाहिए,Safety Team,2023-01-05,2023-02-26,2023-03-02,Escalated,Low,True,Sita Devi,2023-03-03,
CA-01288,INS-JH-002-4704,,Repair roof supports,Repair roof supports को लागू किया जाना चाहिए,Safety Team,2023-02-10,2023-03-15,,In Progress,Medium,False,,,
CA-01289,INS-JH-001-4177,,Conduct training,Conduct training को लागू किया जाना चाहिए,Maintenance Team,2023-03-13,2023-04-25,,In Progress,Medium,False,,,
CA-01290,INS-JH-002-3466,INC-JH-001-093,Install dust suppression,Install dust suppression को लागू किया जाना चाहिए,Environmental Team,2023-02-22,2023-03-27,2023-03-23,Overdue,High,True,Sita Devi,2023-03-24,Parts not available
CA-01291,INS-OD-001-0517,,Verify compliance,Verify compliance को लागू किया जाना चाहिए,Safety Team,2023-12-26,2024-01-17,2024-01-12,Completed,Medium,True,Rajesh Kumar,2024-01-13,
CA-01292,INS-OD-001-3699,,Install dust suppression,Install dust suppression को लागू किया जाना चाहिए,Environmental Team,2023-06-01,2023-07-02,,Completed,Low,False,,,
CA-01293,INS-JH-001-0896,,Conduct training,Conduct training को लागू किया जाना चाहिए,Environmental Team,2023-05-01,2023-06-06,2023-06-08,In Progress,High,True,Sita Devi,2023-06-09,
CA-01294,INS-OD-001-0365,,Conduct training,Conduct training को लागू किया जाना चाहिए,Environmental Team,2023-12-01,2023-12-23,2023-12-24,In Progress,High,True,Rajesh Kumar,2023-12-25,
CA-01295,INS-JH-001-2683,INC-JH-002-295,Conduct training,Conduct training को लागू किया जाना चाहिए,Safety Team,2023-05-05,2023-05-25,2023-05-20,In Progress,High,True,Sita Devi,2023-05-21,
CA-01296,INS-OD-001-0733,,Repair roof supports,Repair roof supports को लागू किया जाना चाहिए,Safety Team,2023-10-06,2023-10-13,2023-10-20,Overdue,High,True,Sita Devi,2023-10-21,Waiting for approval
CA-01297,INS-JH-002-3956,INC-OD-001-193,Repair roof supports,Repair roof supports को लागू किया जाना चाहिए,Safety Team,2023-09-14,2023-10-13,2023-10-11,In Progress,Critical,True,Rajesh Kumar,2023-10-12,
CA-01298,INS-OD-001-0781,,Repair roof supports,Repair roof supports को लागू किया जाना चाहिए,Safety Team,2023-01-29,2023-03-02,2023-03-04,Escalated,Critical,False,,,
CA-01299,INS-OD-001-2626,,Conduct training,Conduct training को लागू किया जाना चाहिए,Safety Team,2023-12-30,2024-01-27,,Completed,Low,False,,,
CA-01300,INS-JH-001-1808,,Verify compliance,Verify compliance को लागू किया जाना चाहिए,Maintenance Team,2023-06-06,2023-07-03,,Completed,Low,False,,,
CA-01301,INS-OD-001-4547,,Conduct training,Conduct training को लागू किया जाना चाहिए,Environmental Team,2023-02-02,2023-02-26,2023-02-23,Escalated,Low,True,Rajesh Kumar,2023-02-24,
CA-01302,INS-OD-001-0204,,Conduct training,Conduct training को लागू किया जाना चाहिए,Environmental Team,2023-06-07,2023-07-30,,Rejected,Low,False,,,
CA-01303,INS-JH-002-4130,,Install dust suppression,Install dust suppression को लागू किया जाना चाहिए,Environmental Team,2023-09-28,2023-10-11,,Escalated,Critical,False,,,
CA-01304,INS-JH-002-2921,,Verify compliance,Verify compliance को लागू किया जाना चाहिए,Maintenance Team,2023-07-24,2023-08-12,,Completed,High,False,,,
CA-01305,INS-JH-002-4520,,Verify compliance,Verify compliance को लागू किया जाना चाहिए,Safety Team,2023-10-13,2023-10-28,2023-11-02,Rejected,High,True,Sita Devi,2023-11-03,
CA-01306,INS-JH-001-1221,,Install dust suppression,Install dust suppression को लागू किया जाना चाहिए,Maintenance Team,2023-12-18,2023-12-30,2023-12-25,In Progress,Critical,True,Sita Devi,2023-12-26,
CA-01307,INS-JH-002-3755,INC-JH-002-063,Repair roof supports,Repair roof supports को लागू किया जाना चाहिए,Maintenance Team,2023-03-09,2023-04-22,2023-04-29,In Progress,Critical,True,Sita Devi,2023-04-30,
CA-01308,INS-JH-002-3628,,Conduct training,Conduct training को लागू किया जाना चाहिए,Environmental Team,2023-04-29,2023-05-12,2023-05-13,Overdue,Critical,True,Rajesh Kumar,2023-05-14,Equipment unavailability
CA-01309,INS-JH-002-1346,INC-JH-001-172,Repair roof supports,Repair roof supports को लागू किया जाना चाहिए,Maintenance Team,2023-11-07,2024-01-05,,Rejected,Critical,False,,,
CA-01310,INS-OD-001-0667,,Repair roof supports,Repair roof supports को लागू किया जाना चाहिए,Environmental Team,2023-11-25,2024-01-14,2024-01-19,Rejected,Medium,True,Sita Devi,2024-01-20,
CA-01311,INS-OD-001-1075,,Install dust suppression,Install dust suppression को लागू किया जाना चाहिए,Maintenance Team,2023-02-09,2023-04-06,2023-04-11,Rejected,Critical,False,,,
CA-01312,INS-JH-001-3865,,Repair roof supports,Repair roof supports को लागू किया जाना चाहिए,Environmental Team,2023-10-20,2023-11-12,2023-11-21,Escalated,High,False,,,
CA-01313,INS-OD-001-0425,,Conduct training,Conduct training को लागू किया जाना चाहिए,Safety Team,2023-05-07,2023-06-22,,Open,Low,False,,,
CA-01314,INS-JH-001-3343,,Verify compliance,Verify compliance को लागू किया जाना चाहिए,Environmental Team,2023-04-03,2023-05-21,2023-05-26,Open,Critical,True,Sita Devi,2023-05-27,
CA-01315,INS-OD-001-1276,INC-JH-001-204,Conduct training,Conduct training को लागू किया जाना चाहिए,Safety Team,2023-06-07,2023-06-14,2023-06-20,Escalated,Low,False,,,
CA-01316,INS-JH-002-0102,,Verify compliance,Verify compliance को लागू किया जाना चाहिए,Maintenance Team,2023-06-15,2023-07-15,2023-07-11,Completed,Critical,True,Sita Devi,2023-07-12,
CA-01317,INS-OD-001-0517,INC-JH-001-119,Verify compliance,Verify compliance को लागू किया जाना चाहिए,Environmental Team,2023-04-01,2023-05-13,2023-05-15,Completed,Critical,True,Sita Devi,2023-05-16,
CA-01318,INS-JH-002-2075,,Verify compliance,Verify compliance को लागू किया जाना चाहिए,Safety Team,2023-04-19,2023-06-13,2023-06-09,Rejected,High,False,,,
CA-01319,INS-JH-001-4069,,Conduct training,Conduct training को लागू किया जाना चाहिए,Environmental Team,2023-02-19,2023-03-25,2023-04-04,Completed,High,True,Sita Devi,2023-04-05,
CA-01320,INS-JH-001-2755,INC-OD-001-222,Install dust suppression,Install dust suppression को लागू किया जाना चाहिए,Maintenance Team,2023-10-12,2023-10-19,,In Progress,High,False,,,
CA-01321,INS-JH-001-2813,INC-JH-001-001,Install dust suppression,Install dust suppression को लागू किया जाना चाहिए,Safety Team,2023-12-09,2024-02-07,2024-02-16,Escalated,Critical,False,,,
CA-01322,INS-OD-001-2174,INC-JH-002-114,Install dust suppression,Install dust suppression को लागू किया जाना चाहिए,Maintenance Team,2023-12-02,2024-01-29,2024-01-30,Completed,Low,True,Sita Devi,2024-01-31,
CA-01323,INS-JH-002-1261,INC-JH-001-276,Install dust suppression,Install dust suppression को लागू किया जाना चाहिए,Maintenance Team,2023-04-13,2023-04-23,2023-04-27,In Progress,Low,False,,,
CA-01324,INS-OD-001-0450,,Verify compliance,Verify compliance को लागू किया जाना चाहिए,Environmental Team,2023-06-30,2023-08-25,,Completed,Low,False,,,
CA-01325,INS-JH-001-3423,,Repair roof supports,Repair roof supports को लागू किया जाना चाहिए,Safety Team,2023-11-20,2024-01-12,2024-01-17,Escalated,Critical,False,,,
CA-01326,INS-OD-001-4668,,Conduct training,Conduct training को लागू किया जाना चाहिए,Maintenance Team,2023-01-16,2023-02-16,,Completed,Critical,False,,,
CA-01327,INS-OD-001-0254,INC-OD-001-074,Conduct training,Conduct training को लागू किया जाना चाहिए,Maintenance Team,2023-08-08,2023-09-06,2023-09-05,In Progress,Low,True,Sita Devi,2023-09-06,
CA-01328,INS-OD-001-0510,,Repair roof supports,Repair roof supports को लागू किया जाना चाहिए,Safety Team,2023-02-22,2023-03-23,2023-03-21,Overdue,Low,True,Sita Devi,2023-03-22,Parts not available
CA-01329,INS-JH-002-1241,,Install dust suppression,Install dust suppression को लागू किया जाना चाहिए,Environmental Team,2023-05-28,2023-06-23,,Completed,Low,False,,,
CA-01330,INS-JH-001-1700,,Repair roof supports,Repair roof supports को लागू किया जाना चाहिए,Environmental Team,2023-12-10,2024-01-08,,Overdue,Medium,False,,,Parts not available
CA-01331,INS-JH-002-3012,,Conduct training,Conduct training को लागू किया जाना चाहिए,Safety Team,2023-12-29,2024-02-20,2024-02-20,Open,Critical,True,Rajesh Kumar,2024-02-21,
CA-01332,INS-OD-001-2325,INC-JH-002-249,Repair roof supports,Repair roof supports को लागू किया जाना चाहिए,Safety Team,2023-01-09,2023-02-28,,Escalated,Critical,False,,,
CA-01333,INS-JH-001-3920,INC-JH-001-071,Verify compliance,Verify compliance को लागू किया जाना चाहिए,Safety Team,2023-02-12,2023-03-21,,Escalated,Medium,False,,,
CA-01334,INS-JH-001-2399,,Conduct training,Conduct training को लागू किया जाना चाहिए,Maintenance Team,2023-03-05,2023-04-15,,Rejected,Low,False,,,
CA-01335,INS-JH-001-0894,,Verify compliance,Verify compliance को लागू किया जाना चाहिए,Maintenance Team,2023-10-26,2023-12-15,,Escalated,Low,False,,,
CA-01336,INS-JH-001-3672,INC-OD-001-140,Repair roof supports,Repair roof supports को लागू किया जाना चाहिए,Safety Team,2023-01-01,2023-01-21,2023-01-29,Escalated,Low,True,Sita Devi,2023-01-30,
CA-01337,INS-JH-001-4368,INC-JH-002-091,Verify compliance,Verify compliance को लागू किया जाना चाहिए,Maintenance Team,2023-04-08,2023-05-01,2023-05-07,Rejected,Medium,True,Rajesh Kumar,2023-05-08,
CA-01338,INS-JH-002-2066,INC-OD-001-146,Repair roof supports,Repair roof supports को लागू किया जाना चाहिए,Environmental Team,2023-11-20,2024-01-14,2024-01-24,Completed,Medium,False,,,
CA-01339,INS-JH-002-4029,,Repair roof supports,Repair roof supports को लागू किया जाना चाहिए,Maintenance Team,2023-06-08,2023-07-26,,Completed,High,False,,,
CA-01340,INS-JH-001-1614,,Install dust suppression,Install dust suppression को लागू किया जाना चाहिए,Maintenance Team,2023-01-19,2023-01-30,2023-01-31,Rejected,Critical,True,Rajesh Kumar,2023-02-01,
CA-01341,INS-JH-001-3255,,Repair roof supports,Repair roof supports को लागू किया जाना चाहिए,Maintenance Team,2023-06-25,2023-07-28,,Rejected,High,False,,,
CA-01342,INS-JH-001-2317,,Conduct training,Conduct training को लागू किया जाना चाहिए,Safety Team,2023-03-12,2023-04-25,2023-04-24,In Progress,High,True,Rajesh Kumar,2023-04-25,
CA-01343,INS-JH-001-4357,INC-OD-001-132,Conduct training,Conduct training को लागू किया जाना चाहिए,Safety Team,2023-12-28,2024-02-23,2024-02-19,Completed,Medium,True,Rajesh Kumar,2024-02-20,
CA-01344,INS-JH-002-4004,,Verify compliance,Verify compliance को लागू किया जाना चाहिए,Environmental Team,2023-11-26,2024-01-05,,Overdue,Critical,False,,,Waiting for approval
CA-01345,INS-OD-001-3539,INC-JH-002-188,Conduct training,Conduct training को लागू किया जाना चाहिए,Maintenance Team,2023-07-22,2023-08-21,2023-08-17,In Progress,Medium,True,Sita Devi,2023-08-18,
CA-01346,INS-JH-001-2448,INC-JH-002-233,Install dust suppression,Install dust suppression को लागू किया जाना चाहिए,Safety Team,2023-03-15,2023-03-27,2023-03-22,Completed,High,False,,,
CA-01347,INS-OD-001-0704,,Install dust suppression,Install dust suppression को लागू किया जाना चाहिए,Environmental Team,2023-04-30,2023-06-21,,Rejected,Critical,False,,,
CA-01348,INS-OD-001-1224,INC-OD-001-053,Install dust suppression,Install dust suppression को लागू किया जाना चाहिए,Environmental Team,2023-10-07,2023-10-16,2023-10-22,Escalated,High,True,Rajesh Kumar,2023-10-23,
CA-01349,INS-OD-001-1428,,Repair roof supports,Repair roof supports को लागू किया जाना चाहिए,Maintenance Team,2023-08-25,2023-09-28,2023-10-06,Open,Medium,True,Rajesh Kumar,2023-10-07,
CA-01350,INS-JH-002-4023,INC-OD-001-221,Repair roof supports,Repair roof supports को लागू किया जाना चाहिए,Safety Team,2023-05-21,2023-06-24,2023-07-01,Open,High,True,Rajesh Kumar,2023-07-02,
CA-01351,INS-JH-001-4360,,Conduct training,Conduct training को लागू किया जाना चाहिए,Maintenance Team,2023-05-02,2023-05-29,2023-05-24,Escalated,Critical,True,Sita Devi,2023-05-25,
CA-01352,INS-JH-001-0791,,Conduct training,Conduct training को लागू किया जाना चाहिए,Maintenance Team,2023-12-17,2024-01-22,2024-01-17,In Progress,High,True,Sita Devi,2024-01-18,
CA-01353,INS-JH-001-0280,,Verify compliance,Verify compliance को लागू किया जाना चाहिए,Maintenance Team,2023-09-05,2023-10-01,2023-10-05,Overdue,Medium,False,,,Parts not available
CA-01354,INS-JH-001-3668,,Verify compliance,Verify compliance को लागू किया जाना चाहिए,Maintenance Team,2023-02-17,2023-04-01,2023-04-03,Escalated,Medium,True,Sita Devi,2023-04-04,
CA-01355,INS-OD-001-1881,,Verify compliance,Verify compliance को लागू किया जाना चाहिए,Environmental Team,2023-05-11,2023-06-23,2023-07-02,Open,Medium,True,Sita Devi,2023-07-03,
CA-01356,INS-JH-001-0847,,Conduct training,Conduct training को लागू किया जाना चाहिए,Safety Team,2023-12-21,2023-12-29,2024-01-02,In Progress,Critical,True,Sita Devi,2024-01-03,
CA-01357,INS-JH-002-1650,INC-JH-001-055,Install dust suppression,Install dust suppression को लागू किया जाना चाहिए,Maintenance Team,2023-08-27,2023-09-27,2023-09-27,Overdue,Low,True,Sita Devi,2023-09-28,Equipment unavailability
CA-01358,INS-JH-002-2270,,Conduct training,Conduct training को लागू किया जाना चाहिए,Safety Team,2023-11-05,2023-11-17,,Rejected,Medium,False,,,
CA-01359,INS-JH-001-0474,,Repair roof supports,Repair roof supports को लागू किया जाना चाहिए,Safety Team,2023-11-24,2023-12-22,,Rejected,Medium,False,,,
CA-01360,INS-JH-002-2539,INC-JH-001-048,Verify compliance,Verify compliance को लागू किया जाना चाहिए,Safety Team,2023-10-26,2023-12-04,,Completed,Critical,False,,,
CA-01361,INS-OD-001-0737,INC-JH-002-228,Conduct training,Conduct training को लागू किया जाना चाहिए,Maintenance Team,2023-08-15,2023-09-29,,Rejected,Low,False,,,
CA-01362,INS-JH-001-3131,,Repair roof supports,Repair roof supports को लागू किया जाना चाहिए,Safety Team,2023-09-25,2023-10-06,2023-10-06,Rejected,Critical,False,,,
CA-01363,INS-JH-001-0757,,Repair roof supports,Repair roof supports को लागू किया जाना चाहिए,Safety Team,2023-01-26,2023-03-08,,In Progress,High,False,,,
CA-01364,INS-JH-001-0961,INC-JH-001-280,Repair roof supports,Repair roof supports को लागू किया जाना चाहिए,Environmental Team,2023-09-26,2023-11-19,2023-11-17,Completed,High,True,Sita Devi,2023-11-18,
CA-01365,INS-JH-001-2623,INC-JH-002-128,Repair roof supports,Repair roof supports को लागू किया जाना चाहिए,Maintenance Team,2023-02-17,2023-03-05,2023-03-11,Escalated,High,False,,,
CA-01366,INS-OD-001-2263,,Repair roof supports,Repair roof supports को लागू किया जाना चाहिए,Environmental Team,2023-11-09,2023-11-27,,Overdue,Low,False,,,Parts not available
CA-01367,INS-OD-001-0244,INC-OD-001-286,Conduct training,Conduct training को लागू किया जाना चाहिए,Environmental Team,2023-01-27,2023-03-22,2023-03-19,Overdue,Critical,False,,,Equipment unavailability
CA-01368,INS-JH-002-4792,,Install dust suppression,Install dust suppression को लागू किया जाना चाहिए,Environmental Team,2023-01-23,2023-02-28,,Completed,Low,False,,,
CA-01369,INS-JH-001-2365,,Conduct training,Conduct training को लागू किया जाना चाहिए,Safety Team,2023-09-02,2023-10-29,2023-10-26,Completed,High,True,Rajesh Kumar,2023-10-27,
CA-01370,INS-OD-001-2472,,Verify compliance,Verify compliance को लागू किया जाना चाहिए,Safety Team,2023-07-08,2023-08-04,2023-08-14,Rejected,Low,False,,,
CA-01371,INS-JH-002-0797,INC-JH-001-117,Install dust suppression,Install dust suppression को लागू किया जाना चाहिए,Maintenance Team,2023-07-22,2023-08-10,,Rejected,Critical,False,,,
CA-01372,INS-JH-001-1433,INC-OD-001-294,Repair roof supports,Repair roof supports को लागू किया जाना चाहिए,Safety Team,2023-03-18,2023-05-07,2023-05-09,Overdue,Low,True,Rajesh Kumar,2023-05-10,Parts not available
CA-01373,INS-JH-002-4863,,Verify compliance,Verify compliance को लागू किया जाना चाहिए,Safety Team,2023-03-09,2023-03-28,2023-04-02,Open,Critical,True,Rajesh Kumar,2023-04-03,
CA-01374,INS-OD-001-2520,,Conduct training,Conduct training को लागू किया जाना चाहिए,Maintenance Team,2023-04-11,2023-06-05,2023-06-07,In Progress,High,True,Rajesh Kumar,2023-06-08,
CA-01375,INS-JH-001-1461,,Install dust suppression,Install dust suppression को लागू किया जाना चाहिए,Maintenance Team,2023-02-22,2023-04-18,,In Progress,High,False,,,
CA-01376,INS-JH-002-0870,,Conduct training,Conduct training को लागू किया जाना चाहिए,Environmental Team,2023-09-17,2023-10-03,,In Progress,Low,False,,,
CA-01377,INS-JH-002-0623,,Install dust suppression,Install dust suppression को लागू किया जाना चाहिए,Environmental Team,2023-11-06,2023-12-17,2023-12-13,Overdue,Critical,True,Rajesh Kumar,2023-12-14,Parts not available
CA-01378,INS-JH-002-0770,INC-JH-001-013,Install dust suppression,Install dust suppression को लागू किया जाना चाहिए,Safety Team,2023-12-12,2024-01-10,,Escalated,Critical,False,,,
CA-01379,INS-OD-001-4856,,Install dust suppression,Install dust suppression को लागू किया जाना चाहिए,Safety Team,2023-06-07,2023-06-30,2023-06-25,Overdue,High,True,Sita Devi,2023-06-26,Equipment unavailability
CA-01380,INS-JH-001-2431,,Conduct training,Conduct training को लागू किया जाना चाहिए,Environmental Team,2023-11-07,2023-12-25,2024-01-03,Overdue,Medium,True,Sita Devi,2024-01-04,Equipment unavailability
CA-01381,INS-JH-001-3677,,Conduct training,Conduct training को लागू किया जाना चाहिए,Maintenance Team,2023-12-21,2024-01-23,2024-02-01,Open,Low,True,Sita Devi,2024-02-02,
CA-01382,INS-JH-001-3421,,Conduct training,Conduct training को लागू किया जाना चाहिए,Safety Team,2023-02-26,2023-04-14,2023-04-22,Overdue,High,False,,,Parts not available
CA-01383,INS-JH-002-2572,,Conduct training,Conduct training को लागू किया जाना चाहिए,Environmental Team,2023-10-24,2023-12-02,2023-11-29,Rejected,Critical,False,,,
CA-01384,INS-JH-001-2462,INC-JH-001-102,Conduct training,Conduct training को लागू किया जाना चाहिए,Maintenance Team,2023-10-02,2023-11-19,2023-11-16,Open,Medium,True,Sita Devi,2023-11-17,
CA-01385,INS-OD-001-0820,,Verify compliance,Verify compliance को लागू किया जाना चाहिए,Environmental Team,2023-11-16,2023-12-26,2023-12-21,Completed,Critical,True,Rajesh Kumar,2023-12-22,
CA-01386,INS-JH-002-4716,,Repair roof supports,Repair roof supports को लागू किया जाना चाहिए,Maintenance Team,2023-11-26,2023-12-07,2023-12-10,Overdue,High,True,Rajesh Kumar,2023-12-11,Waiting for approval
CA-01387,INS-OD-001-1213,,Install dust suppression,Install dust suppression को लागू किया जाना चाहिए,Maintenance Team,2023-09-27,2023-11-01,2023-10-29,Escalated,Critical,True,Sita Devi,2023-10-30,
CA-01388,INS-OD-001-0768,,Install dust suppression,Install dust suppression को लागू किया जाना चाहिए,Maintenance Team,2023-03-08,2023-04-25,,Overdue,High,False,,,Waiting for approval
CA-01389,INS-OD-001-4769,,Verify compliance,Verify compliance को लागू किया जाना चाहिए,Safety Team,2023-11-27,2024-01-19,,Escalated,Medium,False,,,
CA-01390,INS-JH-001-4359,,Repair roof supports,Repair roof supports को लागू किया जाना चाहिए,Safety Team,2023-09-26,2023-10-20,2023-10-20,Open,Critical,True,Rajesh Kumar,2023-10-21,
CA-01391,INS-JH-002-4083,,Verify compliance,Verify compliance को लागू किया जाना चाहिए,Maintenance Team,2023-04-03,2023-05-02,2023-05-04,Overdue,Low,False,,,Waiting for approval
CA-01392,INS-OD-001-3179,INC-JH-001-225,Repair roof supports,Repair roof supports को लागू किया जाना चाहिए,Safety Team,2023-05-05,2023-05-23,2023-05-29,Completed,Critical,True,Sita Devi,2023-05-30,
CA-01393,INS-JH-002-4555,INC-OD-001-001,Conduct training,Conduct training को लागू किया जाना चाहिए,Maintenance Team,2023-04-03,2023-05-13,2023-05-12,Overdue,Medium,True,Rajesh Kumar,2023-05-13,Parts not available
CA-01394,INS-JH-002-3917,,Repair roof supports,Repair roof supports को लागू किया जाना चाहिए,Environmental Team,2023-11-13,2023-12-28,2024-01-07,In Progress,Medium,True,Sita Devi,2024-01-08,
CA-01395,INS-JH-001-3777,,Verify compliance,Verify compliance को लागू किया जाना चाहिए,Environmental Team,2023-01-23,2023-02-15,,Rejected,Critical,False,,,
CA-01396,INS-OD-001-1326,,Verify compliance,Verify compliance को लागू किया जाना चाहिए,Safety Team,2023-12-20,2024-01-05,2024-01-03,Rejected,High,False,,,
CA-01397,INS-JH-001-2979,,Verify compliance,Verify compliance को लागू किया जाना चाहिए,Safety Team,2023-03-29,2023-04-30,2023-05-09,In Progress,Medium,True,Sita Devi,2023-05-10,
CA-01398,INS-JH-002-2722,INC-JH-001-135,Verify compliance,Verify compliance को लागू किया जाना चाहिए,Safety Team,2023-11-07,2023-12-21,2023-12-18,Completed,Medium,True,Sita Devi,2023-12-19,
CA-01399,INS-JH-001-1297,,Repair roof supports,Repair roof supports को लागू किया जाना चाहिए,Maintenance Team,2023-11-28,2023-12-28,2023-12-30,Open,High,True,Sita Devi,2023-12-31,
CA-01400,INS-JH-002-2155,,Repair roof supports,Repair roof supports को लागू किया जाना चाहिए,Environmental Team,2023-09-15,2023-10-27,,Overdue,Low,False,,,Parts not available
CA-01401,INS-JH-002-1421,,Install dust suppression,Install dust suppression को लागू किया जाना चाहिए,Environmental Team,2023-12-04,2024-01-07,2024-01-12,Escalated,Critical,True,Sita Devi,2024-01-13,
CA-01402,INS-JH-001-3704,,Repair roof supports,Repair roof supports को लागू किया जाना चाहिए,Safety Team,2023-12-11,2023-12-20,2023-12-26,Rejected,Critical,False,,,
CA-01403,INS-JH-001-4618,,Verify compliance,Verify compliance को लागू किया जाना चाहिए,Safety Team,2023-12-07,2024-01-25,2024-01-21,Open,High,True,Rajesh Kumar,2024-01-22,
CA-01404,INS-OD-001-2933,,Install dust suppression,Install dust suppression को लागू किया जाना चाहिए,Environmental Team,2023-08-08,2023-08-17,,Overdue,High,False,,,Parts not available
CA-01405,INS-JH-001-2266,,Install dust suppression,Install dust suppression को लागू किया जाना चाहिए,Safety Team,2023-08-08,2023-09-04,2023-09-14,Rejected,Medium,False,,,
CA-01406,INS-JH-001-2104,,Repair roof supports,Repair roof supports को लागू किया जाना चाहिए,Environmental Team,2023-12-30,2024-01-22,,Overdue,Low,False,,,Parts not available
CA-01407,INS-JH-001-1876,INC-JH-001-027,Install dust suppression,Install dust suppression को लागू किया जाना चाहिए,Safety Team,2023-02-03,2023-02-17,2023-02-24,Escalated,Low,True,Rajesh Kumar,2023-02-25,
CA-01408,INS-JH-002-4321,,Install dust suppression,Install dust suppression को लागू किया जाना चाहिए,Safety Team,2023-11-14,2023-12-19,2023-12-22,Escalated,Critical,True,Sita Devi,2023-12-23,
CA-01409,INS-JH-002-2445,INC-JH-001-177,Install dust suppression,Install dust suppression को लागू किया जाना चाहिए,Environmental Team,2023-02-01,2023-03-14,,Open,Low,False,,,
CA-01410,INS-OD-001-1246,,Install dust suppression,Install dust suppression को लागू किया जाना चाहिए,Environmental Team,2023-07-24,2023-08-11,,Open,Low,False,,,
CA-01411,INS-JH-001-3141,INC-OD-001-246,Install dust suppression,Install dust suppression को लागू किया जाना चाहिए,Environmental Team,2023-11-07,2023-11-16,2023-11-20,In Progress,Medium,False,,,
CA-01412,INS-JH-002-3389,,Conduct training,Conduct training को लागू किया जाना चाहिए,Safety Team,2023-07-25,2023-08-20,2023-08-23,Open,Critical,True,Sita Devi,2023-08-24,
CA-01413,INS-JH-001-2877,INC-JH-001-065,Install dust suppression,Install dust suppression को लागू किया जाना चाहिए,Maintenance Team,2023-02-02,2023-02-23,2023-02-28,In Progress,Low,True,Sita Devi,2023-03-01,
CA-01414,INS-JH-002-2035,,Repair roof supports,Repair roof supports को लागू किया जाना चाहिए,Maintenance Team,2023-07-07,2023-08-09,2023-08-10,Escalated,Critical,False,,,
CA-01415,INS-JH-002-3720,INC-JH-002-157,Conduct training,Conduct training को लागू किया जाना चाहिए,Maintenance Team,2023-11-24,2023-12-27,2024-01-04,In Progress,Low,False,,,
CA-01416,INS-JH-002-4619,,Conduct training,Conduct training को लागू किया जाना चाहिए,Safety Team,2023-11-27,2023-12-09,2023-12-11,Overdue,Low,True,Sita Devi,2023-12-12,Parts not available
CA-01417,INS-OD-001-1399,,Verify compliance,Verify compliance को लागू किया जाना चाहिए,Environmental Team,2023-02-02,2023-03-30,,Open,High,False,,,
CA-01418,INS-JH-001-0705,,Conduct training,Conduct training को लागू किया जाना चाहिए,Safety Team,2023-01-08,2023-01-15,,Open,Low,False,,,
CA-01419,INS-JH-001-1862,,Install dust suppression,Install dust suppression को लागू किया जाना चाहिए,Maintenance Team,2023-11-23,2023-12-10,2023-12-18,Escalated,Low,False,,,
CA-01420,INS-OD-001-4226,,Conduct training,Conduct training को लागू किया जाना चाहिए,Safety Team,2023-08-18,2023-08-27,,Open,Low,False,,,
CA-01421,INS-OD-001-4995,,Conduct training,Conduct training को लागू किया जाना चाहिए,Environmental Team,2023-06-02,2023-06-19,2023-06-21,Completed,Medium,True,Rajesh Kumar,2023-06-22,
CA-01422,INS-JH-002-0113,,Repair roof supports,Repair roof supports को लागू किया जाना चाहिए,Maintenance Team,2023-12-29,2024-01-29,2024-02-03,Escalated,High,True,Rajesh Kumar,2024-02-04,
CA-01423,INS-OD-001-0099,INC-OD-001-163,Repair roof supports,Repair roof supports को लागू किया जाना चाहिए,Environmental Team,2023-12-06,2024-01-15,,Open,High,False,,,
CA-01424,INS-OD-001-3491,,Install dust suppression,Install dust suppression को लागू किया जाना चाहिए,Environmental Team,2023-05-01,2023-06-15,2023-06-25,Overdue,Medium,True,Sita Devi,2023-06-26,Equipment unavailability
CA-01425,INS-OD-001-4103,,Conduct training,Conduct training को लागू किया जाना चाहिए,Maintenance Team,2023-06-04,2023-08-02,2023-07-30,Open,Medium,True,Rajesh Kumar,2023-07-31,
CA-01426,INS-OD-001-4470,INC-JH-002-113,Conduct training,Conduct training को लागू किया जाना चाहिए,Safety Team,2023-05-13,2023-06-26,2023-07-06,Open,Critical,True,Sita Devi,2023-07-07,
CA-01427,INS-JH-002-2961,,Repair roof supports,Repair roof supports को लागू किया जाना चाहिए,Maintenance Team,2023-05-04,2023-06-21,2023-06-16,Rejected,Low,True,Sita Devi,2023-06-17,
CA-01428,INS-JH-002-2501,INC-OD-001-074,Verify compliance,Verify compliance को लागू किया जाना चाहिए,Safety Team,2023-09-28,2023-10-14,2023-10-23,Completed,Critical,True,Rajesh Kumar,2023-10-24,
CA-01429,INS-JH-002-4712,,Install dust suppression,Install dust suppression को लागू किया जाना चाहिए,Maintenance Team,2023-07-02,2023-07-16,2023-07-14,Completed,Critical,True,Rajesh Kumar,2023-07-15,
CA-01430,INS-OD-001-1795,,Verify compliance,Verify compliance को लागू किया जाना चाहिए,Environmental Team,2023-12-12,2024-01-01,,Rejected,Critical,False,,,
CA-01431,INS-JH-002-2033,,Repair roof supports,Repair roof supports को लागू किया जाना चाहिए,Environmental Team,2023-06-19,2023-08-12,2023-08-16,Escalated,Low,False,,,
CA-01432,INS-OD-001-2114,INC-JH-002-185,Verify compliance,Verify compliance को लागू किया जाना चाहिए,Maintenance Team,2023-09-30,2023-11-02,2023-10-28,Completed,Low,True,Sita Devi,2023-10-29,
CA-01433,INS-JH-002-0790,,Repair roof supports,Repair roof supports को लागू किया जाना चाहिए,Safety Team,2023-08-25,2023-10-23,,Rejected,Critical,False,,,
CA-01434,INS-JH-001-0317,,Repair roof supports,Repair roof supports को लागू किया जाना चाहिए,Maintenance Team,2023-01-27,2023-02-18,2023-02-17,Escalated,Critical,True,Rajesh Kumar,2023-02-18,
CA-01435,INS-JH-002-1416,,Repair roof supports,Repair roof supports को लागू किया जाना चाहिए,Maintenance Team,2023-05-24,2023-07-09,2023-07-19,Escalated,Medium,True,Rajesh Kumar,2023-07-20,
CA-01436,INS-OD-001-0342,INC-OD-001-259,Conduct training,Conduct training को लागू किया जाना चाहिए,Environmental Team,2023-11-26,2024-01-16,2024-01-22,Escalated,Medium,True,Rajesh Kumar,2024-01-23,
CA-01437,INS-JH-002-3308,,Verify compliance,Verify compliance को लागू किया जाना चाहिए,Environmental Team,2023-03-27,2023-05-26,2023-05-21,Open,Low,False,,,
CA-01438,INS-OD-001-4053,INC-JH-001-059,Verify compliance,Verify compliance को लागू किया जाना चाहिए,Environmental Team,2023-03-09,2023-04-28,2023-05-05,Open,Critical,True,Sita Devi,2023-05-06,
CA-01439,INS-OD-001-4140,INC-JH-002-129,Verify compliance,Verify compliance को लागू किया जाना चाहिए,Environmental Team,2023-05-28,2023-07-13,,Overdue,Medium,False,,,Equipment unavailability
CA-01440,INS-JH-001-0239,,Repair roof supports,Repair roof supports को लागू किया जाना चाहिए,Safety Team,2023-12-29,2024-02-09,,In Progress,Critical,False,,,
CA-01441,INS-JH-002-4178,,Verify compliance,Verify compliance को लागू किया जाना चाहिए,Environmental Team,2023-04-19,2023-06-15,2023-06-25,Escalated,High,True,Rajesh Kumar,2023-06-26,
CA-01442,INS-JH-002-1122,INC-JH-001-170,Install dust suppression,Install dust suppression को लागू किया जाना चाहिए,Maintenance Team,2023-05-27,2023-06-06,2023-06-01,Completed,Low,True,Rajesh Kumar,2023-06-02,
CA-01443,INS-OD-001-2336,,Repair roof supports,Repair roof supports को लागू किया जाना चाहिए,Safety Team,2023-04-30,2023-05-30,,In Progress,Critical,False,,,
CA-01444,INS-OD-001-1414,,Repair roof supports,Repair roof supports को लागू किया जाना चाहिए,Safety Team,2023-02-04,2023-03-13,2023-03-19,Completed,Low,True,Rajesh Kumar,2023-03-20,
CA-01445,INS-OD-001-1457,INC-OD-001-232,Install dust suppression,Install dust suppression को लागू किया जाना चाहिए,Maintenance Team,2023-03-15,2023-03-26,2023-04-03,Escalated,Low,False,,,
CA-01446,INS-OD-001-4654,INC-JH-001-080,Repair roof supports,Repair roof supports को लागू किया जाना चाहिए,Environmental Team,2023-12-15,2024-01-23,2024-01-26,Escalated,High,True,Rajesh Kumar,2024-01-27,
CA-01447,INS-JH-001-3827,,Install dust suppression,Install dust suppression को लागू किया जाना चाहिए,Safety Team,2023-10-01,2023-11-03,2023-11-12,Escalated,Critical,False,,,
CA-01448,INS-OD-001-1041,INC-JH-002-020,Verify compliance,Verify compliance को लागू किया जाना चाहिए,Safety Team,2023-02-22,2023-03-15,2023-03-21,Escalated,Medium,True,Rajesh Kumar,2023-03-22,
CA-01449,INS-JH-001-1434,,Conduct training,Conduct training को लागू किया जाना चाहिए,Maintenance Team,2023-02-15,2023-03-26,2023-03-21,Completed,High,False,,,
CA-01450,INS-JH-001-0829,,Verify compliance,Verify compliance को लागू किया जाना चाहिए,Maintenance Team,2023-06-30,2023-08-25,2023-08-28,Overdue,Critical,True,Sita Devi,2023-08-29,Parts not available
CA-01451,INS-OD-001-2667,,Conduct training,Conduct training को लागू किया जाना चाहिए,Safety Team,2023-06-10,2023-07-29,,Completed,Medium,False,,,
CA-01452,INS-JH-002-2268,,Conduct training,Conduct training को लागू किया जाना चाहिए,Environmental Team,2023-01-05,2023-02-15,2023-02-12,Open,High,True,Sita Devi,2023-02-13,
CA-01453,INS-JH-002-3062,INC-JH-001-152,Verify compliance,Verify compliance को लागू किया जाना चाहिए,Safety Team,2023-04-21,2023-05-14,2023-05-19,Completed,Medium,True,Rajesh Kumar,2023-05-20,
CA-01454,INS-OD-001-1870,INC-JH-002-002,Repair roof supports,Repair roof supports को लागू किया जाना चाहिए,Environmental Team,2023-09-03,2023-10-21,2023-10-25,Rejected,Low,True,Sita Devi,2023-10-26,
CA-01455,INS-OD-001-3475,,Verify compliance,Verify compliance को लागू किया जाना चाहिए,Environmental Team,2023-04-12,2023-05-02,2023-05-02,Open,Low,True,Sita Devi,2023-05-03,
CA-01456,INS-JH-002-0737,,Verify compliance,Verify compliance को लागू किया जाना चाहिए,Safety Team,2023-04-13,2023-04-22,,Rejected,Critical,False,,,
CA-01457,INS-OD-001-2817,,Install dust suppression,Install dust suppression को लागू किया जाना चाहिए,Environmental Team,2023-10-24,2023-12-22,2023-12-31,Rejected,Low,True,Rajesh Kumar,2024-01-01,
CA-01458,INS-JH-001-2176,,Repair roof supports,Repair roof supports को लागू किया जाना चाहिए,Environmental Team,2023-05-01,2023-06-12,2023-06-18,Completed,Low,True,Rajesh Kumar,2023-06-19,
CA-01459,INS-JH-001-4786,,Conduct training,Conduct training को लागू किया जाना चाहिए,Safety Team,2023-08-05,2023-09-09,,Rejected,Low,False,,,
CA-01460,INS-OD-001-0033,,Repair roof supports,Repair roof supports को लागू किया जाना चाहिए,Environmental Team,2023-09-06,2023-11-01,2023-11-11,Escalated,High,True,Rajesh Kumar,2023-11-12,
CA-01461,INS-JH-001-0999,,Verify compliance,Verify compliance को लागू किया जाना चाहिए,Safety Team,2023-05-01,2023-06-17,,Escalated,Low,False,,,
CA-01462,INS-OD-001-2192,,Conduct training,Conduct training को लागू किया जाना चाहिए,Safety Team,2023-12-26,2024-02-09,2024-02-10,Rejected,Medium,True,Rajesh Kumar,2024-02-11,
CA-01463,INS-JH-001-2049,,Conduct training,Conduct training को लागू किया जाना चाहिए,Safety Team,2023-07-27,2023-08-27,2023-09-03,Completed,High,True,Sita Devi,2023-09-04,
CA-01464,INS-OD-001-0871,,Conduct training,Conduct training को लागू किया जाना चाहिए,Safety Team,2023-03-28,2023-05-10,2023-05-08,Overdue,Medium,True,Sita Devi,2023-05-09,Equipment unavailability
CA-01465,INS-OD-001-0807,INC-JH-001-098,Verify compliance,Verify compliance को लागू किया जाना चाहिए,Safety Team,2023-01-04,2023-02-16,,Escalated,Low,False,,,
CA-01466,INS-OD-001-0860,INC-JH-001-175,Conduct training,Conduct training को लागू किया जाना चाहिए,Environmental Team,2023-11-13,2023-12-29,2024-01-08,Overdue,Critical,False,,,Equipment unavailability
CA-01467,INS-JH-002-3131,INC-JH-001-041,Verify compliance,Verify compliance को लागू किया जाना चाहिए,Maintenance Team,2023-06-14,2023-07-27,2023-07-30,Completed,High,True,Sita Devi,2023-07-31,
CA-01468,INS-JH-001-4376,INC-OD-001-016,Repair roof supports,Repair roof supports को लागू किया जाना चाहिए,Safety Team,2023-03-21,2023-04-17,2023-04-25,Open,Critical,True,Rajesh Kumar,2023-04-26,
CA-01469,INS-JH-002-2587,,Conduct training,Conduct training को लागू किया जाना चाहिए,Environmental Team,2023-03-05,2023-04-29,2023-04-29,Overdue,Low,True,Rajesh Kumar,2023-04-30,Parts not available
CA-01470,INS-JH-002-3321,,Verify compliance,Verify compliance को लागू किया जाना चाहिए,Safety Team,2023-02-04,2023-03-30,2023-03-26,Completed,Medium,True,Rajesh Kumar,2023-03-27,
CA-01471,INS-JH-001-4088,INC-JH-002-101,Conduct training,Conduct training को लागू किया जाना चाहिए,Safety Team,2023-08-30,2023-10-06,2023-10-02,Open,High,False,,,
CA-01472,INS-OD-001-0090,,Verify compliance,Verify compliance को लागू किया जाना चाहिए,Environmental Team,2024-01-01,2024-02-16,,Rejected,Medium,False,,,
CA-01473,INS-OD-001-4522,INC-JH-002-058,Verify compliance,Verify compliance को लागू किया जाना चाहिए,Safety Team,2023-06-15,2023-07-28,2023-08-01,Completed,High,True,Rajesh Kumar,2023-08-02,
CA-01474,INS-JH-001-1606,,Conduct training,Conduct training को लागू किया जाना चाहिए,Environmental Team,2023-09-19,2023-11-06,2023-11-04,Completed,Medium,True,Rajesh Kumar,2023-11-05,
CA-01475,INS-OD-001-2690,,Install dust suppression,Install dust suppression को लागू किया जाना चाहिए,Safety Team,2023-11-04,2023-12-05,2023-12-10,Escalated,Medium,True,Rajesh Kumar,2023-12-11,
CA-01476,INS-JH-002-1512,,Install dust suppression,Install dust suppression को लागू किया जाना चाहिए,Safety Team,2023-09-17,2023-11-14,2023-11-17,In Progress,High,False,,,
CA-01477,INS-JH-002-0148,,Install dust suppression,Install dust suppression को लागू किया जाना चाहिए,Maintenance Team,2023-07-18,2023-07-26,2023-07-21,Rejected,Critical,True,Rajesh Kumar,2023-07-22,
CA-01478,INS-JH-002-0253,,Repair roof supports,Repair roof supports को लागू किया जाना चाहिए,Environmental Team,2023-04-21,2023-06-20,,Open,Low,False,,,
CA-01479,INS-JH-001-3841,,Conduct training,Conduct training को लागू किया जाना चाहिए,Maintenance Team,2023-10-13,2023-11-27,2023-12-02,Overdue,Low,True,Sita Devi,2023-12-03,Waiting for approval
CA-01480,INS-JH-002-1293,,Repair roof supports,Repair roof supports को लागू किया जाना चाहिए,Safety Team,2023-09-08,2023-11-07,,Completed,Critical,False,,,
CA-01481,INS-OD-001-1008,INC-JH-002-124,Verify compliance,Verify compliance को लागू किया जाना चाहिए,Maintenance Team,2023-11-08,2023-12-13,2023-12-20,Escalated,Low,False,,,
CA-01482,INS-JH-001-4313,INC-JH-001-210,Repair roof supports,Repair roof supports को लागू किया जाना चाहिए,Maintenance Team,2023-10-27,2023-12-05,2023-12-06,Overdue,Low,True,Sita Devi,2023-12-07,Equipment unavailability
CA-01483,INS-JH-002-4489,INC-JH-001-006,Install dust suppression,Install dust suppression को लागू किया जाना चाहिए,Environmental Team,2023-04-10,2023-04-18,2023-04-25,Completed,High,False,,,
CA-01484,INS-OD-001-4871,,Verify compliance,Verify compliance को लागू किया जाना चाहिए,Safety Team,2023-09-24,2023-10-10,2023-10-19,Completed,Medium,True,Rajesh Kumar,2023-10-20,
CA-01485,INS-JH-001-4475,INC-OD-001-125,Install dust suppression,Install dust suppression को लागू किया जाना चाहिए,Environmental Team,2023-03-08,2023-03-20,2023-03-30,In Progress,Medium,True,Rajesh Kumar,2023-03-31,
CA-01486,INS-OD-001-1713,INC-JH-001-194,Repair roof supports,Repair roof supports को लागू किया जाना चाहिए,Maintenance Team,2023-09-15,2023-10-22,2023-11-01,In Progress,Low,True,Rajesh Kumar,2023-11-02,
CA-01487,INS-OD-001-4139,INC-JH-001-151,Install dust suppression,Install dust suppression को लागू किया जाना चाहिए,Safety Team,2023-02-18,2023-03-01,,Overdue,Medium,False,,,Waiting for approval
CA-01488,INS-OD-001-3026,,Install dust suppression,Install dust suppression को लागू किया जाना चाहिए,Maintenance Team,2023-07-10,2023-08-20,2023-08-28,Overdue,Low,True,Sita Devi,2023-08-29,Equipment unavailability
CA-01489,INS-OD-001-3546,,Install dust suppression,Install dust suppression को लागू किया जाना चाहिए,Maintenance Team,2023-12-10,2024-02-08,2024-02-16,Rejected,Low,True,Rajesh Kumar,2024-02-17,
CA-01490,INS-OD-001-3631,INC-JH-001-289,Verify compliance,Verify compliance को लागू किया जाना चाहिए,Safety Team,2023-07-16,2023-08-03,2023-07-31,In Progress,Critical,True,Rajesh Kumar,2023-08-01,
CA-01491,INS-JH-001-4466,INC-OD-001-037,Verify compliance,Verify compliance को लागू किया जाना चाहिए,Safety Team,2023-12-08,2024-02-04,2024-02-05,Completed,Low,True,Rajesh Kumar,2024-02-06,
CA-01492,INS-JH-001-0082,INC-JH-002-253,Repair roof supports,Repair roof supports को लागू किया जाना चाहिए,Maintenance Team,2023-02-18,2023-04-03,,Rejected,Low,False,,,
CA-01493,INS-JH-002-4178,INC-JH-001-143,Install dust suppression,Install dust suppression को लागू किया जाना चाहिए,Environmental Team,2023-04-20,2023-06-07,2023-06-13,Overdue,Critical,False,,,Parts not available
CA-01494,INS-OD-001-0517,INC-OD-001-010,Install dust suppression,Install dust suppression को लागू किया जाना चाहिए,Safety Team,2023-12-30,2024-02-05,,Completed,Medium,False,,,
CA-01495,INS-JH-001-0407,,Conduct training,Conduct training को लागू किया जाना चाहिए,Environmental Team,2023-12-18,2023-12-25,2023-12-23,Completed,Low,True,Sita Devi,2023-12-24,
CA-01496,INS-OD-001-4424,INC-OD-001-259,Verify compliance,Verify compliance को लागू किया जाना चाहिए,Maintenance Team,2023-03-07,2023-03-15,2023-03-23,Overdue,Medium,True,Sita Devi,2023-03-24,Equipment unavailability
CA-01497,INS-OD-001-4377,,Install dust suppression,Install dust suppression को लागू किया जाना चाहिए,Safety Team,2023-03-25,2023-04-16,2023-04-16,Escalated,Low,True,Rajesh Kumar,2023-04-17,
CA-01498,INS-JH-001-3229,INC-JH-002-189,Install dust suppression,Install dust suppression को लागू किया जाना चाहिए,Safety Team,2023-02-05,2023-03-13,,Overdue,Medium,False,,,Parts not available
CA-01499,INS-JH-001-3527,,Verify compliance,Verify compliance को लागू किया जाना चाहिए,Safety Team,2023-08-13,2023-09-28,2023-10-02,Escalated,Critical,True,Rajesh Kumar,2023-10-03,
