document_id,mine_id,document_type,document_number,issue_date,expiry_date,issuing_authority,ocr_text_status,verification_status,file_path,file_size_kb,uploaded_by,uploaded_date
DOC-00000,OD-002,Insurance Certificate,Ins-0000-2023,2022-01-11,2026-01-10,State PCB,Extracted,Expired,/documents/insurance_certificate/OD-002/0000.pdf,2823,Sita Devi,2022-02-10 00:00:00
DOC-00001,,Mining Lease,Min-0001-2023,2023-10-31,2027-10-30,CPCB,Extracted,Verified,/documents/mining_lease/global/0001.pdf,4330,Rajesh Kumar,2023-11-23 00:00:00
DOC-00002,OD-002,Audit Report,Aud-0002-2023,2023-06-27,2025-06-26,Insurance Company,Extracted,Expired,/documents/audit_report/OD-002/0002.pdf,4927,Sita Devi,2023-07-13 00:00:00
DOC-00003,CG-001,Safety Certificate,Saf-0003-2023,2023-02-27,2024-02-27,Insurance Company,Extracted,Expired,/documents/safety_certificate/CG-001/0003.pdf,3325,Rajesh Kumar,2023-03-24 00:00:00
DOC-00004,JH-002,Fire Safety Certificate,Fir-0004-2023,2023-08-20,2027-08-19,CPCB,Extracted,Verified,/documents/fire_safety_certificate/JH-002/0004.pdf,2326,Rajesh Kumar,2023-09-02 00:00:00
DOC-00005,CG-002,First Aid Certificate,Fir-0005-2023,2022-02-12,2027-02-11,State PCB,Extracted,Verified,/documents/first_aid_certificate/CG-002/0005.pdf,2812,Rajesh Kumar,2022-03-06 00:00:00
DOC-00006,JH-003,Safety Certificate,Saf-0006-2023,2023-07-19,2028-07-17,DGMS,Extracted,Pending,/documents/safety_certificate/JH-003/0006.pdf,1459,Rajesh Kumar,2023-08-15 00:00:00
DOC-00007,CG-001,Environmental Clearance,Env-0007-2023,2023-01-09,2028-01-08,DGMS,Extracted,Verified,/documents/environmental_clearance/CG-001/0007.pdf,4984,Rajesh Kumar,2023-01-27 00:00:00
DOC-00008,,Safety Certificate,Saf-0008-2023,2022-08-24,2024-08-23,State PCB,Extracted,Expired,/documents/safety_certificate/global/0008.pdf,2926,Rajesh Kumar,2022-08-30 00:00:00
DOC-00009,JH-003,Mining Lease,Min-0009-2023,2022-04-26,2024-04-25,State PCB,Extracted,Expired,/documents/mining_lease/JH-003/0009.pdf,4043,Sita Devi,2022-05-22 00:00:00
DOC-00010,OD-002,Explosives Licence,Exp-0010-2023,2022-04-19,2025-04-18,State Government,Pending,Expired,/documents/explosives_licence/OD-002/0010.pdf,1705,Sita Devi,2022-05-06 00:00:00
DOC-00011,CG-001,Mining Lease,Min-0011-2023,2023-03-14,2026-03-13,DGMS,Extracted,Expired,/documents/mining_lease/CG-001/0011.pdf,3171,Sita Devi,2023-03-18 00:00:00
DOC-00012,OD-002,Fire Safety Certificate,Fir-0012-2023,2022-01-30,2025-01-29,State PCB,Extracted,Expired,/documents/fire_safety_certificate/OD-002/0012.pdf,4774,Sita Devi,2022-02-08 00:00:00
DOC-00013,CG-001,Mining Lease,Min-0013-2023,2023-03-05,2027-03-04,DGMS,Extracted,Verified,/documents/mining_lease/CG-001/0013.pdf,4020,Rajesh Kumar,2023-03-27 00:00:00
DOC-00014,CG-002,Environmental Clearance,Env-0014-2023,2022-04-02,2024-04-01,DGMS,Extracted,Expired,/documents/environmental_clearance/CG-002/0014.pdf,4913,Rajesh Kumar,2022-04-24 00:00:00
DOC-00015,CG-002,Mining Lease,Min-0015-2023,2022-04-04,2027-04-03,DGMS,Extracted,Rejected,/documents/mining_lease/CG-002/0015.pdf,1597,Sita Devi,2022-04-15 00:00:00
DOC-00016,CG-002,First Aid Certificate,Fir-0016-2023,2023-12-24,2027-12-23,DGMS,Extracted,Verified,/documents/first_aid_certificate/CG-002/0016.pdf,3470,Amit Patel,2023-12-30 00:00:00
DOC-00017,JH-003,Audit Report,Aud-0017-2023,2022-07-12,2025-07-11,State Government,Pending,Expired,/documents/audit_report/JH-003/0017.pdf,1307,Sita Devi,2022-07-25 00:00:00
DOC-00018,CG-001,Audit Report,Aud-0018-2023,2022-10-11,2025-10-10,State PCB,Failed,Expired,/documents/audit_report/CG-001/0018.pdf,2044,Sita Devi,2022-10-29 00:00:00
DOC-00019,CG-001,Mining Lease,Min-0019-2023,2022-01-05,2024-01-05,State Government,Extracted,Expired,/documents/mining_lease/CG-001/0019.pdf,4643,Rajesh Kumar,2022-02-04 00:00:00
DOC-00020,JH-003,Safety Certificate,Saf-0020-2023,2022-09-16,2027-09-15,State PCB,Extracted,Verified,/documents/safety_certificate/JH-003/0020.pdf,680,Amit Patel,2022-10-07 00:00:00
DOC-00021,CG-001,Explosives Licence,Exp-0021-2023,2023-10-31,2026-10-30,Insurance Company,Extracted,Verified,/documents/explosives_licence/CG-001/0021.pdf,1619,Sita Devi,2023-11-04 00:00:00
DOC-00022,OD-001,Audit Report,Aud-0022-2023,2022-07-19,2023-07-19,Insurance Company,Extracted,Expired,/documents/audit_report/OD-001/0022.pdf,4952,Amit Patel,2022-07-29 00:00:00
DOC-00023,CG-002,Insurance Certificate,Ins-0023-2023,2022-01-19,2025-01-18,State Government,Pending,Expired,/documents/insurance_certificate/CG-002/0023.pdf,4344,Amit Patel,2022-02-14 00:00:00
DOC-00024,OD-002,Mining Lease,Min-0024-2023,2022-07-15,2025-07-14,CPCB,Extracted,Expired,/documents/mining_lease/OD-002/0024.pdf,3488,Rajesh Kumar,2022-08-07 00:00:00
DOC-00025,OD-002,Explosives Licence,Exp-0025-2023,2022-03-26,2025-03-25,CPCB,Extracted,Expired,/documents/explosives_licence/OD-002/0025.pdf,4946,Rajesh Kumar,2022-04-08 00:00:00
DOC-00026,JH-001,Insurance Certificate,Ins-0026-2023,2023-07-30,2024-07-29,DGMS,Extracted,Expired,/documents/insurance_certificate/JH-001/0026.pdf,1732,Amit Patel,2023-08-12 00:00:00
DOC-00027,CG-001,Environmental Clearance,Env-0027-2023,2023-02-01,2024-02-01,CPCB,Extracted,Expired,/documents/environmental_clearance/CG-001/0027.pdf,3419,Amit Patel,2023-03-02 00:00:00
DOC-00028,OD-002,Training Certificate,Tra-0028-2023,2022-07-06,2024-07-05,State Government,Extracted,Expired,/documents/training_certificate/OD-002/0028.pdf,2609,Amit Patel,2022-07-17 00:00:00
DOC-00029,JH-001,Environmental Clearance,Env-0029-2023,2022-08-07,2025-08-06,State PCB,Pending,Expired,/documents/environmental_clearance/JH-001/0029.pdf,552,Sita Devi,2022-09-02 00:00:00
DOC-00030,CG-001,Insurance Certificate,Ins-0030-2023,2022-12-22,2027-12-21,State PCB,Extracted,Verified,/documents/insurance_certificate/CG-001/0030.pdf,2347,Sita Devi,2023-01-02 00:00:00
DOC-00031,JH-001,Training Certificate,Tra-0031-2023,2023-04-16,2027-04-15,State PCB,Extracted,Verified,/documents/training_certificate/JH-001/0031.pdf,2413,Rajesh Kumar,2023-04-23 00:00:00
DOC-00032,CG-001,Explosives Licence,Exp-0032-2023,2023-11-18,2025-11-17,State PCB,Extracted,Expired,/documents/explosives_licence/CG-001/0032.pdf,3207,Amit Patel,2023-11-19 00:00:00
DOC-00033,JH-001,First Aid Certificate,Fir-0033-2023,2022-06-18,2026-06-17,State Government,Extracted,Expired,/documents/first_aid_certificate/JH-001/0033.pdf,4899,Rajesh Kumar,2022-07-17 00:00:00
DOC-00034,CG-001,Insurance Certificate,Ins-0034-2023,2022-08-01,2026-07-31,Insurance Company,Extracted,Expired,/documents/insurance_certificate/CG-001/0034.pdf,4580,Sita Devi,2022-08-05 00:00:00
DOC-00035,CG-001,Mining Lease,Min-0035-2023,2022-10-17,2023-10-17,DGMS,Pending,Expired,/documents/mining_lease/CG-001/0035.pdf,4664,Amit Patel,2022-11-13 00:00:00
DOC-00036,OD-001,Safety Certificate,Saf-0036-2023,2022-11-18,2023-11-18,Insurance Company,Extracted,Expired,/documents/safety_certificate/OD-001/0036.pdf,548,Sita Devi,2022-12-03 00:00:00
DOC-00037,OD-001,Insurance Certificate,Ins-0037-2023,2022-01-08,2025-01-07,State PCB,Extracted,Expired,/documents/insurance_certificate/OD-001/0037.pdf,516,Rajesh Kumar,2022-01-22 00:00:00
DOC-00038,CG-002,First Aid Certificate,Fir-0038-2023,2022-12-20,2025-12-19,Insurance Company,Extracted,Expired,/documents/first_aid_certificate/CG-002/0038.pdf,4534,Sita Devi,2023-01-07 00:00:00
DOC-00039,OD-002,Explosives Licence,Exp-0039-2023,2022-06-29,2027-06-28,DGMS,Pending,Verified,/documents/explosives_licence/OD-002/0039.pdf,3339,Rajesh Kumar,2022-07-22 00:00:00
DOC-00040,JH-003,Safety Certificate,Saf-0040-2023,2023-12-13,2028-12-11,Insurance Company,Extracted,Verified,/documents/safety_certificate/JH-003/0040.pdf,3964,Amit Patel,2024-01-06 00:00:00
DOC-00041,OD-001,First Aid Certificate,Fir-0041-2023,2023-12-15,2027-12-14,DGMS,Extracted,Pending,/documents/first_aid_certificate/OD-001/0041.pdf,1335,Amit Patel,2024-01-04 00:00:00
DOC-00042,CG-001,Safety Certificate,Saf-0042-2023,2023-01-14,2026-01-13,Insurance Company,Extracted,Expired,/documents/safety_certificate/CG-001/0042.pdf,4099,Rajesh Kumar,2023-02-02 00:00:00
DOC-00043,,Environmental Clearance,Env-0043-2023,2023-03-18,2024-03-17,CPCB,Pending,Expired,/documents/environmental_clearance/global/0043.pdf,3230,Rajesh Kumar,2023-04-05 00:00:00
DOC-00044,JH-003,Environmental Clearance,Env-0044-2023,2022-04-23,2026-04-22,State Government,Extracted,Expired,/documents/environmental_clearance/JH-003/0044.pdf,2473,Sita Devi,2022-05-23 00:00:00
DOC-00045,CG-001,Training Certificate,Tra-0045-2023,2023-04-30,2027-04-29,CPCB,Extracted,Pending,/documents/training_certificate/CG-001/0045.pdf,1846,Amit Patel,2023-05-29 00:00:00
DOC-00046,JH-003,Audit Report,Aud-0046-2023,2023-03-06,2027-03-05,Insurance Company,Pending,Verified,/documents/audit_report/JH-003/0046.pdf,1720,Amit Patel,2023-04-03 00:00:00
DOC-00047,JH-003,Mining Lease,Min-0047-2023,2023-02-06,2028-02-05,State Government,Extracted,Verified,/documents/mining_lease/JH-003/0047.pdf,543,Rajesh Kumar,2023-02-23 00:00:00
DOC-00048,OD-001,Training Certificate,Tra-0048-2023,2023-11-20,2026-11-19,Insurance Company,Extracted,Pending,/documents/training_certificate/OD-001/0048.pdf,2057,Rajesh Kumar,2023-11-24 00:00:00
DOC-00049,CG-001,Insurance Certificate,Ins-0049-2023,2023-01-29,2025-01-28,State PCB,Extracted,Expired,/documents/insurance_certificate/CG-001/0049.pdf,2555,Rajesh Kumar,2023-02-28 00:00:00
DOC-00050,JH-003,Audit Report,Aud-0050-2023,2023-05-05,2024-05-04,State PCB,Extracted,Expired,/documents/audit_report/JH-003/0050.pdf,4864,Rajesh Kumar,2023-06-04 00:00:00
DOC-00051,CG-001,Mining Lease,Min-0051-2023,2022-03-13,2025-03-12,CPCB,Extracted,Expired,/documents/mining_lease/CG-001/0051.pdf,2307,Sita Devi,2022-04-01 00:00:00
DOC-00052,JH-002,Safety Certificate,Saf-0052-2023,2022-11-15,2025-11-14,DGMS,Pending,Expired,/documents/safety_certificate/JH-002/0052.pdf,4802,Rajesh Kumar,2022-12-05 00:00:00
DOC-00053,JH-001,First Aid Certificate,Fir-0053-2023,2022-11-13,2025-11-12,State Government,Extracted,Expired,/documents/first_aid_certificate/JH-001/0053.pdf,4282,Rajesh Kumar,2022-11-30 00:00:00
DOC-00054,CG-002,Safety Certificate,Saf-0054-2023,2022-12-03,2024-12-02,DGMS,Extracted,Expired,/documents/safety_certificate/CG-002/0054.pdf,1808,Rajesh Kumar,2022-12-13 00:00:00
DOC-00055,OD-001,Mining Lease,Min-0055-2023,2023-12-27,2026-12-26,State Government,Extracted,Verified,/documents/mining_lease/OD-001/0055.pdf,1613,Rajesh Kumar,2024-01-09 00:00:00
DOC-00056,OD-001,Audit Report,Aud-0056-2023,2022-03-11,2024-03-10,DGMS,Extracted,Expired,/documents/audit_report/OD-001/0056.pdf,2151,Sita Devi,2022-03-14 00:00:00
DOC-00057,JH-002,Environmental Clearance,Env-0057-2023,2022-07-10,2024-07-09,CPCB,Pending,Expired,/documents/environmental_clearance/JH-002/0057.pdf,2777,Rajesh Kumar,2022-07-21 00:00:00
DOC-00058,OD-001,Fire Safety Certificate,Fir-0058-2023,2023-11-19,2024-11-18,DGMS,Pending,Expired,/documents/fire_safety_certificate/OD-001/0058.pdf,2209,Sita Devi,2023-11-22 00:00:00
DOC-00059,CG-002,Explosives Licence,Exp-0059-2023,2022-11-27,2024-11-26,State Government,Extracted,Expired,/documents/explosives_licence/CG-002/0059.pdf,3989,Sita Devi,2022-12-06 00:00:00
DOC-00060,OD-001,Mining Lease,Min-0060-2023,2022-11-28,2023-11-28,DGMS,Extracted,Expired,/documents/mining_lease/OD-001/0060.pdf,2931,Sita Devi,2022-12-07 00:00:00
DOC-00061,OD-002,Training Certificate,Tra-0061-2023,2023-12-26,2024-12-25,Insurance Company,Extracted,Expired,/documents/training_certificate/OD-002/0061.pdf,2283,Amit Patel,2024-01-18 00:00:00
DOC-00062,JH-001,Audit Report,Aud-0062-2023,2022-06-12,2023-06-12,DGMS,Extracted,Expired,/documents/audit_report/JH-001/0062.pdf,814,Rajesh Kumar,2022-07-02 00:00:00
DOC-00063,OD-002,Insurance Certificate,Ins-0063-2023,2023-07-13,2026-07-12,CPCB,Extracted,Expired,/documents/insurance_certificate/OD-002/0063.pdf,794,Amit Patel,2023-07-18 00:00:00
DOC-00064,CG-001,First Aid Certificate,Fir-0064-2023,2022-01-12,2027-01-11,DGMS,Extracted,Verified,/documents/first_aid_certificate/CG-001/0064.pdf,1625,Amit Patel,2022-02-06 00:00:00
DOC-00065,CG-002,Mining Lease,Min-0065-2023,2023-12-13,2025-12-12,State PCB,Extracted,Expired,/documents/mining_lease/CG-002/0065.pdf,776,Rajesh Kumar,2023-12-28 00:00:00
DOC-00066,OD-002,Mining Lease,Min-0066-2023,2022-09-09,2025-09-08,Insurance Company,Pending,Expired,/documents/mining_lease/OD-002/0066.pdf,4786,Amit Patel,2022-10-01 00:00:00
DOC-00067,OD-002,Fire Safety Certificate,Fir-0067-2023,2023-03-05,2026-03-04,DGMS,Pending,Expired,/documents/fire_safety_certificate/OD-002/0067.pdf,2959,Rajesh Kumar,2023-04-04 00:00:00
DOC-00068,JH-003,Explosives Licence,Exp-0068-2023,2022-02-03,2024-02-03,State PCB,Extracted,Expired,/documents/explosives_licence/JH-003/0068.pdf,762,Rajesh Kumar,2022-02-27 00:00:00
DOC-00069,CG-001,Environmental Clearance,Env-0069-2023,2023-05-27,2024-05-26,DGMS,Pending,Expired,/documents/environmental_clearance/CG-001/0069.pdf,1861,Amit Patel,2023-06-10 00:00:00
DOC-00070,OD-001,Environmental Clearance,Env-0070-2023,2022-11-05,2025-11-04,Insurance Company,Extracted,Expired,/documents/environmental_clearance/OD-001/0070.pdf,2130,Rajesh Kumar,2022-11-26 00:00:00
DOC-00071,JH-002,Environmental Clearance,Env-0071-2023,2023-06-13,2026-06-12,DGMS,Extracted,Expired,/documents/environmental_clearance/JH-002/0071.pdf,972,Amit Patel,2023-06-21 00:00:00
DOC-00072,JH-002,Training Certificate,Tra-0072-2023,2022-05-20,2025-05-19,Insurance Company,Failed,Expired,/documents/training_certificate/JH-002/0072.pdf,3911,Rajesh Kumar,2022-06-17 00:00:00
DOC-00073,,Insurance Certificate,Ins-0073-2023,2023-11-21,2026-11-20,State PCB,Extracted,Verified,/documents/insurance_certificate/global/0073.pdf,1986,Amit Patel,2023-12-04 00:00:00
DOC-00074,CG-002,Training Certificate,Tra-0074-2023,2022-07-01,2027-06-30,State PCB,Extracted,Verified,/documents/training_certificate/CG-002/0074.pdf,1477,Sita Devi,2022-07-31 00:00:00
DOC-00075,CG-001,Audit Report,Aud-0075-2023,2023-02-22,2026-02-21,CPCB,Extracted,Expired,/documents/audit_report/CG-001/0075.pdf,2441,Amit Patel,2023-03-04 00:00:00
DOC-00076,OD-001,Explosives Licence,Exp-0076-2023,2022-09-05,2024-09-04,State Government,Pending,Expired,/documents/explosives_licence/OD-001/0076.pdf,4239,Amit Patel,2022-09-23 00:00:00
DOC-00077,OD-001,Fire Safety Certificate,Fir-0077-2023,2022-08-16,2025-08-15,CPCB,Extracted,Expired,/documents/fire_safety_certificate/OD-001/0077.pdf,1139,Amit Patel,2022-09-01 00:00:00
DOC-00078,JH-002,Explosives Licence,Exp-0078-2023,2023-11-24,2025-11-23,CPCB,Extracted,Expired,/documents/explosives_licence/JH-002/0078.pdf,1202,Amit Patel,2023-12-08 00:00:00
DOC-00079,CG-001,Insurance Certificate,Ins-0079-2023,2023-11-16,2028-11-14,State Government,Extracted,Verified,/documents/insurance_certificate/CG-001/0079.pdf,3872,Amit Patel,2023-11-18 00:00:00
DOC-00080,OD-001,Audit Report,Aud-0080-2023,2023-11-06,2026-11-05,Insurance Company,Extracted,Verified,/documents/audit_report/OD-001/0080.pdf,2766,Rajesh Kumar,2023-12-01 00:00:00
DOC-00081,JH-003,First Aid Certificate,Fir-0081-2023,2022-03-15,2024-03-14,DGMS,Extracted,Expired,/documents/first_aid_certificate/JH-003/0081.pdf,973,Amit Patel,2022-04-01 00:00:00
DOC-00082,CG-002,Environmental Clearance,Env-0082-2023,2022-03-19,2027-03-18,Insurance Company,Pending,Pending,/documents/environmental_clearance/CG-002/0082.pdf,2732,Amit Patel,2022-04-05 00:00:00
DOC-00083,JH-003,Insurance Certificate,Ins-0083-2023,2023-08-22,2028-08-20,State Government,Extracted,Rejected,/documents/insurance_certificate/JH-003/0083.pdf,3846,Rajesh Kumar,2023-09-13 00:00:00
DOC-00084,JH-002,Audit Report,Aud-0084-2023,2023-11-29,2028-11-27,DGMS,Extracted,Verified,/documents/audit_report/JH-002/0084.pdf,2239,Sita Devi,2023-12-29 00:00:00
DOC-00085,,Environmental Clearance,Env-0085-2023,2022-05-25,2024-05-24,DGMS,Failed,Expired,/documents/environmental_clearance/global/0085.pdf,3991,Amit Patel,2022-06-21 00:00:00
DOC-00086,JH-001,Training Certificate,Tra-0086-2023,2022-06-22,2023-06-22,Insurance Company,Extracted,Expired,/documents/training_certificate/JH-001/0086.pdf,4914,Amit Patel,2022-06-24 00:00:00
DOC-00087,CG-002,Explosives Licence,Exp-0087-2023,2022-06-12,2025-06-11,State PCB,Pending,Expired,/documents/explosives_licence/CG-002/0087.pdf,1344,Amit Patel,2022-07-10 00:00:00
DOC-00088,JH-002,First Aid Certificate,Fir-0088-2023,2022-07-19,2025-07-18,CPCB,Extracted,Expired,/documents/first_aid_certificate/JH-002/0088.pdf,4662,Sita Devi,2022-07-26 00:00:00
DOC-00089,OD-001,First Aid Certificate,Fir-0089-2023,2023-04-22,2024-04-21,CPCB,Extracted,Expired,/documents/first_aid_certificate/OD-001/0089.pdf,3427,Rajesh Kumar,2023-05-17 00:00:00
DOC-00090,CG-002,First Aid Certificate,Fir-0090-2023,2023-02-13,2027-02-12,DGMS,Extracted,Verified,/documents/first_aid_certificate/CG-002/0090.pdf,4411,Rajesh Kumar,2023-03-01 00:00:00
DOC-00091,JH-001,Training Certificate,Tra-0091-2023,2022-07-17,2023-07-17,Insurance Company,Failed,Expired,/documents/training_certificate/JH-001/0091.pdf,1707,Sita Devi,2022-08-07 00:00:00
DOC-00092,CG-001,First Aid Certificate,Fir-0092-2023,2022-05-03,2026-05-02,CPCB,Extracted,Expired,/documents/first_aid_certificate/CG-001/0092.pdf,1273,Amit Patel,2022-05-29 00:00:00
DOC-00093,JH-002,Environmental Clearance,Env-0093-2023,2023-11-12,2024-11-11,Insurance Company,Extracted,Expired,/documents/environmental_clearance/JH-002/0093.pdf,969,Rajesh Kumar,2023-11-25 00:00:00
DOC-00094,OD-002,Audit Report,Aud-0094-2023,2023-10-28,2025-10-27,Insurance Company,Extracted,Expired,/documents/audit_report/OD-002/0094.pdf,4092,Amit Patel,2023-11-10 00:00:00
DOC-00095,OD-002,Safety Certificate,Saf-0095-2023,2023-07-23,2027-07-22,State Government,Extracted,Verified,/documents/safety_certificate/OD-002/0095.pdf,4899,Amit Patel,2023-07-31 00:00:00
DOC-00096,OD-001,Environmental Clearance,Env-0096-2023,2022-04-30,2025-04-29,DGMS,Extracted,Expired,/documents/environmental_clearance/OD-001/0096.pdf,3490,Amit Patel,2022-05-11 00:00:00
DOC-00097,JH-003,Explosives Licence,Exp-0097-2023,2022-12-19,2024-12-18,CPCB,Extracted,Expired,/documents/explosives_licence/JH-003/0097.pdf,3395,Amit Patel,2023-01-18 00:00:00
DOC-00098,CG-002,Safety Certificate,Saf-0098-2023,2022-09-12,2026-09-11,State PCB,Extracted,Verified,/documents/safety_certificate/CG-002/0098.pdf,1839,Sita Devi,2022-09-27 00:00:00
DOC-00099,CG-001,Environmental Clearance,Env-0099-2023,2022-06-16,2026-06-15,DGMS,Extracted,Expired,/documents/environmental_clearance/CG-001/0099.pdf,4888,Rajesh Kumar,2022-07-12 00:00:00
DOC-00100,CG-001,Mining Lease,Min-0100-2023,2023-04-22,2024-04-21,DGMS,Extracted,Expired,/documents/mining_lease/CG-001/0100.pdf,4610,Rajesh Kumar,2023-05-05 00:00:00
DOC-00101,JH-002,Fire Safety Certificate,Fir-0101-2023,2023-04-15,2024-04-14,Insurance Company,Extracted,Expired,/documents/fire_safety_certificate/JH-002/0101.pdf,3052,Sita Devi,2023-04-21 00:00:00
DOC-00102,OD-001,First Aid Certificate,Fir-0102-2023,2023-05-02,2026-05-01,CPCB,Pending,Expired,/documents/first_aid_certificate/OD-001/0102.pdf,2489,Amit Patel,2023-05-08 00:00:00
DOC-00103,JH-002,Audit Report,Aud-0103-2023,2022-08-16,2023-08-16,DGMS,Extracted,Expired,/documents/audit_report/JH-002/0103.pdf,1779,Sita Devi,2022-08-17 00:00:00
DOC-00104,CG-001,Training Certificate,Tra-0104-2023,2023-11-02,2025-11-01,Insurance Company,Pending,Expired,/documents/training_certificate/CG-001/0104.pdf,4038,Amit Patel,2023-11-16 00:00:00
DOC-00105,JH-001,Training Certificate,Tra-0105-2023,2023-09-27,2026-09-26,Insurance Company,Extracted,Verified,/documents/training_certificate/JH-001/0105.pdf,4036,Rajesh Kumar,2023-10-07 00:00:00
DOC-00106,CG-002,Audit Report,Aud-0106-2023,2022-05-15,2027-05-14,CPCB,Extracted,Verified,/documents/audit_report/CG-002/0106.pdf,1543,Amit Patel,2022-06-10 00:00:00
DOC-00107,CG-001,Mining Lease,Min-0107-2023,2023-11-03,2028-11-01,State PCB,Extracted,Verified,/documents/mining_lease/CG-001/0107.pdf,2860,Rajesh Kumar,2023-11-11 00:00:00
DOC-00108,JH-003,Environmental Clearance,Env-0108-2023,2023-12-08,2028-12-06,State Government,Extracted,Verified,/documents/environmental_clearance/JH-003/0108.pdf,4811,Sita Devi,2023-12-13 00:00:00
DOC-00109,,Audit Report,Aud-0109-2023,2023-01-30,2025-01-29,State PCB,Extracted,Expired,/documents/audit_report/global/0109.pdf,947,Rajesh Kumar,2023-02-17 00:00:00
DOC-00110,OD-002,Audit Report,Aud-0110-2023,2023-01-01,2025-12-31,Insurance Company,Failed,Expired,/documents/audit_report/OD-002/0110.pdf,2492,Sita Devi,2023-01-08 00:00:00
DOC-00111,OD-002,Audit Report,Aud-0111-2023,2023-06-03,2025-06-02,CPCB,Extracted,Expired,/documents/audit_report/OD-002/0111.pdf,2509,Rajesh Kumar,2023-06-15 00:00:00
DOC-00112,OD-001,Fire Safety Certificate,Fir-0112-2023,2022-07-20,2027-07-19,Insurance Company,Extracted,Verified,/documents/fire_safety_certificate/OD-001/0112.pdf,3969,Sita Devi,2022-08-05 00:00:00
DOC-00113,OD-001,First Aid Certificate,Fir-0113-2023,2022-01-29,2023-01-29,CPCB,Extracted,Expired,/documents/first_aid_certificate/OD-001/0113.pdf,2341,Amit Patel,2022-02-21 00:00:00
DOC-00114,CG-002,Explosives Licence,Exp-0114-2023,2023-11-27,2025-11-26,State PCB,Extracted,Expired,/documents/explosives_licence/CG-002/0114.pdf,835,Rajesh Kumar,2023-12-16 00:00:00
DOC-00115,OD-001,Mining Lease,Min-0115-2023,2022-06-21,2024-06-20,State PCB,Pending,Expired,/documents/mining_lease/OD-001/0115.pdf,1927,Rajesh Kumar,2022-07-04 00:00:00
DOC-00116,JH-001,Insurance Certificate,Ins-0116-2023,2022-06-01,2026-05-31,Insurance Company,Extracted,Expired,/documents/insurance_certificate/JH-001/0116.pdf,2291,Rajesh Kumar,2022-06-17 00:00:00
DOC-00117,JH-001,First Aid Certificate,Fir-0117-2023,2023-02-03,2024-02-03,CPCB,Extracted,Expired,/documents/first_aid_certificate/JH-001/0117.pdf,2178,Rajesh Kumar,2023-02-18 00:00:00
DOC-00118,JH-003,Insurance Certificate,Ins-0118-2023,2023-09-22,2028-09-20,CPCB,Extracted,Verified,/documents/insurance_certificate/JH-003/0118.pdf,1447,Sita Devi,2023-09-25 00:00:00
DOC-00119,JH-001,First Aid Certificate,Fir-0119-2023,2022-07-15,2025-07-14,DGMS,Extracted,Expired,/documents/first_aid_certificate/JH-001/0119.pdf,2855,Sita Devi,2022-08-14 00:00:00
DOC-00120,CG-002,Mining Lease,Min-0120-2023,2022-08-01,2027-07-31,State Government,Pending,Pending,/documents/mining_lease/CG-002/0120.pdf,3984,Rajesh Kumar,2022-08-15 00:00:00
DOC-00121,CG-001,First Aid Certificate,Fir-0121-2023,2022-02-04,2026-02-03,DGMS,Extracted,Expired,/documents/first_aid_certificate/CG-001/0121.pdf,2307,Amit Patel,2022-03-06 00:00:00
DOC-00122,JH-002,Audit Report,Aud-0122-2023,2022-03-10,2025-03-09,State Government,Pending,Expired,/documents/audit_report/JH-002/0122.pdf,2242,Sita Devi,2022-03-24 00:00:00
DOC-00123,,Safety Certificate,Saf-0123-2023,2023-12-12,2027-12-11,State PCB,Extracted,Verified,/documents/safety_certificate/global/0123.pdf,3840,Sita Devi,2023-12-23 00:00:00
DOC-00124,JH-003,Training Certificate,Tra-0124-2023,2023-03-04,2027-03-03,State Government,Extracted,Verified,/documents/training_certificate/JH-003/0124.pdf,2742,Sita Devi,2023-03-09 00:00:00
DOC-00125,CG-001,Mining Lease,Min-0125-2023,2023-07-18,2027-07-17,CPCB,Extracted,Pending,/documents/mining_lease/CG-001/0125.pdf,3059,Sita Devi,2023-07-29 00:00:00
DOC-00126,OD-002,Environmental Clearance,Env-0126-2023,2023-12-30,2026-12-29,Insurance Company,Extracted,Verified,/documents/environmental_clearance/OD-002/0126.pdf,3472,Rajesh Kumar,2024-01-12 00:00:00
DOC-00127,OD-002,Explosives Licence,Exp-0127-2023,2022-06-28,2027-06-27,CPCB,Extracted,Verified,/documents/explosives_licence/OD-002/0127.pdf,4173,Amit Patel,2022-07-28 00:00:00
DOC-00128,CG-002,Mining Lease,Min-0128-2023,2023-02-09,2027-02-08,DGMS,Extracted,Verified,/documents/mining_lease/CG-002/0128.pdf,2490,Sita Devi,2023-02-23 00:00:00
DOC-00129,OD-002,Audit Report,Aud-0129-2023,2023-07-25,2026-07-24,DGMS,Pending,Expired,/documents/audit_report/OD-002/0129.pdf,4774,Amit Patel,2023-08-14 00:00:00
DOC-00130,,Explosives Licence,Exp-0130-2023,2022-04-03,2023-04-03,DGMS,Extracted,Expired,/documents/explosives_licence/global/0130.pdf,3615,Sita Devi,2022-04-05 00:00:00
DOC-00131,OD-002,Mining Lease,Min-0131-2023,2022-09-02,2024-09-01,CPCB,Extracted,Expired,/documents/mining_lease/OD-002/0131.pdf,2283,Rajesh Kumar,2022-09-28 00:00:00
DOC-00132,JH-003,Mining Lease,Min-0132-2023,2022-08-26,2023-08-26,State PCB,Extracted,Expired,/documents/mining_lease/JH-003/0132.pdf,4286,Sita Devi,2022-09-16 00:00:00
DOC-00133,JH-002,Environmental Clearance,Env-0133-2023,2023-03-21,2028-03-19,DGMS,Extracted,Verified,/documents/environmental_clearance/JH-002/0133.pdf,3410,Rajesh Kumar,2023-03-25 00:00:00
DOC-00134,JH-002,First Aid Certificate,Fir-0134-2023,2023-03-02,2025-03-01,Insurance Company,Pending,Expired,/documents/first_aid_certificate/JH-002/0134.pdf,645,Rajesh Kumar,2023-03-08 00:00:00
DOC-00135,,First Aid Certificate,Fir-0135-2023,2023-02-22,2025-02-21,State Government,Extracted,Expired,/documents/first_aid_certificate/global/0135.pdf,989,Amit Patel,2023-03-22 00:00:00
DOC-00136,JH-002,First Aid Certificate,Fir-0136-2023,2022-12-16,2023-12-16,CPCB,Extracted,Expired,/documents/first_aid_certificate/JH-002/0136.pdf,4276,Sita Devi,2022-12-22 00:00:00
DOC-00137,JH-002,First Aid Certificate,Fir-0137-2023,2023-05-02,2026-05-01,Insurance Company,Extracted,Expired,/documents/first_aid_certificate/JH-002/0137.pdf,4763,Sita Devi,2023-05-03 00:00:00
DOC-00138,JH-002,Safety Certificate,Saf-0138-2023,2022-07-17,2027-07-16,CPCB,Pending,Pending,/documents/safety_certificate/JH-002/0138.pdf,3905,Amit Patel,2022-07-28 00:00:00
DOC-00139,OD-001,Training Certificate,Tra-0139-2023,2023-11-18,2025-11-17,State Government,Extracted,Expired,/documents/training_certificate/OD-001/0139.pdf,1188,Rajesh Kumar,2023-12-17 00:00:00
DOC-00140,CG-001,Safety Certificate,Saf-0140-2023,2023-02-18,2024-02-18,State Government,Extracted,Expired,/documents/safety_certificate/CG-001/0140.pdf,3078,Rajesh Kumar,2023-03-07 00:00:00
DOC-00141,CG-001,First Aid Certificate,Fir-0141-2023,2022-07-17,2027-07-16,Insurance Company,Pending,Verified,/documents/first_aid_certificate/CG-001/0141.pdf,4699,Rajesh Kumar,2022-07-28 00:00:00
DOC-00142,JH-001,First Aid Certificate,Fir-0142-2023,2022-04-11,2027-04-10,Insurance Company,Pending,Verified,/documents/first_aid_certificate/JH-001/0142.pdf,2915,Rajesh Kumar,2022-05-01 00:00:00
DOC-00143,CG-001,Environmental Clearance,Env-0143-2023,2022-04-07,2023-04-07,DGMS,Extracted,Expired,/documents/environmental_clearance/CG-001/0143.pdf,4673,Sita Devi,2022-04-30 00:00:00
DOC-00144,JH-001,Environmental Clearance,Env-0144-2023,2022-11-24,2024-11-23,DGMS,Pending,Expired,/documents/environmental_clearance/JH-001/0144.pdf,1819,Sita Devi,2022-11-28 00:00:00
DOC-00145,JH-001,First Aid Certificate,Fir-0145-2023,2023-10-04,2027-10-03,State Government,Extracted,Verified,/documents/first_aid_certificate/JH-001/0145.pdf,3671,Sita Devi,2023-10-24 00:00:00
DOC-00146,JH-002,Environmental Clearance,Env-0146-2023,2022-10-21,2027-10-20,DGMS,Extracted,Verified,/documents/environmental_clearance/JH-002/0146.pdf,1932,Sita Devi,2022-11-18 00:00:00
DOC-00147,JH-001,Training Certificate,Tra-0147-2023,2022-07-01,2025-06-30,State Government,Extracted,Expired,/documents/training_certificate/JH-001/0147.pdf,2210,Sita Devi,2022-07-13 00:00:00
DOC-00148,JH-002,First Aid Certificate,Fir-0148-2023,2022-05-02,2025-05-01,State PCB,Pending,Expired,/documents/first_aid_certificate/JH-002/0148.pdf,4935,Sita Devi,2022-05-30 00:00:00
DOC-00149,JH-001,Audit Report,Aud-0149-2023,2022-07-08,2026-07-07,State Government,Extracted,Expired,/documents/audit_report/JH-001/0149.pdf,4258,Amit Patel,2022-07-12 00:00:00
DOC-00150,JH-001,Explosives Licence,Exp-0150-2023,2022-01-16,2026-01-15,CPCB,Extracted,Expired,/documents/explosives_licence/JH-001/0150.pdf,2200,Amit Patel,2022-02-09 00:00:00
DOC-00151,JH-001,Safety Certificate,Saf-0151-2023,2023-09-02,2026-09-01,State PCB,Extracted,Verified,/documents/safety_certificate/JH-001/0151.pdf,2603,Sita Devi,2023-09-23 00:00:00
DOC-00152,OD-001,First Aid Certificate,Fir-0152-2023,2023-05-04,2027-05-03,CPCB,Extracted,Verified,/documents/first_aid_certificate/OD-001/0152.pdf,1661,Rajesh Kumar,2023-05-10 00:00:00
DOC-00153,JH-003,Audit Report,Aud-0153-2023,2023-01-08,2028-01-07,Insurance Company,Extracted,Pending,/documents/audit_report/JH-003/0153.pdf,3834,Rajesh Kumar,2023-01-29 00:00:00
DOC-00154,JH-003,Fire Safety Certificate,Fir-0154-2023,2023-10-30,2027-10-29,Insurance Company,Extracted,Verified,/documents/fire_safety_certificate/JH-003/0154.pdf,801,Amit Patel,2023-11-19 00:00:00
DOC-00155,,First Aid Certificate,Fir-0155-2023,2022-10-23,2027-10-22,State Government,Extracted,Pending,/documents/first_aid_certificate/global/0155.pdf,4955,Sita Devi,2022-11-02 00:00:00
DOC-00156,JH-003,Fire Safety Certificate,Fir-0156-2023,2022-02-08,2024-02-08,CPCB,Extracted,Expired,/documents/fire_safety_certificate/JH-003/0156.pdf,1177,Sita Devi,2022-02-15 00:00:00
DOC-00157,CG-001,Explosives Licence,Exp-0157-2023,2022-07-26,2027-07-25,CPCB,Pending,Verified,/documents/explosives_licence/CG-001/0157.pdf,4170,Sita Devi,2022-08-17 00:00:00
DOC-00158,OD-001,Mining Lease,Min-0158-2023,2022-04-25,2025-04-24,State Government,Extracted,Expired,/documents/mining_lease/OD-001/0158.pdf,776,Amit Patel,2022-05-10 00:00:00
DOC-00159,JH-002,Safety Certificate,Saf-0159-2023,2023-10-05,2025-10-04,Insurance Company,Extracted,Expired,/documents/safety_certificate/JH-002/0159.pdf,3001,Sita Devi,2023-10-09 00:00:00
DOC-00160,JH-001,Insurance Certificate,Ins-0160-2023,2023-08-08,2028-08-06,DGMS,Extracted,Pending,/documents/insurance_certificate/JH-001/0160.pdf,2200,Amit Patel,2023-08-27 00:00:00
DOC-00161,JH-001,Mining Lease,Min-0161-2023,2022-10-09,2027-10-08,State Government,Extracted,Verified,/documents/mining_lease/JH-001/0161.pdf,1117,Rajesh Kumar,2022-10-16 00:00:00
DOC-00162,OD-002,Safety Certificate,Saf-0162-2023,2023-11-21,2026-11-20,State PCB,Extracted,Verified,/documents/safety_certificate/OD-002/0162.pdf,4116,Amit Patel,2023-12-19 00:00:00
DOC-00163,CG-001,Fire Safety Certificate,Fir-0163-2023,2022-03-30,2025-03-29,DGMS,Pending,Expired,/documents/fire_safety_certificate/CG-001/0163.pdf,4836,Sita Devi,2022-04-26 00:00:00
DOC-00164,CG-001,First Aid Certificate,Fir-0164-2023,2023-08-27,2025-08-26,State PCB,Extracted,Expired,/documents/first_aid_certificate/CG-001/0164.pdf,1107,Sita Devi,2023-09-01 00:00:00
DOC-00165,JH-001,Fire Safety Certificate,Fir-0165-2023,2023-07-30,2028-07-28,State PCB,Pending,Verified,/documents/fire_safety_certificate/JH-001/0165.pdf,1258,Amit Patel,2023-08-17 00:00:00
DOC-00166,CG-001,First Aid Certificate,Fir-0166-2023,2022-05-25,2027-05-24,State Government,Extracted,Rejected,/documents/first_aid_certificate/CG-001/0166.pdf,4728,Sita Devi,2022-05-28 00:00:00
DOC-00167,OD-001,Training Certificate,Tra-0167-2023,2022-09-10,2024-09-09,Insurance Company,Pending,Expired,/documents/training_certificate/OD-001/0167.pdf,3673,Rajesh Kumar,2022-09-18 00:00:00
DOC-00168,CG-002,First Aid Certificate,Fir-0168-2023,2023-03-09,2026-03-08,State PCB,Extracted,Expired,/documents/first_aid_certificate/CG-002/0168.pdf,1691,Sita Devi,2023-04-01 00:00:00
DOC-00169,OD-002,Insurance Certificate,Ins-0169-2023,2022-05-13,2027-05-12,State PCB,Failed,Verified,/documents/insurance_certificate/OD-002/0169.pdf,3097,Amit Patel,2022-06-03 00:00:00
DOC-00170,OD-001,Environmental Clearance,Env-0170-2023,2023-09-09,2024-09-08,State Government,Extracted,Expired,/documents/environmental_clearance/OD-001/0170.pdf,3201,Amit Patel,2023-09-11 00:00:00
DOC-00171,JH-001,Training Certificate,Tra-0171-2023,2022-02-09,2023-02-09,State PCB,Pending,Expired,/documents/training_certificate/JH-001/0171.pdf,699,Sita Devi,2022-02-17 00:00:00
DOC-00172,CG-001,Training Certificate,Tra-0172-2023,2022-12-11,2025-12-10,Insurance Company,Extracted,Expired,/documents/training_certificate/CG-001/0172.pdf,4564,Amit Patel,2023-01-07 00:00:00
DOC-00173,OD-002,Explosives Licence,Exp-0173-2023,2023-01-11,2024-01-11,DGMS,Extracted,Expired,/documents/explosives_licence/OD-002/0173.pdf,2500,Rajesh Kumar,2023-02-10 00:00:00
DOC-00174,OD-001,Environmental Clearance,Env-0174-2023,2023-12-22,2028-12-20,State Government,Extracted,Verified,/documents/environmental_clearance/OD-001/0174.pdf,2817,Amit Patel,2023-12-25 00:00:00
DOC-00175,JH-002,Environmental Clearance,Env-0175-2023,2023-09-07,2026-09-06,DGMS,Pending,Verified,/documents/environmental_clearance/JH-002/0175.pdf,4819,Sita Devi,2023-09-12 00:00:00
DOC-00176,JH-003,Insurance Certificate,Ins-0176-2023,2022-05-05,2023-05-05,State Government,Pending,Expired,/documents/insurance_certificate/JH-003/0176.pdf,4162,Rajesh Kumar,2022-05-21 00:00:00
DOC-00177,OD-002,Fire Safety Certificate,Fir-0177-2023,2022-09-28,2027-09-27,State PCB,Extracted,Verified,/documents/fire_safety_certificate/OD-002/0177.pdf,3583,Rajesh Kumar,2022-10-23 00:00:00
DOC-00178,CG-002,First Aid Certificate,Fir-0178-2023,2023-04-25,2028-04-23,Insurance Company,Extracted,Verified,/documents/first_aid_certificate/CG-002/0178.pdf,4336,Sita Devi,2023-04-26 00:00:00
DOC-00179,JH-003,Mining Lease,Min-0179-2023,2022-11-02,2026-11-01,DGMS,Extracted,Verified,/documents/mining_lease/JH-003/0179.pdf,4227,Rajesh Kumar,2022-11-12 00:00:00
DOC-00180,JH-002,Safety Certificate,Saf-0180-2023,2023-06-01,2026-05-31,State PCB,Pending,Expired,/documents/safety_certificate/JH-002/0180.pdf,1801,Rajesh Kumar,2023-06-11 00:00:00
DOC-00181,OD-001,Mining Lease,Min-0181-2023,2022-08-27,2027-08-26,DGMS,Failed,Verified,/documents/mining_lease/OD-001/0181.pdf,881,Amit Patel,2022-09-19 00:00:00
DOC-00182,CG-002,Environmental Clearance,Env-0182-2023,2022-12-27,2026-12-26,State Government,Extracted,Pending,/documents/environmental_clearance/CG-002/0182.pdf,919,Rajesh Kumar,2023-01-22 00:00:00
DOC-00183,JH-002,Insurance Certificate,Ins-0183-2023,2023-09-04,2027-09-03,State Government,Extracted,Pending,/documents/insurance_certificate/JH-002/0183.pdf,2311,Sita Devi,2023-10-03 00:00:00
DOC-00184,JH-002,Safety Certificate,Saf-0184-2023,2022-06-08,2023-06-08,State PCB,Extracted,Expired,/documents/safety_certificate/JH-002/0184.pdf,1740,Sita Devi,2022-06-10 00:00:00
DOC-00185,OD-001,Environmental Clearance,Env-0185-2023,2022-11-17,2025-11-16,State Government,Failed,Expired,/documents/environmental_clearance/OD-001/0185.pdf,3600,Rajesh Kumar,2022-12-14 00:00:00
DOC-00186,JH-001,Environmental Clearance,Env-0186-2023,2022-04-04,2024-04-03,Insurance Company,Extracted,Expired,/documents/environmental_clearance/JH-001/0186.pdf,730,Sita Devi,2022-04-30 00:00:00
DOC-00187,OD-002,Training Certificate,Tra-0187-2023,2023-12-23,2026-12-22,DGMS,Extracted,Verified,/documents/training_certificate/OD-002/0187.pdf,3667,Sita Devi,2024-01-13 00:00:00
DOC-00188,JH-003,Safety Certificate,Saf-0188-2023,2022-05-05,2023-05-05,State Government,Extracted,Expired,/documents/safety_certificate/JH-003/0188.pdf,3332,Rajesh Kumar,2022-05-17 00:00:00
DOC-00189,JH-002,Environmental Clearance,Env-0189-2023,2022-06-10,2027-06-09,CPCB,Extracted,Verified,/documents/environmental_clearance/JH-002/0189.pdf,4458,Rajesh Kumar,2022-06-20 00:00:00
DOC-00190,CG-002,Explosives Licence,Exp-0190-2023,2023-01-12,2025-01-11,Insurance Company,Extracted,Expired,/documents/explosives_licence/CG-002/0190.pdf,4333,Amit Patel,2023-02-01 00:00:00
DOC-00191,CG-001,Environmental Clearance,Env-0191-2023,2022-10-10,2024-10-09,State Government,Pending,Expired,/documents/environmental_clearance/CG-001/0191.pdf,2703,Amit Patel,2022-10-17 00:00:00
DOC-00192,JH-003,Explosives Licence,Exp-0192-2023,2022-09-16,2027-09-15,CPCB,Extracted,Verified,/documents/explosives_licence/JH-003/0192.pdf,3312,Rajesh Kumar,2022-09-28 00:00:00
DOC-00193,OD-001,First Aid Certificate,Fir-0193-2023,2023-04-11,2024-04-10,DGMS,Extracted,Expired,/documents/first_aid_certificate/OD-001/0193.pdf,4406,Rajesh Kumar,2023-04-14 00:00:00
DOC-00194,OD-002,Insurance Certificate,Ins-0194-2023,2022-12-16,2027-12-15,State PCB,Extracted,Verified,/documents/insurance_certificate/OD-002/0194.pdf,3891,Sita Devi,2023-01-12 00:00:00
DOC-00195,JH-003,Environmental Clearance,Env-0195-2023,2023-09-09,2027-09-08,DGMS,Extracted,Pending,/documents/environmental_clearance/JH-003/0195.pdf,4983,Sita Devi,2023-10-02 00:00:00
DOC-00196,JH-002,Safety Certificate,Saf-0196-2023,2022-10-13,2026-10-12,CPCB,Extracted,Verified,/documents/safety_certificate/JH-002/0196.pdf,1418,Sita Devi,2022-10-18 00:00:00
DOC-00197,CG-002,Audit Report,Aud-0197-2023,2023-01-06,2024-01-06,State Government,Extracted,Expired,/documents/audit_report/CG-002/0197.pdf,3190,Sita Devi,2023-01-22 00:00:00
DOC-00198,OD-001,Safety Certificate,Saf-0198-2023,2023-11-27,2027-11-26,DGMS,Extracted,Verified,/documents/safety_certificate/OD-001/0198.pdf,3589,Rajesh Kumar,2023-12-03 00:00:00
DOC-00199,CG-002,Insurance Certificate,Ins-0199-2023,2023-03-24,2027-03-23,State Government,Pending,Verified,/documents/insurance_certificate/CG-002/0199.pdf,3738,Rajesh Kumar,2023-03-28 00:00:00
DOC-00200,OD-002,Safety Certificate,Saf-0200-2023,2023-03-15,2024-03-14,CPCB,Pending,Expired,/documents/safety_certificate/OD-002/0200.pdf,1099,Sita Devi,2023-04-01 00:00:00
DOC-00201,CG-002,Training Certificate,Tra-0201-2023,2022-12-10,2025-12-09,DGMS,Pending,Expired,/documents/training_certificate/CG-002/0201.pdf,1738,Amit Patel,2022-12-14 00:00:00
DOC-00202,CG-002,Fire Safety Certificate,Fir-0202-2023,2023-01-19,2024-01-19,CPCB,Extracted,Expired,/documents/fire_safety_certificate/CG-002/0202.pdf,1961,Amit Patel,2023-01-22 00:00:00
DOC-00203,CG-002,Insurance Certificate,Ins-0203-2023,2023-03-30,2024-03-29,CPCB,Extracted,Expired,/documents/insurance_certificate/CG-002/0203.pdf,4481,Amit Patel,2023-04-07 00:00:00
DOC-00204,JH-001,Safety Certificate,Saf-0204-2023,2022-11-18,2027-11-17,CPCB,Extracted,Pending,/documents/safety_certificate/JH-001/0204.pdf,922,Rajesh Kumar,2022-12-05 00:00:00
DOC-00205,JH-002,Environmental Clearance,Env-0205-2023,2023-02-01,2025-01-31,State PCB,Extracted,Expired,/documents/environmental_clearance/JH-002/0205.pdf,945,Sita Devi,2023-02-06 00:00:00
DOC-00206,JH-002,Training Certificate,Tra-0206-2023,2022-12-05,2025-12-04,CPCB,Pending,Expired,/documents/training_certificate/JH-002/0206.pdf,1530,Amit Patel,2022-12-09 00:00:00
DOC-00207,CG-002,Explosives Licence,Exp-0207-2023,2023-06-08,2027-06-07,CPCB,Extracted,Verified,/documents/explosives_licence/CG-002/0207.pdf,4935,Rajesh Kumar,2023-07-07 00:00:00
DOC-00208,CG-002,Audit Report,Aud-0208-2023,2023-01-04,2024-01-04,Insurance Company,Extracted,Expired,/documents/audit_report/CG-002/0208.pdf,1443,Sita Devi,2023-02-03 00:00:00
DOC-00209,JH-002,Training Certificate,Tra-0209-2023,2023-09-12,2024-09-11,Insurance Company,Extracted,Expired,/documents/training_certificate/JH-002/0209.pdf,4077,Rajesh Kumar,2023-09-20 00:00:00
DOC-00210,OD-001,First Aid Certificate,Fir-0210-2023,2023-04-12,2024-04-11,DGMS,Extracted,Expired,/documents/first_aid_certificate/OD-001/0210.pdf,3165,Amit Patel,2023-04-25 00:00:00
DOC-00211,OD-001,Mining Lease,Min-0211-2023,2022-12-02,2025-12-01,Insurance Company,Extracted,Expired,/documents/mining_lease/OD-001/0211.pdf,3569,Sita Devi,2022-12-07 00:00:00
DOC-00212,JH-003,Fire Safety Certificate,Fir-0212-2023,2023-08-07,2026-08-06,CPCB,Extracted,Expired,/documents/fire_safety_certificate/JH-003/0212.pdf,4665,Rajesh Kumar,2023-09-04 00:00:00
DOC-00213,CG-002,Audit Report,Aud-0213-2023,2022-06-17,2025-06-16,Insurance Company,Extracted,Expired,/documents/audit_report/CG-002/0213.pdf,1726,Amit Patel,2022-07-02 00:00:00
DOC-00214,OD-001,Mining Lease,Min-0214-2023,2023-05-21,2027-05-20,State Government,Extracted,Verified,/documents/mining_lease/OD-001/0214.pdf,1730,Rajesh Kumar,2023-06-18 00:00:00
DOC-00215,JH-003,First Aid Certificate,Fir-0215-2023,2022-02-18,2023-02-18,State Government,Extracted,Expired,/documents/first_aid_certificate/JH-003/0215.pdf,1869,Rajesh Kumar,2022-03-13 00:00:00
DOC-00216,JH-003,Safety Certificate,Saf-0216-2023,2023-02-28,2027-02-27,Insurance Company,Extracted,Verified,/documents/safety_certificate/JH-003/0216.pdf,3057,Rajesh Kumar,2023-03-06 00:00:00
DOC-00217,JH-001,Audit Report,Aud-0217-2023,2023-08-31,2027-08-30,DGMS,Extracted,Verified,/documents/audit_report/JH-001/0217.pdf,3792,Rajesh Kumar,2023-09-10 00:00:00
DOC-00218,CG-001,Training Certificate,Tra-0218-2023,2023-05-18,2027-05-17,Insurance Company,Extracted,Rejected,/documents/training_certificate/CG-001/0218.pdf,4396,Rajesh Kumar,2023-05-30 00:00:00
DOC-00219,JH-003,Safety Certificate,Saf-0219-2023,2022-10-02,2026-10-01,State PCB,Extracted,Pending,/documents/safety_certificate/JH-003/0219.pdf,3814,Amit Patel,2022-10-17 00:00:00
DOC-00220,JH-003,Training Certificate,Tra-0220-2023,2022-08-05,2027-08-04,CPCB,Pending,Verified,/documents/training_certificate/JH-003/0220.pdf,4287,Rajesh Kumar,2022-08-28 00:00:00
DOC-00221,OD-002,Fire Safety Certificate,Fir-0221-2023,2022-05-25,2025-05-24,CPCB,Extracted,Expired,/documents/fire_safety_certificate/OD-002/0221.pdf,1986,Amit Patel,2022-05-28 00:00:00
DOC-00222,CG-001,Audit Report,Aud-0222-2023,2022-07-19,2026-07-18,Insurance Company,Failed,Expired,/documents/audit_report/CG-001/0222.pdf,4268,Rajesh Kumar,2022-07-30 00:00:00
DOC-00223,JH-001,Fire Safety Certificate,Fir-0223-2023,2023-07-19,2028-07-17,State Government,Extracted,Verified,/documents/fire_safety_certificate/JH-001/0223.pdf,4957,Amit Patel,2023-08-10 00:00:00
DOC-00224,JH-002,First Aid Certificate,Fir-0224-2023,2022-08-26,2026-08-25,DGMS,Extracted,Verified,/documents/first_aid_certificate/JH-002/0224.pdf,1322,Rajesh Kumar,2022-09-21 00:00:00
DOC-00225,CG-002,Explosives Licence,Exp-0225-2023,2022-11-24,2023-11-24,State PCB,Extracted,Expired,/documents/explosives_licence/CG-002/0225.pdf,1728,Rajesh Kumar,2022-12-07 00:00:00
DOC-00226,OD-002,Insurance Certificate,Ins-0226-2023,2022-11-07,2026-11-06,DGMS,Extracted,Verified,/documents/insurance_certificate/OD-002/0226.pdf,1375,Sita Devi,2022-11-19 00:00:00
DOC-00227,CG-002,Training Certificate,Tra-0227-2023,2023-07-25,2026-07-24,State Government,Pending,Expired,/documents/training_certificate/CG-002/0227.pdf,3795,Amit Patel,2023-07-30 00:00:00
DOC-00228,CG-002,Safety Certificate,Saf-0228-2023,2022-09-03,2025-09-02,State Government,Extracted,Expired,/documents/safety_certificate/CG-002/0228.pdf,3019,Amit Patel,2022-09-17 00:00:00
DOC-00229,JH-002,Training Certificate,Tra-0229-2023,2022-03-28,2025-03-27,CPCB,Extracted,Expired,/documents/training_certificate/JH-002/0229.pdf,4565,Sita Devi,2022-04-20 00:00:00
DOC-00230,OD-001,Insurance Certificate,Ins-0230-2023,2023-09-25,2027-09-24,Insurance Company,Extracted,Verified,/documents/insurance_certificate/OD-001/0230.pdf,3548,Rajesh Kumar,2023-10-03 00:00:00
DOC-00231,OD-001,Environmental Clearance,Env-0231-2023,2022-08-20,2023-08-20,DGMS,Extracted,Expired,/documents/environmental_clearance/OD-001/0231.pdf,2117,Amit Patel,2022-09-16 00:00:00
DOC-00232,JH-001,Explosives Licence,Exp-0232-2023,2022-04-03,2024-04-02,Insurance Company,Pending,Expired,/documents/explosives_licence/JH-001/0232.pdf,1687,Rajesh Kumar,2022-04-25 00:00:00
DOC-00233,OD-002,Mining Lease,Min-0233-2023,2022-10-17,2027-10-16,State PCB,Failed,Verified,/documents/mining_lease/OD-002/0233.pdf,1921,Sita Devi,2022-11-09 00:00:00
DOC-00234,CG-002,Safety Certificate,Saf-0234-2023,2022-06-06,2025-06-05,State PCB,Pending,Expired,/documents/safety_certificate/CG-002/0234.pdf,4757,Sita Devi,2022-06-13 00:00:00
DOC-00235,CG-002,Fire Safety Certificate,Fir-0235-2023,2022-03-14,2027-03-13,State Government,Failed,Verified,/documents/fire_safety_certificate/CG-002/0235.pdf,3497,Amit Patel,2022-03-26 00:00:00
DOC-00236,JH-003,Safety Certificate,Saf-0236-2023,2023-11-17,2027-11-16,DGMS,Extracted,Verified,/documents/safety_certificate/JH-003/0236.pdf,4977,Sita Devi,2023-12-04 00:00:00
DOC-00237,JH-003,Insurance Certificate,Ins-0237-2023,2022-06-03,2023-06-03,DGMS,Extracted,Expired,/documents/insurance_certificate/JH-003/0237.pdf,3024,Rajesh Kumar,2022-06-23 00:00:00
DOC-00238,OD-002,Environmental Clearance,Env-0238-2023,2023-03-13,2028-03-11,DGMS,Pending,Verified,/documents/environmental_clearance/OD-002/0238.pdf,856,Rajesh Kumar,2023-03-17 00:00:00
DOC-00239,OD-002,Environmental Clearance,Env-0239-2023,2022-06-24,2024-06-23,CPCB,Extracted,Expired,/documents/environmental_clearance/OD-002/0239.pdf,2497,Rajesh Kumar,2022-07-09 00:00:00
DOC-00240,OD-002,Environmental Clearance,Env-0240-2023,2022-04-15,2023-04-15,State PCB,Pending,Expired,/documents/environmental_clearance/OD-002/0240.pdf,1924,Sita Devi,2022-05-07 00:00:00
DOC-00241,OD-002,First Aid Certificate,Fir-0241-2023,2022-05-11,2027-05-10,State Government,Extracted,Verified,/documents/first_aid_certificate/OD-002/0241.pdf,3917,Amit Patel,2022-05-16 00:00:00
DOC-00242,JH-001,Fire Safety Certificate,Fir-0242-2023,2022-12-04,2027-12-03,DGMS,Pending,Verified,/documents/fire_safety_certificate/JH-001/0242.pdf,1800,Sita Devi,2022-12-19 00:00:00
DOC-00243,OD-001,Environmental Clearance,Env-0243-2023,2023-10-28,2026-10-27,State PCB,Pending,Verified,/documents/environmental_clearance/OD-001/0243.pdf,2981,Sita Devi,2023-11-09 00:00:00
DOC-00244,JH-002,First Aid Certificate,Fir-0244-2023,2023-03-20,2024-03-19,Insurance Company,Extracted,Expired,/documents/first_aid_certificate/JH-002/0244.pdf,4431,Rajesh Kumar,2023-04-08 00:00:00
DOC-00245,JH-003,Mining Lease,Min-0245-2023,2022-04-13,2023-04-13,DGMS,Extracted,Expired,/documents/mining_lease/JH-003/0245.pdf,3925,Rajesh Kumar,2022-05-13 00:00:00
DOC-00246,OD-002,Environmental Clearance,Env-0246-2023,2023-06-09,2025-06-08,DGMS,Pending,Expired,/documents/environmental_clearance/OD-002/0246.pdf,736,Sita Devi,2023-07-01 00:00:00
DOC-00247,CG-001,First Aid Certificate,Fir-0247-2023,2023-09-10,2026-09-09,Insurance Company,Extracted,Verified,/documents/first_aid_certificate/CG-001/0247.pdf,4965,Amit Patel,2023-09-23 00:00:00
DOC-00248,OD-002,Audit Report,Aud-0248-2023,2022-12-25,2026-12-24,DGMS,Extracted,Verified,/documents/audit_report/OD-002/0248.pdf,3137,Amit Patel,2023-01-20 00:00:00
DOC-00249,OD-002,Explosives Licence,Exp-0249-2023,2022-10-05,2027-10-04,Insurance Company,Pending,Verified,/documents/explosives_licence/OD-002/0249.pdf,3271,Rajesh Kumar,2022-10-18 00:00:00
DOC-00250,OD-002,Training Certificate,Tra-0250-2023,2023-09-19,2027-09-18,Insurance Company,Extracted,Verified,/documents/training_certificate/OD-002/0250.pdf,4215,Rajesh Kumar,2023-10-17 00:00:00
DOC-00251,CG-002,Explosives Licence,Exp-0251-2023,2023-05-21,2025-05-20,State Government,Extracted,Expired,/documents/explosives_licence/CG-002/0251.pdf,1624,Sita Devi,2023-06-05 00:00:00
DOC-00252,OD-002,Fire Safety Certificate,Fir-0252-2023,2023-09-26,2027-09-25,CPCB,Extracted,Verified,/documents/fire_safety_certificate/OD-002/0252.pdf,4559,Sita Devi,2023-10-16 00:00:00
DOC-00253,JH-001,Explosives Licence,Exp-0253-2023,2022-10-15,2024-10-14,CPCB,Extracted,Expired,/documents/explosives_licence/JH-001/0253.pdf,4728,Amit Patel,2022-10-25 00:00:00
DOC-00254,JH-003,Explosives Licence,Exp-0254-2023,2022-05-13,2023-05-13,Insurance Company,Failed,Expired,/documents/explosives_licence/JH-003/0254.pdf,3508,Sita Devi,2022-05-19 00:00:00
DOC-00255,OD-001,Environmental Clearance,Env-0255-2023,2023-02-17,2027-02-16,CPCB,Pending,Rejected,/documents/environmental_clearance/OD-001/0255.pdf,1054,Sita Devi,2023-03-07 00:00:00
DOC-00256,JH-001,Safety Certificate,Saf-0256-2023,2022-03-28,2027-03-27,CPCB,Extracted,Pending,/documents/safety_certificate/JH-001/0256.pdf,805,Rajesh Kumar,2022-04-26 00:00:00
DOC-00257,OD-002,Mining Lease,Min-0257-2023,2023-12-30,2024-12-29,CPCB,Pending,Expired,/documents/mining_lease/OD-002/0257.pdf,3440,Sita Devi,2024-01-27 00:00:00
DOC-00258,JH-002,Fire Safety Certificate,Fir-0258-2023,2023-12-30,2027-12-29,CPCB,Extracted,Pending,/documents/fire_safety_certificate/JH-002/0258.pdf,4427,Amit Patel,2024-01-29 00:00:00
DOC-00259,OD-002,Audit Report,Aud-0259-2023,2022-08-26,2023-08-26,State Government,Extracted,Expired,/documents/audit_report/OD-002/0259.pdf,1910,Rajesh Kumar,2022-09-16 00:00:00
DOC-00260,CG-001,Environmental Clearance,Env-0260-2023,2023-03-14,2028-03-12,Insurance Company,Extracted,Verified,/documents/environmental_clearance/CG-001/0260.pdf,3074,Sita Devi,2023-03-18 00:00:00
DOC-00261,OD-002,Safety Certificate,Saf-0261-2023,2023-07-21,2024-07-20,Insurance Company,Extracted,Expired,/documents/safety_certificate/OD-002/0261.pdf,3047,Amit Patel,2023-08-03 00:00:00
DOC-00262,CG-001,Insurance Certificate,Ins-0262-2023,2023-04-03,2024-04-02,Insurance Company,Extracted,Expired,/documents/insurance_certificate/CG-001/0262.pdf,1916,Rajesh Kumar,2023-05-03 00:00:00
DOC-00263,CG-002,Fire Safety Certificate,Fir-0263-2023,2023-07-11,2027-07-10,CPCB,Extracted,Verified,/documents/fire_safety_certificate/CG-002/0263.pdf,1825,Amit Patel,2023-08-04 00:00:00
DOC-00264,CG-001,First Aid Certificate,Fir-0264-2023,2022-10-15,2023-10-15,CPCB,Extracted,Expired,/documents/first_aid_certificate/CG-001/0264.pdf,4509,Sita Devi,2022-10-19 00:00:00
DOC-00265,OD-002,Fire Safety Certificate,Fir-0265-2023,2022-10-03,2025-10-02,CPCB,Extracted,Expired,/documents/fire_safety_certificate/OD-002/0265.pdf,877,Amit Patel,2022-10-27 00:00:00
DOC-00266,JH-002,First Aid Certificate,Fir-0266-2023,2023-10-03,2028-10-01,Insurance Company,Pending,Verified,/documents/first_aid_certificate/JH-002/0266.pdf,3303,Amit Patel,2023-10-29 00:00:00
DOC-00267,CG-001,First Aid Certificate,Fir-0267-2023,2023-04-17,2027-04-16,State PCB,Extracted,Pending,/documents/first_aid_certificate/CG-001/0267.pdf,4421,Rajesh Kumar,2023-05-02 00:00:00
DOC-00268,OD-001,Safety Certificate,Saf-0268-2023,2023-06-20,2028-06-18,CPCB,Extracted,Verified,/documents/safety_certificate/OD-001/0268.pdf,564,Amit Patel,2023-07-06 00:00:00
DOC-00269,OD-001,Safety Certificate,Saf-0269-2023,2023-01-07,2025-01-06,State Government,Extracted,Expired,/documents/safety_certificate/OD-001/0269.pdf,853,Rajesh Kumar,2023-01-15 00:00:00
DOC-00270,CG-001,Mining Lease,Min-0270-2023,2023-11-29,2028-11-27,Insurance Company,Extracted,Verified,/documents/mining_lease/CG-001/0270.pdf,1112,Rajesh Kumar,2023-12-25 00:00:00
DOC-00271,OD-002,Environmental Clearance,Env-0271-2023,2022-01-23,2025-01-22,DGMS,Extracted,Expired,/documents/environmental_clearance/OD-002/0271.pdf,4343,Sita Devi,2022-01-26 00:00:00
DOC-00272,JH-003,Audit Report,Aud-0272-2023,2022-02-28,2023-02-28,DGMS,Extracted,Expired,/documents/audit_report/JH-003/0272.pdf,4891,Rajesh Kumar,2022-03-07 00:00:00
DOC-00273,JH-003,Explosives Licence,Exp-0273-2023,2022-11-27,2025-11-26,State Government,Extracted,Expired,/documents/explosives_licence/JH-003/0273.pdf,4226,Rajesh Kumar,2022-12-27 00:00:00
DOC-00274,OD-001,Explosives Licence,Exp-0274-2023,2023-02-22,2027-02-21,State PCB,Extracted,Pending,/documents/explosives_licence/OD-001/0274.pdf,1806,Sita Devi,2023-03-16 00:00:00
DOC-00275,JH-003,Insurance Certificate,Ins-0275-2023,2022-06-11,2024-06-10,CPCB,Extracted,Expired,/documents/insurance_certificate/JH-003/0275.pdf,2809,Rajesh Kumar,2022-06-13 00:00:00
DOC-00276,CG-001,Audit Report,Aud-0276-2023,2023-06-08,2025-06-07,State PCB,Extracted,Expired,/documents/audit_report/CG-001/0276.pdf,2267,Sita Devi,2023-06-27 00:00:00
DOC-00277,JH-002,First Aid Certificate,Fir-0277-2023,2022-06-29,2023-06-29,State Government,Pending,Expired,/documents/first_aid_certificate/JH-002/0277.pdf,3085,Rajesh Kumar,2022-07-25 00:00:00
DOC-00278,OD-001,Fire Safety Certificate,Fir-0278-2023,2022-12-27,2025-12-26,Insurance Company,Extracted,Expired,/documents/fire_safety_certificate/OD-001/0278.pdf,1384,Rajesh Kumar,2023-01-26 00:00:00
DOC-00279,OD-001,Safety Certificate,Saf-0279-2023,2023-05-17,2028-05-15,State Government,Pending,Verified,/documents/safety_certificate/OD-001/0279.pdf,1494,Sita Devi,2023-05-30 00:00:00
DOC-00280,JH-002,Mining Lease,Min-0280-2023,2022-12-21,2025-12-20,CPCB,Pending,Expired,/documents/mining_lease/JH-002/0280.pdf,1688,Sita Devi,2023-01-11 00:00:00
DOC-00281,JH-003,First Aid Certificate,Fir-0281-2023,2023-02-10,2025-02-09,DGMS,Extracted,Expired,/documents/first_aid_certificate/JH-003/0281.pdf,2242,Rajesh Kumar,2023-02-11 00:00:00
DOC-00282,JH-002,Training Certificate,Tra-0282-2023,2022-10-07,2025-10-06,CPCB,Extracted,Expired,/documents/training_certificate/JH-002/0282.pdf,4707,Sita Devi,2022-10-15 00:00:00
DOC-00283,JH-002,Fire Safety Certificate,Fir-0283-2023,2022-10-09,2023-10-09,CPCB,Extracted,Expired,/documents/fire_safety_certificate/JH-002/0283.pdf,1261,Sita Devi,2022-11-05 00:00:00
DOC-00284,OD-002,Environmental Clearance,Env-0284-2023,2022-02-01,2026-01-31,CPCB,Extracted,Expired,/documents/environmental_clearance/OD-002/0284.pdf,1108,Rajesh Kumar,2022-02-21 00:00:00
DOC-00285,JH-001,Audit Report,Aud-0285-2023,2022-06-14,2027-06-13,CPCB,Extracted,Verified,/documents/audit_report/JH-001/0285.pdf,4385,Amit Patel,2022-06-25 00:00:00
DOC-00286,JH-003,Audit Report,Aud-0286-2023,2023-10-23,2026-10-22,DGMS,Extracted,Pending,/documents/audit_report/JH-003/0286.pdf,887,Rajesh Kumar,2023-10-30 00:00:00
DOC-00287,JH-002,Explosives Licence,Exp-0287-2023,2023-02-21,2025-02-20,CPCB,Pending,Expired,/documents/explosives_licence/JH-002/0287.pdf,3992,Rajesh Kumar,2023-03-14 00:00:00
DOC-00288,JH-002,Training Certificate,Tra-0288-2023,2023-12-02,2026-12-01,DGMS,Extracted,Verified,/documents/training_certificate/JH-002/0288.pdf,918,Sita Devi,2023-12-09 00:00:00
DOC-00289,JH-001,First Aid Certificate,Fir-0289-2023,2023-12-30,2027-12-29,Insurance Company,Extracted,Verified,/documents/first_aid_certificate/JH-001/0289.pdf,1621,Sita Devi,2024-01-01 00:00:00
DOC-00290,CG-001,Fire Safety Certificate,Fir-0290-2023,2022-06-26,2026-06-25,State PCB,Extracted,Expired,/documents/fire_safety_certificate/CG-001/0290.pdf,2558,Rajesh Kumar,2022-06-28 00:00:00
DOC-00291,JH-002,Mining Lease,Min-0291-2023,2022-09-07,2023-09-07,DGMS,Extracted,Expired,/documents/mining_lease/JH-002/0291.pdf,4555,Amit Patel,2022-09-23 00:00:00
DOC-00292,JH-003,Safety Certificate,Saf-0292-2023,2022-08-14,2026-08-13,CPCB,Extracted,Expired,/documents/safety_certificate/JH-003/0292.pdf,3936,Sita Devi,2022-08-26 00:00:00
DOC-00293,CG-001,First Aid Certificate,Fir-0293-2023,2023-08-06,2026-08-05,DGMS,Extracted,Expired,/documents/first_aid_certificate/CG-001/0293.pdf,3104,Amit Patel,2023-08-13 00:00:00
DOC-00294,OD-001,First Aid Certificate,Fir-0294-2023,2022-10-25,2023-10-25,Insurance Company,Extracted,Expired,/documents/first_aid_certificate/OD-001/0294.pdf,1203,Rajesh Kumar,2022-11-03 00:00:00
DOC-00295,CG-001,Environmental Clearance,Env-0295-2023,2023-04-19,2025-04-18,State PCB,Pending,Expired,/documents/environmental_clearance/CG-001/0295.pdf,1560,Sita Devi,2023-05-01 00:00:00
DOC-00296,,Training Certificate,Tra-0296-2023,2023-10-28,2024-10-27,Insurance Company,Pending,Expired,/documents/training_certificate/global/0296.pdf,4307,Amit Patel,2023-11-03 00:00:00
DOC-00297,JH-003,Mining Lease,Min-0297-2023,2022-07-11,2023-07-11,State Government,Extracted,Expired,/documents/mining_lease/JH-003/0297.pdf,1078,Sita Devi,2022-08-02 00:00:00
DOC-00298,,First Aid Certificate,Fir-0298-2023,2023-12-03,2026-12-02,State PCB,Extracted,Pending,/documents/first_aid_certificate/global/0298.pdf,2227,Sita Devi,2023-12-23 00:00:00
DOC-00299,OD-001,Explosives Licence,Exp-0299-2023,2023-08-17,2027-08-16,CPCB,Pending,Pending,/documents/explosives_licence/OD-001/0299.pdf,4066,Sita Devi,2023-09-04 00:00:00
DOC-00300,JH-003,Insurance Certificate,Ins-0300-2023,2022-04-15,2027-04-14,State Government,Extracted,Pending,/documents/insurance_certificate/JH-003/0300.pdf,2850,Rajesh Kumar,2022-04-21 00:00:00
DOC-00301,OD-002,Explosives Licence,Exp-0301-2023,2023-06-10,2025-06-09,Insurance Company,Extracted,Expired,/documents/explosives_licence/OD-002/0301.pdf,2453,Sita Devi,2023-06-24 00:00:00
DOC-00302,,Insurance Certificate,Ins-0302-2023,2023-03-23,2025-03-22,Insurance Company,Extracted,Expired,/documents/insurance_certificate/global/0302.pdf,1559,Sita Devi,2023-04-09 00:00:00
DOC-00303,OD-002,Insurance Certificate,Ins-0303-2023,2023-08-14,2028-08-12,DGMS,Extracted,Pending,/documents/insurance_certificate/OD-002/0303.pdf,3611,Rajesh Kumar,2023-08-19 00:00:00
DOC-00304,CG-002,Safety Certificate,Saf-0304-2023,2023-05-29,2027-05-28,CPCB,Extracted,Verified,/documents/safety_certificate/CG-002/0304.pdf,4858,Rajesh Kumar,2023-06-18 00:00:00
DOC-00305,CG-001,Training Certificate,Tra-0305-2023,2022-09-18,2027-09-17,DGMS,Extracted,Verified,/documents/training_certificate/CG-001/0305.pdf,3020,Sita Devi,2022-10-08 00:00:00
DOC-00306,JH-002,Safety Certificate,Saf-0306-2023,2022-01-12,2024-01-12,State PCB,Extracted,Expired,/documents/safety_certificate/JH-002/0306.pdf,902,Amit Patel,2022-02-04 00:00:00
DOC-00307,JH-002,Environmental Clearance,Env-0307-2023,2022-06-09,2023-06-09,State Government,Extracted,Expired,/documents/environmental_clearance/JH-002/0307.pdf,1862,Rajesh Kumar,2022-06-27 00:00:00
DOC-00308,OD-001,Mining Lease,Min-0308-2023,2023-04-27,2025-04-26,State Government,Pending,Expired,/documents/mining_lease/OD-001/0308.pdf,1208,Amit Patel,2023-05-09 00:00:00
DOC-00309,JH-003,Audit Report,Aud-0309-2023,2022-04-14,2027-04-13,State PCB,Extracted,Verified,/documents/audit_report/JH-003/0309.pdf,3682,Rajesh Kumar,2022-04-26 00:00:00
DOC-00310,JH-003,Explosives Licence,Exp-0310-2023,2022-09-05,2027-09-04,CPCB,Extracted,Verified,/documents/explosives_licence/JH-003/0310.pdf,1814,Sita Devi,2022-09-22 00:00:00
DOC-00311,CG-002,First Aid Certificate,Fir-0311-2023,2023-09-18,2027-09-17,State PCB,Pending,Verified,/documents/first_aid_certificate/CG-002/0311.pdf,886,Amit Patel,2023-09-24 00:00:00
DOC-00312,JH-002,Environmental Clearance,Env-0312-2023,2022-10-06,2024-10-05,Insurance Company,Extracted,Expired,/documents/environmental_clearance/JH-002/0312.pdf,4808,Amit Patel,2022-10-15 00:00:00
DOC-00313,CG-001,First Aid Certificate,Fir-0313-2023,2023-08-05,2028-08-03,CPCB,Failed,Verified,/documents/first_aid_certificate/CG-001/0313.pdf,4449,Amit Patel,2023-08-15 00:00:00
DOC-00314,CG-002,Mining Lease,Min-0314-2023,2022-01-17,2024-01-17,CPCB,Extracted,Expired,/documents/mining_lease/CG-002/0314.pdf,1726,Amit Patel,2022-02-06 00:00:00
DOC-00315,JH-002,Insurance Certificate,Ins-0315-2023,2022-05-04,2024-05-03,CPCB,Extracted,Expired,/documents/insurance_certificate/JH-002/0315.pdf,3549,Sita Devi,2022-06-02 00:00:00
DOC-00316,CG-002,Safety Certificate,Saf-0316-2023,2023-10-14,2028-10-12,CPCB,Extracted,Verified,/documents/safety_certificate/CG-002/0316.pdf,4574,Rajesh Kumar,2023-11-03 00:00:00
DOC-00317,JH-002,Training Certificate,Tra-0317-2023,2023-09-01,2025-08-31,CPCB,Extracted,Expired,/documents/training_certificate/JH-002/0317.pdf,2031,Sita Devi,2023-09-07 00:00:00
DOC-00318,CG-001,Insurance Certificate,Ins-0318-2023,2022-10-26,2023-10-26,Insurance Company,Extracted,Expired,/documents/insurance_certificate/CG-001/0318.pdf,2135,Sita Devi,2022-11-21 00:00:00
DOC-00319,CG-002,Environmental Clearance,Env-0319-2023,2023-07-04,2024-07-03,DGMS,Pending,Expired,/documents/environmental_clearance/CG-002/0319.pdf,969,Amit Patel,2023-07-17 00:00:00
DOC-00320,,Audit Report,Aud-0320-2023,2022-12-07,2024-12-06,Insurance Company,Extracted,Expired,/documents/audit_report/global/0320.pdf,2903,Sita Devi,2022-12-16 00:00:00
DOC-00321,CG-002,First Aid Certificate,Fir-0321-2023,2023-04-20,2026-04-19,State PCB,Extracted,Expired,/documents/first_aid_certificate/CG-002/0321.pdf,4212,Sita Devi,2023-04-30 00:00:00
DOC-00322,JH-003,Fire Safety Certificate,Fir-0322-2023,2023-10-23,2024-10-22,State PCB,Extracted,Expired,/documents/fire_safety_certificate/JH-003/0322.pdf,3339,Amit Patel,2023-11-17 00:00:00
DOC-00323,JH-003,Safety Certificate,Saf-0323-2023,2022-08-14,2025-08-13,State Government,Pending,Expired,/documents/safety_certificate/JH-003/0323.pdf,3572,Sita Devi,2022-08-20 00:00:00
DOC-00324,CG-001,Audit Report,Aud-0324-2023,2023-08-13,2027-08-12,DGMS,Pending,Verified,/documents/audit_report/CG-001/0324.pdf,3538,Rajesh Kumar,2023-09-11 00:00:00
DOC-00325,CG-001,Insurance Certificate,Ins-0325-2023,2022-05-13,2023-05-13,State PCB,Extracted,Expired,/documents/insurance_certificate/CG-001/0325.pdf,3946,Sita Devi,2022-06-10 00:00:00
DOC-00326,JH-003,Explosives Licence,Exp-0326-2023,2023-04-24,2028-04-22,Insurance Company,Extracted,Pending,/documents/explosives_licence/JH-003/0326.pdf,2296,Rajesh Kumar,2023-05-02 00:00:00
DOC-00327,JH-002,Explosives Licence,Exp-0327-2023,2022-05-08,2026-05-07,CPCB,Extracted,Expired,/documents/explosives_licence/JH-002/0327.pdf,2884,Amit Patel,2022-05-31 00:00:00
DOC-00328,CG-002,Audit Report,Aud-0328-2023,2022-01-10,2025-01-09,Insurance Company,Extracted,Expired,/documents/audit_report/CG-002/0328.pdf,1992,Sita Devi,2022-01-13 00:00:00
DOC-00329,OD-002,Explosives Licence,Exp-0329-2023,2022-07-07,2026-07-06,State Government,Extracted,Expired,/documents/explosives_licence/OD-002/0329.pdf,2598,Amit Patel,2022-07-09 00:00:00
DOC-00330,JH-001,Insurance Certificate,Ins-0330-2023,2023-05-11,2024-05-10,State Government,Extracted,Expired,/documents/insurance_certificate/JH-001/0330.pdf,4792,Rajesh Kumar,2023-05-17 00:00:00
DOC-00331,JH-003,Insurance Certificate,Ins-0331-2023,2023-09-21,2028-09-19,State Government,Extracted,Verified,/documents/insurance_certificate/JH-003/0331.pdf,4671,Amit Patel,2023-09-25 00:00:00
DOC-00332,OD-001,Fire Safety Certificate,Fir-0332-2023,2023-05-13,2028-05-11,CPCB,Failed,Verified,/documents/fire_safety_certificate/OD-001/0332.pdf,788,Rajesh Kumar,2023-05-22 00:00:00
DOC-00333,JH-003,Audit Report,Aud-0333-2023,2022-04-30,2023-04-30,Insurance Company,Extracted,Expired,/documents/audit_report/JH-003/0333.pdf,2063,Rajesh Kumar,2022-05-29 00:00:00
DOC-00334,JH-001,Mining Lease,Min-0334-2023,2022-09-29,2025-09-28,CPCB,Extracted,Expired,/documents/mining_lease/JH-001/0334.pdf,4799,Amit Patel,2022-10-09 00:00:00
DOC-00335,OD-002,First Aid Certificate,Fir-0335-2023,2022-07-20,2026-07-19,DGMS,Extracted,Expired,/documents/first_aid_certificate/OD-002/0335.pdf,1256,Amit Patel,2022-07-23 00:00:00
DOC-00336,JH-003,Training Certificate,Tra-0336-2023,2022-08-28,2026-08-27,CPCB,Extracted,Pending,/documents/training_certificate/JH-003/0336.pdf,4525,Amit Patel,2022-09-10 00:00:00
DOC-00337,OD-001,Audit Report,Aud-0337-2023,2022-09-11,2026-09-10,CPCB,Pending,Verified,/documents/audit_report/OD-001/0337.pdf,3643,Sita Devi,2022-09-19 00:00:00
DOC-00338,CG-002,Environmental Clearance,Env-0338-2023,2023-06-13,2024-06-12,CPCB,Pending,Expired,/documents/environmental_clearance/CG-002/0338.pdf,3587,Rajesh Kumar,2023-07-08 00:00:00
DOC-00339,OD-002,Explosives Licence,Exp-0339-2023,2022-04-08,2027-04-07,CPCB,Failed,Verified,/documents/explosives_licence/OD-002/0339.pdf,3927,Amit Patel,2022-04-17 00:00:00
DOC-00340,JH-003,Safety Certificate,Saf-0340-2023,2023-12-25,2027-12-24,State Government,Extracted,Verified,/documents/safety_certificate/JH-003/0340.pdf,1941,Amit Patel,2023-12-28 00:00:00
DOC-00341,OD-001,Fire Safety Certificate,Fir-0341-2023,2022-07-01,2024-06-30,Insurance Company,Extracted,Expired,/documents/fire_safety_certificate/OD-001/0341.pdf,4054,Rajesh Kumar,2022-07-26 00:00:00
DOC-00342,CG-002,Training Certificate,Tra-0342-2023,2022-03-25,2025-03-24,DGMS,Extracted,Expired,/documents/training_certificate/CG-002/0342.pdf,1970,Rajesh Kumar,2022-04-10 00:00:00
DOC-00343,CG-001,Audit Report,Aud-0343-2023,2023-06-17,2025-06-16,Insurance Company,Extracted,Expired,/documents/audit_report/CG-001/0343.pdf,776,Amit Patel,2023-07-08 00:00:00
DOC-00344,JH-002,First Aid Certificate,Fir-0344-2023,2023-12-25,2025-12-24,State Government,Extracted,Expired,/documents/first_aid_certificate/JH-002/0344.pdf,3263,Amit Patel,2024-01-10 00:00:00
DOC-00345,JH-001,Mining Lease,Min-0345-2023,2023-02-19,2024-02-19,State Government,Extracted,Expired,/documents/mining_lease/JH-001/0345.pdf,1595,Rajesh Kumar,2023-02-21 00:00:00
DOC-00346,CG-001,Audit Report,Aud-0346-2023,2022-06-16,2024-06-15,DGMS,Pending,Expired,/documents/audit_report/CG-001/0346.pdf,1169,Rajesh Kumar,2022-07-11 00:00:00
DOC-00347,CG-001,Fire Safety Certificate,Fir-0347-2023,2022-03-13,2024-03-12,State PCB,Extracted,Expired,/documents/fire_safety_certificate/CG-001/0347.pdf,3368,Sita Devi,2022-03-28 00:00:00
DOC-00348,CG-001,Environmental Clearance,Env-0348-2023,2023-09-12,2025-09-11,State PCB,Extracted,Expired,/documents/environmental_clearance/CG-001/0348.pdf,2207,Rajesh Kumar,2023-10-12 00:00:00
DOC-00349,,Fire Safety Certificate,Fir-0349-2023,2022-01-04,2026-01-03,State Government,Extracted,Expired,/documents/fire_safety_certificate/global/0349.pdf,4630,Sita Devi,2022-01-06 00:00:00
DOC-00350,CG-001,Explosives Licence,Exp-0350-2023,2022-09-14,2027-09-13,State Government,Extracted,Verified,/documents/explosives_licence/CG-001/0350.pdf,1457,Amit Patel,2022-09-23 00:00:00
DOC-00351,OD-001,Safety Certificate,Saf-0351-2023,2022-06-09,2026-06-08,State Government,Extracted,Expired,/documents/safety_certificate/OD-001/0351.pdf,3073,Sita Devi,2022-06-30 00:00:00
DOC-00352,JH-001,Insurance Certificate,Ins-0352-2023,2022-06-14,2026-06-13,DGMS,Extracted,Expired,/documents/insurance_certificate/JH-001/0352.pdf,4772,Amit Patel,2022-06-16 00:00:00
DOC-00353,JH-001,Mining Lease,Min-0353-2023,2022-02-18,2025-02-17,CPCB,Extracted,Expired,/documents/mining_lease/JH-001/0353.pdf,2509,Amit Patel,2022-02-23 00:00:00
DOC-00354,CG-001,Training Certificate,Tra-0354-2023,2022-09-01,2023-09-01,CPCB,Extracted,Expired,/documents/training_certificate/CG-001/0354.pdf,4089,Sita Devi,2022-09-25 00:00:00
DOC-00355,JH-003,Environmental Clearance,Env-0355-2023,2022-05-05,2026-05-04,CPCB,Extracted,Expired,/documents/environmental_clearance/JH-003/0355.pdf,4933,Sita Devi,2022-05-22 00:00:00
DOC-00356,CG-001,First Aid Certificate,Fir-0356-2023,2022-08-18,2024-08-17,State Government,Extracted,Expired,/documents/first_aid_certificate/CG-001/0356.pdf,3850,Sita Devi,2022-08-19 00:00:00
DOC-00357,CG-001,Fire Safety Certificate,Fir-0357-2023,2023-01-15,2027-01-14,CPCB,Extracted,Verified,/documents/fire_safety_certificate/CG-001/0357.pdf,1297,Sita Devi,2023-02-05 00:00:00
DOC-00358,OD-002,Safety Certificate,Saf-0358-2023,2022-08-12,2027-08-11,CPCB,Extracted,Verified,/documents/safety_certificate/OD-002/0358.pdf,1688,Rajesh Kumar,2022-08-13 00:00:00
DOC-00359,OD-001,Safety Certificate,Saf-0359-2023,2023-10-01,2025-09-30,Insurance Company,Extracted,Expired,/documents/safety_certificate/OD-001/0359.pdf,3334,Rajesh Kumar,2023-10-09 00:00:00
DOC-00360,JH-003,Audit Report,Aud-0360-2023,2023-10-12,2026-10-11,CPCB,Extracted,Verified,/documents/audit_report/JH-003/0360.pdf,4330,Sita Devi,2023-11-02 00:00:00
DOC-00361,CG-001,Safety Certificate,Saf-0361-2023,2022-07-01,2025-06-30,Insurance Company,Extracted,Expired,/documents/safety_certificate/CG-001/0361.pdf,1841,Sita Devi,2022-07-08 00:00:00
DOC-00362,OD-002,Training Certificate,Tra-0362-2023,2023-03-10,2028-03-08,DGMS,Extracted,Verified,/documents/training_certificate/OD-002/0362.pdf,4435,Rajesh Kumar,2023-03-28 00:00:00
DOC-00363,JH-001,Fire Safety Certificate,Fir-0363-2023,2022-03-12,2024-03-11,CPCB,Extracted,Expired,/documents/fire_safety_certificate/JH-001/0363.pdf,3275,Sita Devi,2022-04-11 00:00:00
DOC-00364,CG-001,Training Certificate,Tra-0364-2023,2023-01-05,2024-01-05,State PCB,Pending,Expired,/documents/training_certificate/CG-001/0364.pdf,2293,Amit Patel,2023-02-01 00:00:00
DOC-00365,OD-001,Explosives Licence,Exp-0365-2023,2023-02-23,2027-02-22,State Government,Extracted,Verified,/documents/explosives_licence/OD-001/0365.pdf,573,Amit Patel,2023-03-19 00:00:00
DOC-00366,OD-001,Mining Lease,Min-0366-2023,2023-09-29,2027-09-28,CPCB,Extracted,Verified,/documents/mining_lease/OD-001/0366.pdf,4404,Amit Patel,2023-10-07 00:00:00
DOC-00367,CG-002,Fire Safety Certificate,Fir-0367-2023,2023-03-31,2026-03-30,State Government,Extracted,Expired,/documents/fire_safety_certificate/CG-002/0367.pdf,1011,Sita Devi,2023-04-08 00:00:00
DOC-00368,CG-002,Insurance Certificate,Ins-0368-2023,2023-07-02,2026-07-01,CPCB,Extracted,Expired,/documents/insurance_certificate/CG-002/0368.pdf,687,Rajesh Kumar,2023-07-20 00:00:00
DOC-00369,JH-001,Explosives Licence,Exp-0369-2023,2023-12-17,2027-12-16,DGMS,Extracted,Verified,/documents/explosives_licence/JH-001/0369.pdf,4510,Rajesh Kumar,2024-01-07 00:00:00
DOC-00370,JH-003,Audit Report,Aud-0370-2023,2022-05-29,2023-05-29,CPCB,Extracted,Expired,/documents/audit_report/JH-003/0370.pdf,4079,Sita Devi,2022-06-26 00:00:00
DOC-00371,JH-001,Insurance Certificate,Ins-0371-2023,2023-12-22,2024-12-21,CPCB,Extracted,Expired,/documents/insurance_certificate/JH-001/0371.pdf,2111,Amit Patel,2024-01-08 00:00:00
DOC-00372,CG-001,Fire Safety Certificate,Fir-0372-2023,2022-03-17,2024-03-16,State Government,Extracted,Expired,/documents/fire_safety_certificate/CG-001/0372.pdf,4871,Amit Patel,2022-03-25 00:00:00
DOC-00373,OD-002,Safety Certificate,Saf-0373-2023,2022-09-26,2023-09-26,Insurance Company,Extracted,Expired,/documents/safety_certificate/OD-002/0373.pdf,523,Rajesh Kumar,2022-10-17 00:00:00
DOC-00374,JH-002,Mining Lease,Min-0374-2023,2023-11-05,2027-11-04,State Government,Extracted,Verified,/documents/mining_lease/JH-002/0374.pdf,4000,Amit Patel,2023-11-14 00:00:00
DOC-00375,JH-001,Mining Lease,Min-0375-2023,2023-01-17,2028-01-16,State PCB,Extracted,Pending,/documents/mining_lease/JH-001/0375.pdf,3372,Rajesh Kumar,2023-01-26 00:00:00
DOC-00376,OD-002,Environmental Clearance,Env-0376-2023,2022-05-23,2023-05-23,DGMS,Extracted,Expired,/documents/environmental_clearance/OD-002/0376.pdf,3302,Rajesh Kumar,2022-05-27 00:00:00
DOC-00377,JH-003,Insurance Certificate,Ins-0377-2023,2023-03-12,2024-03-11,State PCB,Extracted,Expired,/documents/insurance_certificate/JH-003/0377.pdf,3488,Rajesh Kumar,2023-03-25 00:00:00
DOC-00378,OD-002,Audit Report,Aud-0378-2023,2023-06-21,2025-06-20,State Government,Extracted,Expired,/documents/audit_report/OD-002/0378.pdf,3008,Rajesh Kumar,2023-07-07 00:00:00
DOC-00379,,Explosives Licence,Exp-0379-2023,2023-11-23,2025-11-22,CPCB,Extracted,Expired,/documents/explosives_licence/global/0379.pdf,1413,Amit Patel,2023-12-04 00:00:00
DOC-00380,JH-002,First Aid Certificate,Fir-0380-2023,2023-01-27,2024-01-27,State PCB,Extracted,Expired,/documents/first_aid_certificate/JH-002/0380.pdf,3143,Sita Devi,2023-02-03 00:00:00
DOC-00381,CG-001,Audit Report,Aud-0381-2023,2022-07-23,2026-07-22,State PCB,Extracted,Expired,/documents/audit_report/CG-001/0381.pdf,4091,Amit Patel,2022-08-14 00:00:00
DOC-00382,OD-002,Safety Certificate,Saf-0382-2023,2023-05-04,2026-05-03,Insurance Company,Extracted,Expired,/documents/safety_certificate/OD-002/0382.pdf,1867,Sita Devi,2023-06-03 00:00:00
DOC-00383,OD-001,Explosives Licence,Exp-0383-2023,2023-10-06,2026-10-05,DGMS,Extracted,Verified,/documents/explosives_licence/OD-001/0383.pdf,4824,Amit Patel,2023-10-15 00:00:00
DOC-00384,JH-001,Mining Lease,Min-0384-2023,2023-11-07,2025-11-06,State Government,Failed,Expired,/documents/mining_lease/JH-001/0384.pdf,2863,Rajesh Kumar,2023-11-30 00:00:00
DOC-00385,OD-002,Environmental Clearance,Env-0385-2023,2022-04-13,2023-04-13,Insurance Company,Failed,Expired,/documents/environmental_clearance/OD-002/0385.pdf,3719,Rajesh Kumar,2022-05-04 00:00:00
DOC-00386,OD-001,Training Certificate,Tra-0386-2023,2022-12-10,2027-12-09,Insurance Company,Pending,Verified,/documents/training_certificate/OD-001/0386.pdf,4123,Sita Devi,2023-01-05 00:00:00
DOC-00387,OD-002,Fire Safety Certificate,Fir-0387-2023,2023-04-01,2025-03-31,Insurance Company,Extracted,Expired,/documents/fire_safety_certificate/OD-002/0387.pdf,727,Amit Patel,2023-04-16 00:00:00
DOC-00388,JH-003,Environmental Clearance,Env-0388-2023,2022-04-09,2027-04-08,Insurance Company,Extracted,Verified,/documents/environmental_clearance/JH-003/0388.pdf,2692,Amit Patel,2022-04-25 00:00:00
DOC-00389,JH-002,Insurance Certificate,Ins-0389-2023,2022-11-20,2025-11-19,State Government,Extracted,Expired,/documents/insurance_certificate/JH-002/0389.pdf,4220,Sita Devi,2022-11-28 00:00:00
DOC-00390,CG-002,Explosives Licence,Exp-0390-2023,2022-10-10,2025-10-09,Insurance Company,Extracted,Expired,/documents/explosives_licence/CG-002/0390.pdf,849,Rajesh Kumar,2022-11-08 00:00:00
DOC-00391,JH-002,Environmental Clearance,Env-0391-2023,2023-04-14,2024-04-13,State PCB,Extracted,Expired,/documents/environmental_clearance/JH-002/0391.pdf,3854,Amit Patel,2023-04-26 00:00:00
DOC-00392,JH-002,Training Certificate,Tra-0392-2023,2023-12-20,2028-12-18,DGMS,Extracted,Verified,/documents/training_certificate/JH-002/0392.pdf,1723,Rajesh Kumar,2024-01-01 00:00:00
DOC-00393,CG-001,First Aid Certificate,Fir-0393-2023,2022-09-11,2024-09-10,State PCB,Extracted,Expired,/documents/first_aid_certificate/CG-001/0393.pdf,4330,Amit Patel,2022-10-06 00:00:00
DOC-00394,OD-001,Audit Report,Aud-0394-2023,2022-05-26,2025-05-25,State Government,Extracted,Expired,/documents/audit_report/OD-001/0394.pdf,1439,Rajesh Kumar,2022-05-27 00:00:00
DOC-00395,JH-003,Audit Report,Aud-0395-2023,2023-07-01,2026-06-30,State PCB,Extracted,Expired,/documents/audit_report/JH-003/0395.pdf,2778,Sita Devi,2023-07-26 00:00:00
DOC-00396,JH-003,Training Certificate,Tra-0396-2023,2022-07-25,2024-07-24,Insurance Company,Extracted,Expired,/documents/training_certificate/JH-003/0396.pdf,2341,Sita Devi,2022-08-10 00:00:00
DOC-00397,JH-001,Environmental Clearance,Env-0397-2023,2022-04-19,2025-04-18,Insurance Company,Extracted,Expired,/documents/environmental_clearance/JH-001/0397.pdf,2949,Amit Patel,2022-04-24 00:00:00
DOC-00398,CG-002,First Aid Certificate,Fir-0398-2023,2022-06-12,2024-06-11,State PCB,Extracted,Expired,/documents/first_aid_certificate/CG-002/0398.pdf,891,Sita Devi,2022-07-03 00:00:00
DOC-00399,JH-003,Explosives Licence,Exp-0399-2023,2023-12-10,2026-12-09,Insurance Company,Extracted,Verified,/documents/explosives_licence/JH-003/0399.pdf,1415,Amit Patel,2023-12-21 00:00:00
DOC-00400,JH-002,Audit Report,Aud-0400-2023,2022-07-17,2025-07-16,State PCB,Extracted,Expired,/documents/audit_report/JH-002/0400.pdf,2633,Amit Patel,2022-07-24 00:00:00
DOC-00401,OD-001,First Aid Certificate,Fir-0401-2023,2022-10-25,2027-10-24,DGMS,Extracted,Verified,/documents/first_aid_certificate/OD-001/0401.pdf,4761,Amit Patel,2022-10-31 00:00:00
DOC-00402,OD-001,Safety Certificate,Saf-0402-2023,2022-04-03,2023-04-03,DGMS,Extracted,Expired,/documents/safety_certificate/OD-001/0402.pdf,3680,Amit Patel,2022-04-18 00:00:00
DOC-00403,OD-001,Mining Lease,Min-0403-2023,2023-01-08,2027-01-07,DGMS,Extracted,Verified,/documents/mining_lease/OD-001/0403.pdf,905,Sita Devi,2023-01-19 00:00:00
DOC-00404,OD-002,Fire Safety Certificate,Fir-0404-2023,2023-02-14,2024-02-14,State Government,Extracted,Expired,/documents/fire_safety_certificate/OD-002/0404.pdf,1030,Sita Devi,2023-03-15 00:00:00
DOC-00405,CG-001,Insurance Certificate,Ins-0405-2023,2023-06-01,2025-05-31,CPCB,Extracted,Expired,/documents/insurance_certificate/CG-001/0405.pdf,3673,Sita Devi,2023-06-27 00:00:00
DOC-00406,JH-001,Fire Safety Certificate,Fir-0406-2023,2023-06-08,2025-06-07,State Government,Extracted,Expired,/documents/fire_safety_certificate/JH-001/0406.pdf,3088,Amit Patel,2023-06-20 00:00:00
DOC-00407,JH-001,Audit Report,Aud-0407-2023,2023-12-21,2026-12-20,DGMS,Extracted,Pending,/documents/audit_report/JH-001/0407.pdf,3077,Amit Patel,2024-01-12 00:00:00
DOC-00408,JH-002,First Aid Certificate,Fir-0408-2023,2023-07-08,2026-07-07,State Government,Extracted,Expired,/documents/first_aid_certificate/JH-002/0408.pdf,953,Amit Patel,2023-07-24 00:00:00
DOC-00409,OD-002,First Aid Certificate,Fir-0409-2023,2023-01-21,2026-01-20,State PCB,Extracted,Expired,/documents/first_aid_certificate/OD-002/0409.pdf,2175,Sita Devi,2023-01-23 00:00:00
DOC-00410,JH-003,Safety Certificate,Saf-0410-2023,2022-09-15,2025-09-14,CPCB,Pending,Expired,/documents/safety_certificate/JH-003/0410.pdf,4650,Rajesh Kumar,2022-09-27 00:00:00
DOC-00411,CG-001,Insurance Certificate,Ins-0411-2023,2022-04-20,2025-04-19,Insurance Company,Pending,Expired,/documents/insurance_certificate/CG-001/0411.pdf,1240,Rajesh Kumar,2022-05-18 00:00:00
DOC-00412,JH-002,Safety Certificate,Saf-0412-2023,2023-05-08,2024-05-07,Insurance Company,Failed,Expired,/documents/safety_certificate/JH-002/0412.pdf,3422,Amit Patel,2023-05-12 00:00:00
DOC-00413,OD-001,First Aid Certificate,Fir-0413-2023,2022-08-27,2027-08-26,State Government,Extracted,Verified,/documents/first_aid_certificate/OD-001/0413.pdf,4745,Amit Patel,2022-09-21 00:00:00
DOC-00414,OD-001,Mining Lease,Min-0414-2023,2023-06-10,2028-06-08,Insurance Company,Extracted,Verified,/documents/mining_lease/OD-001/0414.pdf,4726,Amit Patel,2023-07-05 00:00:00
DOC-00415,OD-001,Audit Report,Aud-0415-2023,2022-10-22,2023-10-22,CPCB,Extracted,Expired,/documents/audit_report/OD-001/0415.pdf,949,Amit Patel,2022-11-03 00:00:00
DOC-00416,JH-003,Training Certificate,Tra-0416-2023,2023-06-30,2024-06-29,State PCB,Extracted,Expired,/documents/training_certificate/JH-003/0416.pdf,1644,Rajesh Kumar,2023-07-21 00:00:00
DOC-00417,OD-002,Mining Lease,Min-0417-2023,2022-05-29,2027-05-28,State Government,Extracted,Verified,/documents/mining_lease/OD-002/0417.pdf,3031,Amit Patel,2022-06-21 00:00:00
DOC-00418,JH-003,Training Certificate,Tra-0418-2023,2023-06-08,2025-06-07,CPCB,Extracted,Expired,/documents/training_certificate/JH-003/0418.pdf,2083,Sita Devi,2023-06-25 00:00:00
DOC-00419,JH-002,Safety Certificate,Saf-0419-2023,2023-07-18,2026-07-17,State Government,Extracted,Expired,/documents/safety_certificate/JH-002/0419.pdf,4296,Rajesh Kumar,2023-08-09 00:00:00
DOC-00420,OD-002,Audit Report,Aud-0420-2023,2022-01-28,2024-01-28,DGMS,Pending,Expired,/documents/audit_report/OD-002/0420.pdf,3768,Rajesh Kumar,2022-02-25 00:00:00
DOC-00421,JH-002,Insurance Certificate,Ins-0421-2023,2023-03-10,2024-03-09,State PCB,Pending,Expired,/documents/insurance_certificate/JH-002/0421.pdf,4015,Amit Patel,2023-04-08 00:00:00
DOC-00422,CG-001,Explosives Licence,Exp-0422-2023,2022-10-31,2024-10-30,DGMS,Extracted,Expired,/documents/explosives_licence/CG-001/0422.pdf,2818,Amit Patel,2022-11-08 00:00:00
DOC-00423,OD-001,First Aid Certificate,Fir-0423-2023,2023-01-19,2027-01-18,State Government,Extracted,Verified,/documents/first_aid_certificate/OD-001/0423.pdf,4148,Sita Devi,2023-02-17 00:00:00
DOC-00424,CG-001,Audit Report,Aud-0424-2023,2022-10-15,2023-10-15,CPCB,Extracted,Expired,/documents/audit_report/CG-001/0424.pdf,1166,Amit Patel,2022-10-18 00:00:00
DOC-00425,OD-002,Environmental Clearance,Env-0425-2023,2022-10-09,2026-10-08,State Government,Extracted,Verified,/documents/environmental_clearance/OD-002/0425.pdf,4641,Rajesh Kumar,2022-11-06 00:00:00
DOC-00426,CG-002,Fire Safety Certificate,Fir-0426-2023,2022-09-16,2025-09-15,Insurance Company,Extracted,Expired,/documents/fire_safety_certificate/CG-002/0426.pdf,2007,Amit Patel,2022-09-22 00:00:00
DOC-00427,JH-001,Safety Certificate,Saf-0427-2023,2023-07-21,2025-07-20,State Government,Extracted,Expired,/documents/safety_certificate/JH-001/0427.pdf,4145,Amit Patel,2023-08-05 00:00:00
DOC-00428,OD-002,Mining Lease,Min-0428-2023,2022-01-02,2023-01-02,Insurance Company,Extracted,Expired,/documents/mining_lease/OD-002/0428.pdf,3339,Sita Devi,2022-01-16 00:00:00
DOC-00429,JH-001,First Aid Certificate,Fir-0429-2023,2023-09-17,2028-09-15,CPCB,Pending,Verified,/documents/first_aid_certificate/JH-001/0429.pdf,3995,Sita Devi,2023-09-23 00:00:00
DOC-00430,JH-003,Training Certificate,Tra-0430-2023,2022-05-04,2024-05-03,DGMS,Extracted,Expired,/documents/training_certificate/JH-003/0430.pdf,4750,Sita Devi,2022-06-01 00:00:00
DOC-00431,JH-003,Audit Report,Aud-0431-2023,2022-01-21,2027-01-20,DGMS,Failed,Rejected,/documents/audit_report/JH-003/0431.pdf,617,Sita Devi,2022-02-09 00:00:00
DOC-00432,CG-001,Environmental Clearance,Env-0432-2023,2022-12-05,2023-12-05,DGMS,Extracted,Expired,/documents/environmental_clearance/CG-001/0432.pdf,1050,Amit Patel,2022-12-22 00:00:00
DOC-00433,CG-002,Environmental Clearance,Env-0433-2023,2022-05-13,2026-05-12,CPCB,Extracted,Expired,/documents/environmental_clearance/CG-002/0433.pdf,4917,Sita Devi,2022-06-05 00:00:00
DOC-00434,CG-001,Safety Certificate,Saf-0434-2023,2022-03-18,2025-03-17,CPCB,Extracted,Expired,/documents/safety_certificate/CG-001/0434.pdf,4304,Amit Patel,2022-04-17 00:00:00
DOC-00435,JH-002,Safety Certificate,Saf-0435-2023,2023-02-07,2026-02-06,State Government,Extracted,Expired,/documents/safety_certificate/JH-002/0435.pdf,4494,Rajesh Kumar,2023-02-26 00:00:00
DOC-00436,JH-001,Safety Certificate,Saf-0436-2023,2023-05-23,2027-05-22,State PCB,Extracted,Verified,/documents/safety_certificate/JH-001/0436.pdf,614,Sita Devi,2023-06-09 00:00:00
DOC-00437,CG-001,Safety Certificate,Saf-0437-2023,2022-10-12,2026-10-11,State PCB,Extracted,Verified,/documents/safety_certificate/CG-001/0437.pdf,1449,Rajesh Kumar,2022-10-26 00:00:00
DOC-00438,CG-002,Training Certificate,Tra-0438-2023,2022-10-21,2024-10-20,State PCB,Extracted,Expired,/documents/training_certificate/CG-002/0438.pdf,4998,Rajesh Kumar,2022-11-15 00:00:00
DOC-00439,CG-002,First Aid Certificate,Fir-0439-2023,2023-02-06,2024-02-06,State Government,Extracted,Expired,/documents/first_aid_certificate/CG-002/0439.pdf,3509,Rajesh Kumar,2023-02-20 00:00:00
DOC-00440,JH-002,Training Certificate,Tra-0440-2023,2023-11-27,2028-11-25,Insurance Company,Extracted,Verified,/documents/training_certificate/JH-002/0440.pdf,4111,Rajesh Kumar,2023-12-11 00:00:00
DOC-00441,CG-002,Mining Lease,Min-0441-2023,2023-02-13,2025-02-12,State PCB,Pending,Expired,/documents/mining_lease/CG-002/0441.pdf,4370,Amit Patel,2023-03-09 00:00:00
DOC-00442,OD-002,Explosives Licence,Exp-0442-2023,2023-06-19,2027-06-18,DGMS,Extracted,Verified,/documents/explosives_licence/OD-002/0442.pdf,3660,Sita Devi,2023-07-19 00:00:00
DOC-00443,,Audit Report,Aud-0443-2023,2023-07-08,2028-07-06,State Government,Extracted,Verified,/documents/audit_report/global/0443.pdf,4283,Sita Devi,2023-07-13 00:00:00
DOC-00444,CG-001,First Aid Certificate,Fir-0444-2023,2023-10-27,2024-10-26,State PCB,Extracted,Expired,/documents/first_aid_certificate/CG-001/0444.pdf,3659,Amit Patel,2023-11-09 00:00:00
DOC-00445,OD-002,Fire Safety Certificate,Fir-0445-2023,2022-02-08,2027-02-07,DGMS,Pending,Verified,/documents/fire_safety_certificate/OD-002/0445.pdf,4259,Rajesh Kumar,2022-02-14 00:00:00
DOC-00446,CG-002,Fire Safety Certificate,Fir-0446-2023,2023-02-17,2024-02-17,State Government,Extracted,Expired,/documents/fire_safety_certificate/CG-002/0446.pdf,3365,Amit Patel,2023-03-10 00:00:00
DOC-00447,OD-001,Insurance Certificate,Ins-0447-2023,2023-07-13,2026-07-12,DGMS,Extracted,Expired,/documents/insurance_certificate/OD-001/0447.pdf,1295,Rajesh Kumar,2023-07-18 00:00:00
DOC-00448,JH-001,Explosives Licence,Exp-0448-2023,2023-05-16,2024-05-15,State PCB,Extracted,Expired,/documents/explosives_licence/JH-001/0448.pdf,2054,Amit Patel,2023-05-25 00:00:00
DOC-00449,CG-002,Training Certificate,Tra-0449-2023,2023-02-02,2028-02-01,CPCB,Extracted,Verified,/documents/training_certificate/CG-002/0449.pdf,4450,Amit Patel,2023-02-22 00:00:00
DOC-00450,OD-002,Mining Lease,Min-0450-2023,2022-09-07,2027-09-06,CPCB,Pending,Pending,/documents/mining_lease/OD-002/0450.pdf,4791,Amit Patel,2022-09-20 00:00:00
DOC-00451,CG-002,Audit Report,Aud-0451-2023,2023-05-13,2025-05-12,State Government,Failed,Expired,/documents/audit_report/CG-002/0451.pdf,665,Sita Devi,2023-05-22 00:00:00
DOC-00452,OD-001,Environmental Clearance,Env-0452-2023,2023-10-27,2027-10-26,State PCB,Extracted,Verified,/documents/environmental_clearance/OD-001/0452.pdf,4933,Sita Devi,2023-11-02 00:00:00
DOC-00453,JH-002,Safety Certificate,Saf-0453-2023,2023-03-03,2024-03-02,Insurance Company,Extracted,Expired,/documents/safety_certificate/JH-002/0453.pdf,4169,Rajesh Kumar,2023-03-11 00:00:00
DOC-00454,OD-002,Audit Report,Aud-0454-2023,2023-11-09,2024-11-08,Insurance Company,Pending,Expired,/documents/audit_report/OD-002/0454.pdf,2829,Amit Patel,2023-11-19 00:00:00
DOC-00455,CG-002,First Aid Certificate,Fir-0455-2023,2022-01-03,2025-01-02,DGMS,Extracted,Expired,/documents/first_aid_certificate/CG-002/0455.pdf,4368,Sita Devi,2022-01-06 00:00:00
DOC-00456,OD-001,Environmental Clearance,Env-0456-2023,2022-10-04,2026-10-03,State Government,Extracted,Verified,/documents/environmental_clearance/OD-001/0456.pdf,1014,Sita Devi,2022-10-23 00:00:00
DOC-00457,,Mining Lease,Min-0457-2023,2023-05-01,2028-04-29,Insurance Company,Extracted,Verified,/documents/mining_lease/global/0457.pdf,579,Amit Patel,2023-05-24 00:00:00
DOC-00458,OD-001,Environmental Clearance,Env-0458-2023,2022-05-08,2024-05-07,DGMS,Extracted,Expired,/documents/environmental_clearance/OD-001/0458.pdf,2707,Rajesh Kumar,2022-05-12 00:00:00
DOC-00459,OD-002,Training Certificate,Tra-0459-2023,2022-11-20,2024-11-19,State Government,Pending,Expired,/documents/training_certificate/OD-002/0459.pdf,2632,Sita Devi,2022-12-01 00:00:00
DOC-00460,JH-003,Audit Report,Aud-0460-2023,2022-11-15,2023-11-15,Insurance Company,Extracted,Expired,/documents/audit_report/JH-003/0460.pdf,4929,Sita Devi,2022-11-30 00:00:00
DOC-00461,OD-001,Mining Lease,Min-0461-2023,2022-10-06,2024-10-05,State Government,Extracted,Expired,/documents/mining_lease/OD-001/0461.pdf,3788,Rajesh Kumar,2022-10-08 00:00:00
DOC-00462,JH-002,Training Certificate,Tra-0462-2023,2023-01-02,2026-01-01,DGMS,Extracted,Expired,/documents/training_certificate/JH-002/0462.pdf,1349,Rajesh Kumar,2023-01-17 00:00:00
DOC-00463,OD-001,Explosives Licence,Exp-0463-2023,2023-08-30,2026-08-29,State Government,Extracted,Pending,/documents/explosives_licence/OD-001/0463.pdf,1752,Rajesh Kumar,2023-09-11 00:00:00
DOC-00464,JH-001,Environmental Clearance,Env-0464-2023,2023-08-13,2028-08-11,CPCB,Extracted,Verified,/documents/environmental_clearance/JH-001/0464.pdf,1720,Sita Devi,2023-08-22 00:00:00
DOC-00465,CG-001,Audit Report,Aud-0465-2023,2022-03-29,2027-03-28,DGMS,Extracted,Verified,/documents/audit_report/CG-001/0465.pdf,764,Rajesh Kumar,2022-04-09 00:00:00
DOC-00466,JH-002,Fire Safety Certificate,Fir-0466-2023,2022-02-25,2024-02-25,Insurance Company,Extracted,Expired,/documents/fire_safety_certificate/JH-002/0466.pdf,4995,Sita Devi,2022-03-11 00:00:00
DOC-00467,JH-001,Explosives Licence,Exp-0467-2023,2022-02-06,2026-02-05,State Government,Extracted,Expired,/documents/explosives_licence/JH-001/0467.pdf,4318,Rajesh Kumar,2022-03-03 00:00:00
DOC-00468,JH-001,Explosives Licence,Exp-0468-2023,2022-07-28,2025-07-27,Insurance Company,Extracted,Expired,/documents/explosives_licence/JH-001/0468.pdf,599,Rajesh Kumar,2022-08-04 00:00:00
DOC-00469,JH-002,Safety Certificate,Saf-0469-2023,2022-02-11,2025-02-10,DGMS,Extracted,Expired,/documents/safety_certificate/JH-002/0469.pdf,732,Sita Devi,2022-02-16 00:00:00
DOC-00470,CG-002,Insurance Certificate,Ins-0470-2023,2023-10-14,2026-10-13,Insurance Company,Extracted,Pending,/documents/insurance_certificate/CG-002/0470.pdf,1726,Sita Devi,2023-10-22 00:00:00
DOC-00471,CG-002,Insurance Certificate,Ins-0471-2023,2023-07-31,2024-07-30,Insurance Company,Failed,Expired,/documents/insurance_certificate/CG-002/0471.pdf,4663,Rajesh Kumar,2023-08-26 00:00:00
DOC-00472,CG-001,Training Certificate,Tra-0472-2023,2022-09-09,2024-09-08,CPCB,Extracted,Expired,/documents/training_certificate/CG-001/0472.pdf,3209,Amit Patel,2022-10-02 00:00:00
DOC-00473,CG-002,Fire Safety Certificate,Fir-0473-2023,2023-10-02,2024-10-01,DGMS,Extracted,Expired,/documents/fire_safety_certificate/CG-002/0473.pdf,2375,Rajesh Kumar,2023-10-26 00:00:00
DOC-00474,CG-001,Mining Lease,Min-0474-2023,2023-04-01,2026-03-31,State Government,Extracted,Expired,/documents/mining_lease/CG-001/0474.pdf,3068,Rajesh Kumar,2023-04-29 00:00:00
DOC-00475,CG-001,Environmental Clearance,Env-0475-2023,2022-02-20,2023-02-20,DGMS,Failed,Expired,/documents/environmental_clearance/CG-001/0475.pdf,2325,Amit Patel,2022-02-23 00:00:00
DOC-00476,OD-002,Fire Safety Certificate,Fir-0476-2023,2022-08-20,2025-08-19,State Government,Extracted,Expired,/documents/fire_safety_certificate/OD-002/0476.pdf,4881,Sita Devi,2022-08-30 00:00:00
DOC-00477,JH-003,Environmental Clearance,Env-0477-2023,2022-07-02,2027-07-01,State Government,Extracted,Verified,/documents/environmental_clearance/JH-003/0477.pdf,4460,Rajesh Kumar,2022-07-12 00:00:00
DOC-00478,OD-002,Audit Report,Aud-0478-2023,2023-11-16,2028-11-14,Insurance Company,Extracted,Verified,/documents/audit_report/OD-002/0478.pdf,3948,Amit Patel,2023-11-19 00:00:00
DOC-00479,CG-001,Fire Safety Certificate,Fir-0479-2023,2023-09-15,2027-09-14,State PCB,Extracted,Pending,/documents/fire_safety_certificate/CG-001/0479.pdf,4640,Amit Patel,2023-09-16 00:00:00
DOC-00480,CG-001,First Aid Certificate,Fir-0480-2023,2023-07-31,2025-07-30,CPCB,Pending,Expired,/documents/first_aid_certificate/CG-001/0480.pdf,3880,Sita Devi,2023-08-08 00:00:00
DOC-00481,,Fire Safety Certificate,Fir-0481-2023,2022-04-28,2027-04-27,DGMS,Extracted,Verified,/documents/fire_safety_certificate/global/0481.pdf,1707,Amit Patel,2022-05-03 00:00:00
DOC-00482,,First Aid Certificate,Fir-0482-2023,2022-06-25,2025-06-24,CPCB,Extracted,Expired,/documents/first_aid_certificate/global/0482.pdf,1045,Rajesh Kumar,2022-07-08 00:00:00
DOC-00483,JH-002,Safety Certificate,Saf-0483-2023,2023-05-06,2026-05-05,CPCB,Extracted,Expired,/documents/safety_certificate/JH-002/0483.pdf,571,Sita Devi,2023-05-10 00:00:00
DOC-00484,CG-002,Environmental Clearance,Env-0484-2023,2023-04-26,2027-04-25,Insurance Company,Extracted,Verified,/documents/environmental_clearance/CG-002/0484.pdf,1930,Rajesh Kumar,2023-05-22 00:00:00
DOC-00485,,Explosives Licence,Exp-0485-2023,2022-07-18,2027-07-17,DGMS,Extracted,Pending,/documents/explosives_licence/global/0485.pdf,3326,Amit Patel,2022-08-07 00:00:00
DOC-00486,CG-001,Mining Lease,Min-0486-2023,2023-09-02,2027-09-01,CPCB,Pending,Verified,/documents/mining_lease/CG-001/0486.pdf,1642,Rajesh Kumar,2023-10-01 00:00:00
DOC-00487,JH-002,Mining Lease,Min-0487-2023,2023-12-15,2027-12-14,Insurance Company,Extracted,Verified,/documents/mining_lease/JH-002/0487.pdf,2596,Sita Devi,2024-01-10 00:00:00
DOC-00488,OD-002,Mining Lease,Min-0488-2023,2023-11-14,2024-11-13,CPCB,Extracted,Expired,/documents/mining_lease/OD-002/0488.pdf,721,Amit Patel,2023-12-09 00:00:00
DOC-00489,JH-003,Safety Certificate,Saf-0489-2023,2022-04-04,2027-04-03,State Government,Extracted,Verified,/documents/safety_certificate/JH-003/0489.pdf,2035,Amit Patel,2022-04-24 00:00:00
DOC-00490,CG-002,Environmental Clearance,Env-0490-2023,2023-02-21,2027-02-20,CPCB,Extracted,Verified,/documents/environmental_clearance/CG-002/0490.pdf,3721,Sita Devi,2023-02-27 00:00:00
DOC-00491,CG-001,Environmental Clearance,Env-0491-2023,2023-06-01,2027-05-31,Insurance Company,Extracted,Verified,/documents/environmental_clearance/CG-001/0491.pdf,3524,Sita Devi,2023-06-27 00:00:00
DOC-00492,JH-003,Fire Safety Certificate,Fir-0492-2023,2022-07-15,2025-07-14,State PCB,Extracted,Expired,/documents/fire_safety_certificate/JH-003/0492.pdf,695,Rajesh Kumar,2022-07-19 00:00:00
DOC-00493,CG-001,Safety Certificate,Saf-0493-2023,2023-12-28,2026-12-27,CPCB,Pending,Pending,/documents/safety_certificate/CG-001/0493.pdf,3978,Amit Patel,2024-01-22 00:00:00
DOC-00494,OD-002,Fire Safety Certificate,Fir-0494-2023,2023-04-27,2028-04-25,State Government,Extracted,Rejected,/documents/fire_safety_certificate/OD-002/0494.pdf,2053,Sita Devi,2023-05-12 00:00:00
DOC-00495,JH-002,Training Certificate,Tra-0495-2023,2022-09-18,2024-09-17,CPCB,Extracted,Expired,/documents/training_certificate/JH-002/0495.pdf,915,Sita Devi,2022-09-28 00:00:00
DOC-00496,CG-001,Fire Safety Certificate,Fir-0496-2023,2022-10-20,2026-10-19,State PCB,Extracted,Verified,/documents/fire_safety_certificate/CG-001/0496.pdf,1231,Rajesh Kumar,2022-10-31 00:00:00
DOC-00497,OD-001,Environmental Clearance,Env-0497-2023,2022-07-21,2024-07-20,State Government,Extracted,Expired,/documents/environmental_clearance/OD-001/0497.pdf,2644,Amit Patel,2022-07-24 00:00:00
DOC-00498,JH-003,First Aid Certificate,Fir-0498-2023,2023-08-07,2027-08-06,DGMS,Extracted,Verified,/documents/first_aid_certificate/JH-003/0498.pdf,3528,Sita Devi,2023-09-02 00:00:00
DOC-00499,JH-001,Environmental Clearance,Env-0499-2023,2022-05-20,2023-05-20,DGMS,Extracted,Expired,/documents/environmental_clearance/JH-001/0499.pdf,2467,Sita Devi,2022-05-31 00:00:00
DOC-00500,OD-001,Safety Certificate,Saf-0500-2023,2022-07-07,2026-07-06,State PCB,Extracted,Expired,/documents/safety_certificate/OD-001/0500.pdf,4095,Rajesh Kumar,2022-07-14 00:00:00
DOC-00501,JH-003,Environmental Clearance,Env-0501-2023,2022-03-05,2026-03-04,State Government,Pending,Expired,/documents/environmental_clearance/JH-003/0501.pdf,3827,Sita Devi,2022-03-19 00:00:00
DOC-00502,CG-001,Environmental Clearance,Env-0502-2023,2022-08-21,2027-08-20,DGMS,Extracted,Verified,/documents/environmental_clearance/CG-001/0502.pdf,2521,Rajesh Kumar,2022-09-15 00:00:00
DOC-00503,JH-003,Training Certificate,Tra-0503-2023,2023-05-29,2024-05-28,CPCB,Extracted,Expired,/documents/training_certificate/JH-003/0503.pdf,1668,Amit Patel,2023-06-08 00:00:00
DOC-00504,JH-003,Safety Certificate,Saf-0504-2023,2024-01-01,2025-12-31,Insurance Company,Pending,Expired,/documents/safety_certificate/JH-003/0504.pdf,539,Rajesh Kumar,2024-01-07 00:00:00
DOC-00505,JH-003,Training Certificate,Tra-0505-2023,2023-10-11,2028-10-09,CPCB,Pending,Verified,/documents/training_certificate/JH-003/0505.pdf,2473,Sita Devi,2023-10-13 00:00:00
DOC-00506,CG-001,First Aid Certificate,Fir-0506-2023,2022-01-08,2026-01-07,CPCB,Pending,Expired,/documents/first_aid_certificate/CG-001/0506.pdf,4004,Sita Devi,2022-01-24 00:00:00
DOC-00507,JH-001,Safety Certificate,Saf-0507-2023,2023-05-07,2028-05-05,Insurance Company,Failed,Verified,/documents/safety_certificate/JH-001/0507.pdf,1318,Rajesh Kumar,2023-05-23 00:00:00
DOC-00508,OD-002,Insurance Certificate,Ins-0508-2023,2022-01-18,2023-01-18,DGMS,Extracted,Expired,/documents/insurance_certificate/OD-002/0508.pdf,2394,Sita Devi,2022-01-27 00:00:00
DOC-00509,CG-001,Mining Lease,Min-0509-2023,2023-04-06,2024-04-05,State PCB,Extracted,Expired,/documents/mining_lease/CG-001/0509.pdf,3442,Sita Devi,2023-04-24 00:00:00
DOC-00510,CG-002,Audit Report,Aud-0510-2023,2022-10-20,2023-10-20,State PCB,Extracted,Expired,/documents/audit_report/CG-002/0510.pdf,3121,Sita Devi,2022-10-21 00:00:00
DOC-00511,CG-002,Audit Report,Aud-0511-2023,2022-11-16,2026-11-15,Insurance Company,Extracted,Verified,/documents/audit_report/CG-002/0511.pdf,649,Amit Patel,2022-12-08 00:00:00
DOC-00512,OD-002,Fire Safety Certificate,Fir-0512-2023,2022-01-26,2024-01-26,DGMS,Extracted,Expired,/documents/fire_safety_certificate/OD-002/0512.pdf,1333,Rajesh Kumar,2022-02-01 00:00:00
DOC-00513,OD-001,Audit Report,Aud-0513-2023,2022-04-28,2026-04-27,Insurance Company,Extracted,Expired,/documents/audit_report/OD-001/0513.pdf,1184,Amit Patel,2022-05-17 00:00:00
DOC-00514,CG-001,Training Certificate,Tra-0514-2023,2023-05-01,2027-04-30,DGMS,Extracted,Pending,/documents/training_certificate/CG-001/0514.pdf,4927,Rajesh Kumar,2023-05-17 00:00:00
DOC-00515,OD-002,First Aid Certificate,Fir-0515-2023,2022-12-21,2023-12-21,State PCB,Extracted,Expired,/documents/first_aid_certificate/OD-002/0515.pdf,3103,Sita Devi,2023-01-01 00:00:00
DOC-00516,JH-003,First Aid Certificate,Fir-0516-2023,2022-11-16,2026-11-15,CPCB,Extracted,Pending,/documents/first_aid_certificate/JH-003/0516.pdf,3887,Rajesh Kumar,2022-12-16 00:00:00
DOC-00517,JH-001,Fire Safety Certificate,Fir-0517-2023,2022-12-08,2023-12-08,Insurance Company,Extracted,Expired,/documents/fire_safety_certificate/JH-001/0517.pdf,3147,Rajesh Kumar,2023-01-02 00:00:00
DOC-00518,OD-001,Training Certificate,Tra-0518-2023,2022-01-11,2027-01-10,CPCB,Extracted,Verified,/documents/training_certificate/OD-001/0518.pdf,2830,Sita Devi,2022-02-09 00:00:00
DOC-00519,JH-003,Mining Lease,Min-0519-2023,2022-12-27,2023-12-27,Insurance Company,Extracted,Expired,/documents/mining_lease/JH-003/0519.pdf,3595,Amit Patel,2022-12-29 00:00:00
DOC-00520,JH-002,Audit Report,Aud-0520-2023,2023-02-08,2027-02-07,State PCB,Extracted,Verified,/documents/audit_report/JH-002/0520.pdf,1672,Sita Devi,2023-02-28 00:00:00
DOC-00521,JH-003,Explosives Licence,Exp-0521-2023,2023-02-22,2027-02-21,DGMS,Extracted,Verified,/documents/explosives_licence/JH-003/0521.pdf,3637,Sita Devi,2023-03-15 00:00:00
DOC-00522,JH-003,Safety Certificate,Saf-0522-2023,2023-08-30,2027-08-29,State Government,Extracted,Verified,/documents/safety_certificate/JH-003/0522.pdf,1117,Sita Devi,2023-09-02 00:00:00
DOC-00523,,Explosives Licence,Exp-0523-2023,2023-08-16,2025-08-15,State PCB,Extracted,Expired,/documents/explosives_licence/global/0523.pdf,2525,Sita Devi,2023-08-25 00:00:00
DOC-00524,JH-002,Mining Lease,Min-0524-2023,2023-02-18,2027-02-17,State Government,Extracted,Rejected,/documents/mining_lease/JH-002/0524.pdf,3887,Amit Patel,2023-03-14 00:00:00
DOC-00525,CG-002,Safety Certificate,Saf-0525-2023,2023-08-15,2028-08-13,CPCB,Extracted,Verified,/documents/safety_certificate/CG-002/0525.pdf,1432,Rajesh Kumar,2023-09-03 00:00:00
DOC-00526,CG-002,First Aid Certificate,Fir-0526-2023,2022-09-03,2027-09-02,State Government,Failed,Verified,/documents/first_aid_certificate/CG-002/0526.pdf,2028,Rajesh Kumar,2022-09-28 00:00:00
DOC-00527,OD-002,First Aid Certificate,Fir-0527-2023,2023-04-09,2025-04-08,Insurance Company,Pending,Expired,/documents/first_aid_certificate/OD-002/0527.pdf,3551,Rajesh Kumar,2023-05-01 00:00:00
DOC-00528,CG-002,Insurance Certificate,Ins-0528-2023,2022-03-24,2027-03-23,DGMS,Extracted,Verified,/documents/insurance_certificate/CG-002/0528.pdf,3372,Sita Devi,2022-04-01 00:00:00
DOC-00529,OD-001,Mining Lease,Min-0529-2023,2023-07-02,2027-07-01,CPCB,Extracted,Pending,/documents/mining_lease/OD-001/0529.pdf,947,Rajesh Kumar,2023-07-14 00:00:00
DOC-00530,CG-002,Explosives Licence,Exp-0530-2023,2023-05-19,2028-05-17,State PCB,Extracted,Verified,/documents/explosives_licence/CG-002/0530.pdf,1201,Sita Devi,2023-06-05 00:00:00
DOC-00531,JH-002,Fire Safety Certificate,Fir-0531-2023,2022-08-15,2026-08-14,DGMS,Extracted,Expired,/documents/fire_safety_certificate/JH-002/0531.pdf,2041,Rajesh Kumar,2022-08-28 00:00:00
DOC-00532,OD-002,Environmental Clearance,Env-0532-2023,2022-07-03,2023-07-03,Insurance Company,Extracted,Expired,/documents/environmental_clearance/OD-002/0532.pdf,4022,Amit Patel,2022-07-27 00:00:00
DOC-00533,OD-001,First Aid Certificate,Fir-0533-2023,2023-12-17,2026-12-16,Insurance Company,Extracted,Verified,/documents/first_aid_certificate/OD-001/0533.pdf,5000,Sita Devi,2023-12-25 00:00:00
DOC-00534,CG-001,Training Certificate,Tra-0534-2023,2022-08-08,2027-08-07,CPCB,Pending,Verified,/documents/training_certificate/CG-001/0534.pdf,1705,Amit Patel,2022-08-24 00:00:00
DOC-00535,CG-002,Mining Lease,Min-0535-2023,2023-09-13,2024-09-12,Insurance Company,Failed,Expired,/documents/mining_lease/CG-002/0535.pdf,4607,Sita Devi,2023-09-21 00:00:00
DOC-00536,JH-001,Environmental Clearance,Env-0536-2023,2022-10-01,2026-09-30,State Government,Pending,Verified,/documents/environmental_clearance/JH-001/0536.pdf,2148,Amit Patel,2022-10-08 00:00:00
DOC-00537,JH-002,Explosives Licence,Exp-0537-2023,2023-10-07,2027-10-06,CPCB,Extracted,Pending,/documents/explosives_licence/JH-002/0537.pdf,3773,Amit Patel,2023-11-05 00:00:00
DOC-00538,JH-003,Explosives Licence,Exp-0538-2023,2023-07-21,2027-07-20,State PCB,Failed,Verified,/documents/explosives_licence/JH-003/0538.pdf,522,Rajesh Kumar,2023-08-06 00:00:00
DOC-00539,JH-003,First Aid Certificate,Fir-0539-2023,2022-06-30,2025-06-29,CPCB,Extracted,Expired,/documents/first_aid_certificate/JH-003/0539.pdf,838,Sita Devi,2022-07-11 00:00:00
DOC-00540,OD-002,Fire Safety Certificate,Fir-0540-2023,2023-09-20,2027-09-19,DGMS,Extracted,Pending,/documents/fire_safety_certificate/OD-002/0540.pdf,874,Rajesh Kumar,2023-10-08 00:00:00
DOC-00541,JH-003,Fire Safety Certificate,Fir-0541-2023,2023-05-28,2026-05-27,State Government,Pending,Expired,/documents/fire_safety_certificate/JH-003/0541.pdf,2554,Rajesh Kumar,2023-06-08 00:00:00
DOC-00542,JH-003,First Aid Certificate,Fir-0542-2023,2022-04-29,2023-04-29,State Government,Extracted,Expired,/documents/first_aid_certificate/JH-003/0542.pdf,2240,Sita Devi,2022-05-20 00:00:00
DOC-00543,OD-001,Fire Safety Certificate,Fir-0543-2023,2023-07-14,2027-07-13,State Government,Extracted,Pending,/documents/fire_safety_certificate/OD-001/0543.pdf,4004,Rajesh Kumar,2023-07-21 00:00:00
DOC-00544,OD-002,Mining Lease,Min-0544-2023,2023-04-04,2026-04-03,DGMS,Extracted,Expired,/documents/mining_lease/OD-002/0544.pdf,2238,Sita Devi,2023-04-14 00:00:00
DOC-00545,,Safety Certificate,Saf-0545-2023,2023-05-17,2028-05-15,State Government,Extracted,Verified,/documents/safety_certificate/global/0545.pdf,1129,Amit Patel,2023-05-22 00:00:00
DOC-00546,OD-001,Audit Report,Aud-0546-2023,2023-10-03,2025-10-02,State PCB,Pending,Expired,/documents/audit_report/OD-001/0546.pdf,2594,Sita Devi,2023-10-28 00:00:00
DOC-00547,JH-001,Mining Lease,Min-0547-2023,2022-03-24,2025-03-23,DGMS,Extracted,Expired,/documents/mining_lease/JH-001/0547.pdf,3272,Rajesh Kumar,2022-04-13 00:00:00
DOC-00548,JH-001,Insurance Certificate,Ins-0548-2023,2023-01-02,2027-01-01,State PCB,Extracted,Verified,/documents/insurance_certificate/JH-001/0548.pdf,4058,Rajesh Kumar,2023-01-20 00:00:00
DOC-00549,CG-002,Insurance Certificate,Ins-0549-2023,2023-12-27,2027-12-26,State PCB,Extracted,Verified,/documents/insurance_certificate/CG-002/0549.pdf,3073,Sita Devi,2024-01-12 00:00:00
DOC-00550,OD-001,Explosives Licence,Exp-0550-2023,2022-04-23,2026-04-22,CPCB,Extracted,Expired,/documents/explosives_licence/OD-001/0550.pdf,1521,Amit Patel,2022-04-25 00:00:00
DOC-00551,CG-001,Audit Report,Aud-0551-2023,2022-01-12,2024-01-12,Insurance Company,Extracted,Expired,/documents/audit_report/CG-001/0551.pdf,4679,Sita Devi,2022-01-22 00:00:00
DOC-00552,JH-001,Safety Certificate,Saf-0552-2023,2022-12-04,2027-12-03,State Government,Extracted,Pending,/documents/safety_certificate/JH-001/0552.pdf,2633,Amit Patel,2022-12-21 00:00:00
DOC-00553,OD-001,Environmental Clearance,Env-0553-2023,2023-06-23,2026-06-22,Insurance Company,Extracted,Expired,/documents/environmental_clearance/OD-001/0553.pdf,670,Amit Patel,2023-07-02 00:00:00
DOC-00554,JH-002,First Aid Certificate,Fir-0554-2023,2023-05-02,2028-04-30,Insurance Company,Extracted,Verified,/documents/first_aid_certificate/JH-002/0554.pdf,2416,Sita Devi,2023-05-15 00:00:00
DOC-00555,JH-001,Insurance Certificate,Ins-0555-2023,2022-12-29,2023-12-29,State Government,Extracted,Expired,/documents/insurance_certificate/JH-001/0555.pdf,3753,Amit Patel,2023-01-25 00:00:00
DOC-00556,CG-001,Mining Lease,Min-0556-2023,2023-02-13,2024-02-13,Insurance Company,Extracted,Expired,/documents/mining_lease/CG-001/0556.pdf,2748,Rajesh Kumar,2023-02-18 00:00:00
DOC-00557,JH-001,Training Certificate,Tra-0557-2023,2023-05-13,2027-05-12,DGMS,Extracted,Verified,/documents/training_certificate/JH-001/0557.pdf,1427,Sita Devi,2023-06-07 00:00:00
DOC-00558,CG-002,Training Certificate,Tra-0558-2023,2022-12-17,2025-12-16,State Government,Extracted,Expired,/documents/training_certificate/CG-002/0558.pdf,2795,Sita Devi,2022-12-18 00:00:00
DOC-00559,CG-002,Safety Certificate,Saf-0559-2023,2023-07-12,2027-07-11,State PCB,Pending,Verified,/documents/safety_certificate/CG-002/0559.pdf,2910,Amit Patel,2023-07-27 00:00:00
DOC-00560,JH-001,Environmental Clearance,Env-0560-2023,2023-04-23,2025-04-22,DGMS,Extracted,Expired,/documents/environmental_clearance/JH-001/0560.pdf,4164,Rajesh Kumar,2023-05-14 00:00:00
DOC-00561,OD-002,Training Certificate,Tra-0561-2023,2022-06-24,2024-06-23,State Government,Pending,Expired,/documents/training_certificate/OD-002/0561.pdf,4582,Rajesh Kumar,2022-07-13 00:00:00
DOC-00562,OD-001,Audit Report,Aud-0562-2023,2022-07-21,2023-07-21,State Government,Extracted,Expired,/documents/audit_report/OD-001/0562.pdf,1747,Sita Devi,2022-07-28 00:00:00
DOC-00563,CG-001,Safety Certificate,Saf-0563-2023,2022-07-13,2023-07-13,DGMS,Extracted,Expired,/documents/safety_certificate/CG-001/0563.pdf,4823,Amit Patel,2022-07-26 00:00:00
DOC-00564,OD-002,First Aid Certificate,Fir-0564-2023,2023-04-18,2026-04-17,DGMS,Extracted,Expired,/documents/first_aid_certificate/OD-002/0564.pdf,4547,Amit Patel,2023-04-26 00:00:00
DOC-00565,JH-003,Explosives Licence,Exp-0565-2023,2023-09-25,2025-09-24,State Government,Failed,Expired,/documents/explosives_licence/JH-003/0565.pdf,667,Rajesh Kumar,2023-10-03 00:00:00
DOC-00566,OD-002,Fire Safety Certificate,Fir-0566-2023,2023-03-17,2024-03-16,DGMS,Extracted,Expired,/documents/fire_safety_certificate/OD-002/0566.pdf,2104,Sita Devi,2023-03-18 00:00:00
DOC-00567,CG-002,Fire Safety Certificate,Fir-0567-2023,2023-10-13,2027-10-12,Insurance Company,Pending,Pending,/documents/fire_safety_certificate/CG-002/0567.pdf,2801,Amit Patel,2023-11-07 00:00:00
DOC-00568,JH-003,Mining Lease,Min-0568-2023,2022-11-29,2023-11-29,State Government,Extracted,Expired,/documents/mining_lease/JH-003/0568.pdf,2364,Rajesh Kumar,2022-12-23 00:00:00
DOC-00569,OD-002,Audit Report,Aud-0569-2023,2022-12-21,2026-12-20,CPCB,Extracted,Verified,/documents/audit_report/OD-002/0569.pdf,865,Rajesh Kumar,2023-01-04 00:00:00
DOC-00570,JH-002,Environmental Clearance,Env-0570-2023,2023-02-27,2025-02-26,State PCB,Extracted,Expired,/documents/environmental_clearance/JH-002/0570.pdf,928,Amit Patel,2023-03-17 00:00:00
DOC-00571,OD-002,Audit Report,Aud-0571-2023,2023-03-19,2025-03-18,DGMS,Extracted,Expired,/documents/audit_report/OD-002/0571.pdf,2477,Sita Devi,2023-04-01 00:00:00
DOC-00572,,Mining Lease,Min-0572-2023,2023-06-07,2027-06-06,State PCB,Extracted,Verified,/documents/mining_lease/global/0572.pdf,2602,Rajesh Kumar,2023-06-10 00:00:00
DOC-00573,OD-002,Safety Certificate,Saf-0573-2023,2023-02-08,2028-02-07,CPCB,Extracted,Verified,/documents/safety_certificate/OD-002/0573.pdf,3228,Amit Patel,2023-03-04 00:00:00
DOC-00574,JH-003,Explosives Licence,Exp-0574-2023,2022-11-20,2026-11-19,State PCB,Extracted,Verified,/documents/explosives_licence/JH-003/0574.pdf,3524,Amit Patel,2022-11-28 00:00:00
DOC-00575,,Audit Report,Aud-0575-2023,2022-03-04,2023-03-04,State PCB,Extracted,Expired,/documents/audit_report/global/0575.pdf,1020,Amit Patel,2022-03-15 00:00:00
DOC-00576,JH-003,Mining Lease,Min-0576-2023,2022-11-16,2024-11-15,DGMS,Extracted,Expired,/documents/mining_lease/JH-003/0576.pdf,2016,Rajesh Kumar,2022-12-02 00:00:00
DOC-00577,OD-001,Insurance Certificate,Ins-0577-2023,2023-03-02,2024-03-01,DGMS,Extracted,Expired,/documents/insurance_certificate/OD-001/0577.pdf,3919,Rajesh Kumar,2023-03-27 00:00:00
DOC-00578,JH-003,Fire Safety Certificate,Fir-0578-2023,2022-11-22,2026-11-21,DGMS,Extracted,Verified,/documents/fire_safety_certificate/JH-003/0578.pdf,2778,Amit Patel,2022-11-29 00:00:00
DOC-00579,CG-001,Training Certificate,Tra-0579-2023,2022-04-29,2023-04-29,Insurance Company,Extracted,Expired,/documents/training_certificate/CG-001/0579.pdf,1636,Amit Patel,2022-05-21 00:00:00
DOC-00580,CG-002,Fire Safety Certificate,Fir-0580-2023,2023-02-10,2024-02-10,State Government,Extracted,Expired,/documents/fire_safety_certificate/CG-002/0580.pdf,4893,Amit Patel,2023-02-12 00:00:00
DOC-00581,CG-001,Audit Report,Aud-0581-2023,2022-05-25,2027-05-24,CPCB,Extracted,Verified,/documents/audit_report/CG-001/0581.pdf,4375,Amit Patel,2022-06-11 00:00:00
DOC-00582,OD-002,Fire Safety Certificate,Fir-0582-2023,2023-02-20,2024-02-20,DGMS,Pending,Expired,/documents/fire_safety_certificate/OD-002/0582.pdf,3946,Rajesh Kumar,2023-02-28 00:00:00
DOC-00583,CG-002,Audit Report,Aud-0583-2023,2022-11-23,2023-11-23,State Government,Extracted,Expired,/documents/audit_report/CG-002/0583.pdf,4153,Rajesh Kumar,2022-12-06 00:00:00
DOC-00584,JH-002,Safety Certificate,Saf-0584-2023,2023-06-05,2025-06-04,CPCB,Extracted,Expired,/documents/safety_certificate/JH-002/0584.pdf,1768,Sita Devi,2023-06-15 00:00:00
DOC-00585,JH-002,Insurance Certificate,Ins-0585-2023,2022-10-28,2027-10-27,DGMS,Pending,Verified,/documents/insurance_certificate/JH-002/0585.pdf,3166,Rajesh Kumar,2022-11-03 00:00:00
DOC-00586,JH-003,First Aid Certificate,Fir-0586-2023,2023-04-13,2028-04-11,State PCB,Extracted,Verified,/documents/first_aid_certificate/JH-003/0586.pdf,3742,Amit Patel,2023-04-25 00:00:00
DOC-00587,JH-002,Mining Lease,Min-0587-2023,2023-06-11,2024-06-10,CPCB,Failed,Expired,/documents/mining_lease/JH-002/0587.pdf,4287,Rajesh Kumar,2023-06-14 00:00:00
DOC-00588,OD-001,Training Certificate,Tra-0588-2023,2022-01-08,2026-01-07,State Government,Extracted,Expired,/documents/training_certificate/OD-001/0588.pdf,4604,Rajesh Kumar,2022-01-20 00:00:00
DOC-00589,CG-002,Explosives Licence,Exp-0589-2023,2022-12-22,2025-12-21,CPCB,Pending,Expired,/documents/explosives_licence/CG-002/0589.pdf,820,Sita Devi,2022-12-26 00:00:00
DOC-00590,JH-001,Fire Safety Certificate,Fir-0590-2023,2022-08-29,2025-08-28,State Government,Extracted,Expired,/documents/fire_safety_certificate/JH-001/0590.pdf,2097,Amit Patel,2022-09-14 00:00:00
DOC-00591,JH-001,Fire Safety Certificate,Fir-0591-2023,2022-12-02,2023-12-02,CPCB,Extracted,Expired,/documents/fire_safety_certificate/JH-001/0591.pdf,3802,Amit Patel,2022-12-06 00:00:00
DOC-00592,OD-001,First Aid Certificate,Fir-0592-2023,2023-02-21,2025-02-20,CPCB,Pending,Expired,/documents/first_aid_certificate/OD-001/0592.pdf,1883,Rajesh Kumar,2023-03-20 00:00:00
DOC-00593,CG-001,Insurance Certificate,Ins-0593-2023,2022-07-07,2025-07-06,DGMS,Extracted,Expired,/documents/insurance_certificate/CG-001/0593.pdf,4354,Sita Devi,2022-07-22 00:00:00
DOC-00594,OD-002,Training Certificate,Tra-0594-2023,2023-10-29,2027-10-28,Insurance Company,Extracted,Verified,/documents/training_certificate/OD-002/0594.pdf,3751,Amit Patel,2023-11-23 00:00:00
DOC-00595,CG-002,Audit Report,Aud-0595-2023,2022-02-05,2023-02-05,DGMS,Extracted,Expired,/documents/audit_report/CG-002/0595.pdf,4788,Amit Patel,2022-02-17 00:00:00
DOC-00596,OD-002,First Aid Certificate,Fir-0596-2023,2022-06-09,2026-06-08,CPCB,Failed,Expired,/documents/first_aid_certificate/OD-002/0596.pdf,4198,Sita Devi,2022-07-07 00:00:00
DOC-00597,OD-001,Training Certificate,Tra-0597-2023,2022-01-04,2027-01-03,State PCB,Pending,Verified,/documents/training_certificate/OD-001/0597.pdf,3368,Sita Devi,2022-01-31 00:00:00
DOC-00598,CG-002,First Aid Certificate,Fir-0598-2023,2022-05-09,2025-05-08,CPCB,Extracted,Expired,/documents/first_aid_certificate/CG-002/0598.pdf,2166,Sita Devi,2022-05-21 00:00:00
DOC-00599,JH-003,First Aid Certificate,Fir-0599-2023,2022-11-21,2023-11-21,Insurance Company,Extracted,Expired,/documents/first_aid_certificate/JH-003/0599.pdf,3595,Amit Patel,2022-12-02 00:00:00
DOC-00600,JH-002,Training Certificate,Tra-0600-2023,2023-06-17,2026-06-16,State PCB,Extracted,Expired,/documents/training_certificate/JH-002/0600.pdf,1515,Rajesh Kumar,2023-07-15 00:00:00
DOC-00601,JH-003,Fire Safety Certificate,Fir-0601-2023,2023-12-18,2028-12-16,Insurance Company,Extracted,Verified,/documents/fire_safety_certificate/JH-003/0601.pdf,3743,Amit Patel,2024-01-05 00:00:00
DOC-00602,CG-001,Insurance Certificate,Ins-0602-2023,2022-07-18,2024-07-17,State PCB,Extracted,Expired,/documents/insurance_certificate/CG-001/0602.pdf,2083,Rajesh Kumar,2022-07-28 00:00:00
DOC-00603,CG-002,Insurance Certificate,Ins-0603-2023,2022-07-18,2027-07-17,CPCB,Pending,Verified,/documents/insurance_certificate/CG-002/0603.pdf,2265,Amit Patel,2022-07-23 00:00:00
DOC-00604,JH-003,Fire Safety Certificate,Fir-0604-2023,2022-03-22,2027-03-21,Insurance Company,Extracted,Verified,/documents/fire_safety_certificate/JH-003/0604.pdf,1899,Amit Patel,2022-04-14 00:00:00
DOC-00605,OD-002,Explosives Licence,Exp-0605-2023,2022-11-14,2026-11-13,State Government,Extracted,Verified,/documents/explosives_licence/OD-002/0605.pdf,4182,Amit Patel,2022-12-06 00:00:00
DOC-00606,OD-002,Audit Report,Aud-0606-2023,2023-08-08,2028-08-06,State Government,Extracted,Verified,/documents/audit_report/OD-002/0606.pdf,4756,Rajesh Kumar,2023-08-20 00:00:00
DOC-00607,JH-001,Mining Lease,Min-0607-2023,2023-09-13,2025-09-12,CPCB,Failed,Expired,/documents/mining_lease/JH-001/0607.pdf,4881,Rajesh Kumar,2023-10-07 00:00:00
DOC-00608,JH-003,Audit Report,Aud-0608-2023,2023-04-30,2025-04-29,Insurance Company,Extracted,Expired,/documents/audit_report/JH-003/0608.pdf,1254,Sita Devi,2023-05-12 00:00:00
DOC-00609,OD-001,Safety Certificate,Saf-0609-2023,2023-04-24,2028-04-22,State Government,Extracted,Verified,/documents/safety_certificate/OD-001/0609.pdf,3836,Amit Patel,2023-04-25 00:00:00
DOC-00610,JH-003,Explosives Licence,Exp-0610-2023,2022-11-13,2025-11-12,DGMS,Extracted,Expired,/documents/explosives_licence/JH-003/0610.pdf,1668,Amit Patel,2022-12-13 00:00:00
DOC-00611,JH-003,Training Certificate,Tra-0611-2023,2023-08-14,2026-08-13,State Government,Extracted,Expired,/documents/training_certificate/JH-003/0611.pdf,1987,Amit Patel,2023-09-10 00:00:00
DOC-00612,JH-001,Mining Lease,Min-0612-2023,2023-04-25,2028-04-23,State Government,Extracted,Verified,/documents/mining_lease/JH-001/0612.pdf,2339,Rajesh Kumar,2023-05-03 00:00:00
DOC-00613,OD-002,Explosives Licence,Exp-0613-2023,2022-01-18,2023-01-18,CPCB,Extracted,Expired,/documents/explosives_licence/OD-002/0613.pdf,1086,Sita Devi,2022-02-10 00:00:00
DOC-00614,JH-001,Mining Lease,Min-0614-2023,2022-12-03,2023-12-03,Insurance Company,Extracted,Expired,/documents/mining_lease/JH-001/0614.pdf,4979,Sita Devi,2022-12-17 00:00:00
DOC-00615,JH-003,Fire Safety Certificate,Fir-0615-2023,2023-12-13,2025-12-12,CPCB,Pending,Expired,/documents/fire_safety_certificate/JH-003/0615.pdf,3538,Rajesh Kumar,2024-01-04 00:00:00
DOC-00616,CG-002,Training Certificate,Tra-0616-2023,2022-04-21,2025-04-20,DGMS,Pending,Expired,/documents/training_certificate/CG-002/0616.pdf,1684,Sita Devi,2022-05-05 00:00:00
DOC-00617,OD-002,Explosives Licence,Exp-0617-2023,2022-07-06,2026-07-05,State Government,Extracted,Expired,/documents/explosives_licence/OD-002/0617.pdf,2637,Rajesh Kumar,2022-07-31 00:00:00
DOC-00618,CG-001,Safety Certificate,Saf-0618-2023,2023-06-12,2026-06-11,Insurance Company,Extracted,Expired,/documents/safety_certificate/CG-001/0618.pdf,4444,Amit Patel,2023-07-07 00:00:00
DOC-00619,JH-003,Fire Safety Certificate,Fir-0619-2023,2023-05-14,2025-05-13,State PCB,Extracted,Expired,/documents/fire_safety_certificate/JH-003/0619.pdf,3776,Rajesh Kumar,2023-05-30 00:00:00
DOC-00620,CG-002,Mining Lease,Min-0620-2023,2022-03-21,2024-03-20,State Government,Extracted,Expired,/documents/mining_lease/CG-002/0620.pdf,1567,Rajesh Kumar,2022-03-26 00:00:00
DOC-00621,JH-001,Explosives Licence,Exp-0621-2023,2022-02-04,2027-02-03,CPCB,Extracted,Verified,/documents/explosives_licence/JH-001/0621.pdf,4344,Amit Patel,2022-02-05 00:00:00
DOC-00622,JH-002,Explosives Licence,Exp-0622-2023,2022-03-11,2025-03-10,DGMS,Failed,Expired,/documents/explosives_licence/JH-002/0622.pdf,2863,Amit Patel,2022-03-14 00:00:00
DOC-00623,OD-002,First Aid Certificate,Fir-0623-2023,2023-04-21,2025-04-20,State PCB,Extracted,Expired,/documents/first_aid_certificate/OD-002/0623.pdf,4588,Sita Devi,2023-04-30 00:00:00
DOC-00624,OD-001,Environmental Clearance,Env-0624-2023,2022-02-14,2026-02-13,Insurance Company,Pending,Expired,/documents/environmental_clearance/OD-001/0624.pdf,643,Sita Devi,2022-02-28 00:00:00
DOC-00625,JH-001,Audit Report,Aud-0625-2023,2022-06-30,2023-06-30,Insurance Company,Extracted,Expired,/documents/audit_report/JH-001/0625.pdf,886,Sita Devi,2022-07-28 00:00:00
DOC-00626,JH-001,Training Certificate,Tra-0626-2023,2022-08-14,2026-08-13,DGMS,Extracted,Expired,/documents/training_certificate/JH-001/0626.pdf,3140,Rajesh Kumar,2022-08-29 00:00:00
DOC-00627,CG-001,First Aid Certificate,Fir-0627-2023,2022-11-05,2023-11-05,DGMS,Extracted,Expired,/documents/first_aid_certificate/CG-001/0627.pdf,4886,Amit Patel,2022-11-22 00:00:00
DOC-00628,OD-002,Mining Lease,Min-0628-2023,2022-02-15,2026-02-14,State PCB,Extracted,Expired,/documents/mining_lease/OD-002/0628.pdf,2859,Sita Devi,2022-03-14 00:00:00
DOC-00629,,Audit Report,Aud-0629-2023,2023-11-06,2026-11-05,Insurance Company,Extracted,Verified,/documents/audit_report/global/0629.pdf,2799,Sita Devi,2023-11-28 00:00:00
DOC-00630,OD-001,Mining Lease,Min-0630-2023,2022-09-22,2024-09-21,State Government,Extracted,Expired,/documents/mining_lease/OD-001/0630.pdf,1842,Amit Patel,2022-10-16 00:00:00
DOC-00631,JH-003,Fire Safety Certificate,Fir-0631-2023,2022-11-25,2024-11-24,DGMS,Extracted,Expired,/documents/fire_safety_certificate/JH-003/0631.pdf,3459,Amit Patel,2022-12-14 00:00:00
DOC-00632,JH-001,Explosives Licence,Exp-0632-2023,2022-09-30,2024-09-29,CPCB,Failed,Expired,/documents/explosives_licence/JH-001/0632.pdf,4443,Sita Devi,2022-10-28 00:00:00
DOC-00633,CG-002,Insurance Certificate,Ins-0633-2023,2023-03-16,2028-03-14,CPCB,Extracted,Pending,/documents/insurance_certificate/CG-002/0633.pdf,892,Sita Devi,2023-03-25 00:00:00
DOC-00634,CG-002,Explosives Licence,Exp-0634-2023,2023-07-02,2027-07-01,State PCB,Extracted,Verified,/documents/explosives_licence/CG-002/0634.pdf,4434,Amit Patel,2023-07-11 00:00:00
DOC-00635,OD-001,Explosives Licence,Exp-0635-2023,2023-03-15,2028-03-13,Insurance Company,Extracted,Verified,/documents/explosives_licence/OD-001/0635.pdf,507,Rajesh Kumar,2023-03-26 00:00:00
DOC-00636,OD-002,Insurance Certificate,Ins-0636-2023,2022-03-29,2025-03-28,DGMS,Pending,Expired,/documents/insurance_certificate/OD-002/0636.pdf,4306,Rajesh Kumar,2022-04-26 00:00:00
DOC-00637,CG-002,Environmental Clearance,Env-0637-2023,2023-09-03,2025-09-02,State Government,Extracted,Expired,/documents/environmental_clearance/CG-002/0637.pdf,3410,Rajesh Kumar,2023-09-11 00:00:00
DOC-00638,OD-002,Insurance Certificate,Ins-0638-2023,2023-12-13,2025-12-12,State PCB,Pending,Expired,/documents/insurance_certificate/OD-002/0638.pdf,4764,Rajesh Kumar,2024-01-04 00:00:00
DOC-00639,JH-002,Safety Certificate,Saf-0639-2023,2023-12-29,2025-12-28,State PCB,Extracted,Expired,/documents/safety_certificate/JH-002/0639.pdf,2007,Amit Patel,2024-01-17 00:00:00
DOC-00640,CG-002,Training Certificate,Tra-0640-2023,2022-03-16,2026-03-15,Insurance Company,Extracted,Expired,/documents/training_certificate/CG-002/0640.pdf,2911,Amit Patel,2022-04-02 00:00:00
DOC-00641,OD-002,Environmental Clearance,Env-0641-2023,2023-08-12,2025-08-11,State PCB,Failed,Expired,/documents/environmental_clearance/OD-002/0641.pdf,3384,Amit Patel,2023-08-25 00:00:00
DOC-00642,OD-002,Insurance Certificate,Ins-0642-2023,2023-03-10,2024-03-09,State Government,Extracted,Expired,/documents/insurance_certificate/OD-002/0642.pdf,1554,Rajesh Kumar,2023-03-30 00:00:00
DOC-00643,CG-001,Environmental Clearance,Env-0643-2023,2022-09-26,2027-09-25,CPCB,Extracted,Verified,/documents/environmental_clearance/CG-001/0643.pdf,2540,Amit Patel,2022-10-23 00:00:00
DOC-00644,JH-003,Training Certificate,Tra-0644-2023,2022-10-24,2023-10-24,CPCB,Extracted,Expired,/documents/training_certificate/JH-003/0644.pdf,4159,Amit Patel,2022-11-09 00:00:00
DOC-00645,JH-001,Environmental Clearance,Env-0645-2023,2023-08-24,2024-08-23,State PCB,Extracted,Expired,/documents/environmental_clearance/JH-001/0645.pdf,2122,Amit Patel,2023-09-20 00:00:00
DOC-00646,OD-001,Insurance Certificate,Ins-0646-2023,2022-12-01,2025-11-30,State Government,Extracted,Expired,/documents/insurance_certificate/OD-001/0646.pdf,933,Amit Patel,2022-12-31 00:00:00
DOC-00647,OD-001,Fire Safety Certificate,Fir-0647-2023,2023-08-28,2026-08-27,Insurance Company,Extracted,Verified,/documents/fire_safety_certificate/OD-001/0647.pdf,1708,Sita Devi,2023-09-27 00:00:00
DOC-00648,JH-002,Environmental Clearance,Env-0648-2023,2022-07-12,2025-07-11,State PCB,Extracted,Expired,/documents/environmental_clearance/JH-002/0648.pdf,2671,Rajesh Kumar,2022-08-05 00:00:00
DOC-00649,OD-002,Insurance Certificate,Ins-0649-2023,2022-01-08,2027-01-07,State PCB,Pending,Verified,/documents/insurance_certificate/OD-002/0649.pdf,4317,Amit Patel,2022-01-30 00:00:00
DOC-00650,OD-002,Mining Lease,Min-0650-2023,2022-01-03,2025-01-02,CPCB,Extracted,Expired,/documents/mining_lease/OD-002/0650.pdf,1719,Rajesh Kumar,2022-01-14 00:00:00
DOC-00651,OD-002,Explosives Licence,Exp-0651-2023,2022-10-02,2023-10-02,State Government,Extracted,Expired,/documents/explosives_licence/OD-002/0651.pdf,4836,Rajesh Kumar,2022-10-28 00:00:00
DOC-00652,OD-001,First Aid Certificate,Fir-0652-2023,2022-07-25,2023-07-25,State Government,Extracted,Expired,/documents/first_aid_certificate/OD-001/0652.pdf,806,Amit Patel,2022-08-21 00:00:00
DOC-00653,OD-002,Audit Report,Aud-0653-2023,2023-10-15,2025-10-14,DGMS,Extracted,Expired,/documents/audit_report/OD-002/0653.pdf,1159,Sita Devi,2023-10-16 00:00:00
DOC-00654,CG-001,Environmental Clearance,Env-0654-2023,2022-01-28,2026-01-27,Insurance Company,Extracted,Expired,/documents/environmental_clearance/CG-001/0654.pdf,1392,Rajesh Kumar,2022-02-08 00:00:00
DOC-00655,JH-001,Safety Certificate,Saf-0655-2023,2022-08-14,2023-08-14,CPCB,Extracted,Expired,/documents/safety_certificate/JH-001/0655.pdf,1550,Rajesh Kumar,2022-08-16 00:00:00
DOC-00656,JH-002,First Aid Certificate,Fir-0656-2023,2022-09-22,2024-09-21,DGMS,Extracted,Expired,/documents/first_aid_certificate/JH-002/0656.pdf,4921,Sita Devi,2022-09-29 00:00:00
DOC-00657,JH-002,Explosives Licence,Exp-0657-2023,2022-03-01,2025-02-28,DGMS,Pending,Expired,/documents/explosives_licence/JH-002/0657.pdf,3850,Rajesh Kumar,2022-03-30 00:00:00
DOC-00658,CG-001,Training Certificate,Tra-0658-2023,2023-01-31,2024-01-31,DGMS,Extracted,Expired,/documents/training_certificate/CG-001/0658.pdf,1683,Sita Devi,2023-02-08 00:00:00
DOC-00659,CG-002,Environmental Clearance,Env-0659-2023,2023-01-04,2026-01-03,CPCB,Pending,Expired,/documents/environmental_clearance/CG-002/0659.pdf,4891,Rajesh Kumar,2023-01-05 00:00:00
DOC-00660,OD-002,Audit Report,Aud-0660-2023,2023-11-03,2026-11-02,State PCB,Extracted,Verified,/documents/audit_report/OD-002/0660.pdf,4883,Sita Devi,2023-11-08 00:00:00
DOC-00661,OD-001,Explosives Licence,Exp-0661-2023,2023-04-20,2027-04-19,CPCB,Pending,Verified,/documents/explosives_licence/OD-001/0661.pdf,2044,Rajesh Kumar,2023-05-13 00:00:00
DOC-00662,CG-001,Explosives Licence,Exp-0662-2023,2022-01-15,2024-01-15,State PCB,Extracted,Expired,/documents/explosives_licence/CG-001/0662.pdf,4252,Rajesh Kumar,2022-02-07 00:00:00
DOC-00663,CG-001,First Aid Certificate,Fir-0663-2023,2023-12-16,2024-12-15,DGMS,Extracted,Expired,/documents/first_aid_certificate/CG-001/0663.pdf,4801,Amit Patel,2024-01-06 00:00:00
DOC-00664,CG-002,Explosives Licence,Exp-0664-2023,2023-11-07,2026-11-06,State PCB,Extracted,Pending,/documents/explosives_licence/CG-002/0664.pdf,2551,Sita Devi,2023-11-08 00:00:00
DOC-00665,CG-002,Training Certificate,Tra-0665-2023,2023-09-01,2027-08-31,DGMS,Extracted,Verified,/documents/training_certificate/CG-002/0665.pdf,2625,Amit Patel,2023-09-03 00:00:00
DOC-00666,JH-003,Fire Safety Certificate,Fir-0666-2023,2023-03-15,2024-03-14,DGMS,Extracted,Expired,/documents/fire_safety_certificate/JH-003/0666.pdf,3190,Amit Patel,2023-04-06 00:00:00
DOC-00667,JH-001,Fire Safety Certificate,Fir-0667-2023,2022-08-16,2023-08-16,State Government,Extracted,Expired,/documents/fire_safety_certificate/JH-001/0667.pdf,966,Rajesh Kumar,2022-08-23 00:00:00
DOC-00668,OD-001,Fire Safety Certificate,Fir-0668-2023,2023-10-22,2026-10-21,CPCB,Extracted,Verified,/documents/fire_safety_certificate/OD-001/0668.pdf,3010,Sita Devi,2023-11-05 00:00:00
DOC-00669,OD-002,Safety Certificate,Saf-0669-2023,2023-12-03,2025-12-02,DGMS,Extracted,Expired,/documents/safety_certificate/OD-002/0669.pdf,4784,Rajesh Kumar,2023-12-27 00:00:00
DOC-00670,JH-001,Explosives Licence,Exp-0670-2023,2022-06-09,2027-06-08,CPCB,Extracted,Pending,/documents/explosives_licence/JH-001/0670.pdf,4411,Sita Devi,2022-07-02 00:00:00
DOC-00671,OD-001,Audit Report,Aud-0671-2023,2022-05-19,2024-05-18,DGMS,Extracted,Expired,/documents/audit_report/OD-001/0671.pdf,780,Amit Patel,2022-06-06 00:00:00
DOC-00672,CG-001,Training Certificate,Tra-0672-2023,2022-08-31,2024-08-30,DGMS,Extracted,Expired,/documents/training_certificate/CG-001/0672.pdf,1089,Rajesh Kumar,2022-09-18 00:00:00
DOC-00673,CG-001,Training Certificate,Tra-0673-2023,2022-03-09,2025-03-08,CPCB,Extracted,Expired,/documents/training_certificate/CG-001/0673.pdf,660,Rajesh Kumar,2022-04-04 00:00:00
DOC-00674,OD-002,Safety Certificate,Saf-0674-2023,2023-05-19,2026-05-18,State PCB,Extracted,Expired,/documents/safety_certificate/OD-002/0674.pdf,2311,Amit Patel,2023-06-06 00:00:00
DOC-00675,OD-001,Mining Lease,Min-0675-2023,2023-11-01,2026-10-31,Insurance Company,Extracted,Verified,/documents/mining_lease/OD-001/0675.pdf,1140,Amit Patel,2023-11-16 00:00:00
DOC-00676,JH-002,Explosives Licence,Exp-0676-2023,2022-09-21,2025-09-20,Insurance Company,Extracted,Expired,/documents/explosives_licence/JH-002/0676.pdf,1298,Sita Devi,2022-09-25 00:00:00
DOC-00677,CG-002,Insurance Certificate,Ins-0677-2023,2022-07-03,2027-07-02,DGMS,Extracted,Verified,/documents/insurance_certificate/CG-002/0677.pdf,4458,Amit Patel,2022-07-16 00:00:00
DOC-00678,OD-002,First Aid Certificate,Fir-0678-2023,2023-08-05,2024-08-04,DGMS,Extracted,Expired,/documents/first_aid_certificate/OD-002/0678.pdf,1182,Rajesh Kumar,2023-08-24 00:00:00
DOC-00679,JH-002,Fire Safety Certificate,Fir-0679-2023,2022-01-27,2026-01-26,State PCB,Extracted,Expired,/documents/fire_safety_certificate/JH-002/0679.pdf,1144,Amit Patel,2022-02-04 00:00:00
DOC-00680,CG-002,Explosives Licence,Exp-0680-2023,2023-05-14,2028-05-12,Insurance Company,Extracted,Verified,/documents/explosives_licence/CG-002/0680.pdf,4113,Sita Devi,2023-06-11 00:00:00
DOC-00681,CG-002,Audit Report,Aud-0681-2023,2023-10-19,2026-10-18,State Government,Extracted,Pending,/documents/audit_report/CG-002/0681.pdf,3445,Sita Devi,2023-11-17 00:00:00
DOC-00682,OD-002,Fire Safety Certificate,Fir-0682-2023,2023-01-26,2027-01-25,CPCB,Extracted,Verified,/documents/fire_safety_certificate/OD-002/0682.pdf,4666,Rajesh Kumar,2023-02-08 00:00:00
DOC-00683,JH-002,Mining Lease,Min-0683-2023,2023-04-23,2027-04-22,DGMS,Extracted,Verified,/documents/mining_lease/JH-002/0683.pdf,2957,Sita Devi,2023-05-15 00:00:00
DOC-00684,JH-001,Training Certificate,Tra-0684-2023,2022-10-03,2024-10-02,CPCB,Pending,Expired,/documents/training_certificate/JH-001/0684.pdf,2639,Rajesh Kumar,2022-10-27 00:00:00
DOC-00685,,Environmental Clearance,Env-0685-2023,2023-02-26,2026-02-25,State PCB,Extracted,Expired,/documents/environmental_clearance/global/0685.pdf,772,Rajesh Kumar,2023-03-11 00:00:00
DOC-00686,CG-002,Fire Safety Certificate,Fir-0686-2023,2022-02-06,2025-02-05,State PCB,Extracted,Expired,/documents/fire_safety_certificate/CG-002/0686.pdf,3402,Rajesh Kumar,2022-02-12 00:00:00
DOC-00687,CG-002,Fire Safety Certificate,Fir-0687-2023,2022-07-03,2023-07-03,State PCB,Extracted,Expired,/documents/fire_safety_certificate/CG-002/0687.pdf,1439,Sita Devi,2022-07-22 00:00:00
DOC-00688,JH-001,Environmental Clearance,Env-0688-2023,2023-08-18,2024-08-17,State Government,Extracted,Expired,/documents/environmental_clearance/JH-001/0688.pdf,4472,Rajesh Kumar,2023-08-24 00:00:00
DOC-00689,CG-001,Safety Certificate,Saf-0689-2023,2023-11-07,2027-11-06,State PCB,Extracted,Verified,/documents/safety_certificate/CG-001/0689.pdf,3189,Amit Patel,2023-11-14 00:00:00
DOC-00690,OD-001,First Aid Certificate,Fir-0690-2023,2023-09-25,2028-09-23,CPCB,Extracted,Verified,/documents/first_aid_certificate/OD-001/0690.pdf,4715,Amit Patel,2023-10-14 00:00:00
DOC-00691,CG-001,Explosives Licence,Exp-0691-2023,2023-04-01,2026-03-31,DGMS,Pending,Expired,/documents/explosives_licence/CG-001/0691.pdf,3885,Sita Devi,2023-04-17 00:00:00
DOC-00692,OD-001,Safety Certificate,Saf-0692-2023,2023-01-18,2026-01-17,State PCB,Extracted,Expired,/documents/safety_certificate/OD-001/0692.pdf,4753,Rajesh Kumar,2023-02-15 00:00:00
DOC-00693,OD-002,Explosives Licence,Exp-0693-2023,2022-03-23,2027-03-22,CPCB,Extracted,Pending,/documents/explosives_licence/OD-002/0693.pdf,1444,Sita Devi,2022-04-05 00:00:00
DOC-00694,JH-001,Audit Report,Aud-0694-2023,2023-05-19,2028-05-17,CPCB,Extracted,Verified,/documents/audit_report/JH-001/0694.pdf,4555,Sita Devi,2023-06-02 00:00:00
DOC-00695,OD-001,Explosives Licence,Exp-0695-2023,2023-04-12,2024-04-11,State PCB,Pending,Expired,/documents/explosives_licence/OD-001/0695.pdf,1856,Rajesh Kumar,2023-04-23 00:00:00
DOC-00696,JH-002,First Aid Certificate,Fir-0696-2023,2023-02-22,2026-02-21,Insurance Company,Pending,Expired,/documents/first_aid_certificate/JH-002/0696.pdf,3790,Amit Patel,2023-03-11 00:00:00
DOC-00697,OD-001,Explosives Licence,Exp-0697-2023,2023-07-11,2025-07-10,State PCB,Extracted,Expired,/documents/explosives_licence/OD-001/0697.pdf,2606,Sita Devi,2023-08-09 00:00:00
DOC-00698,JH-002,Insurance Certificate,Ins-0698-2023,2022-04-24,2024-04-23,State Government,Extracted,Expired,/documents/insurance_certificate/JH-002/0698.pdf,2521,Sita Devi,2022-04-27 00:00:00
DOC-00699,JH-001,Training Certificate,Tra-0699-2023,2022-04-22,2026-04-21,Insurance Company,Extracted,Expired,/documents/training_certificate/JH-001/0699.pdf,1043,Sita Devi,2022-05-07 00:00:00
DOC-00700,CG-001,Mining Lease,Min-0700-2023,2023-01-05,2024-01-05,CPCB,Extracted,Expired,/documents/mining_lease/CG-001/0700.pdf,2500,Sita Devi,2023-01-25 00:00:00
DOC-00701,JH-003,Fire Safety Certificate,Fir-0701-2023,2023-03-21,2028-03-19,CPCB,Extracted,Verified,/documents/fire_safety_certificate/JH-003/0701.pdf,1133,Rajesh Kumar,2023-04-03 00:00:00
DOC-00702,OD-001,Environmental Clearance,Env-0702-2023,2023-02-06,2025-02-05,State Government,Extracted,Expired,/documents/environmental_clearance/OD-001/0702.pdf,3011,Rajesh Kumar,2023-02-16 00:00:00
DOC-00703,JH-003,Audit Report,Aud-0703-2023,2022-10-21,2026-10-20,CPCB,Pending,Verified,/documents/audit_report/JH-003/0703.pdf,2364,Sita Devi,2022-10-23 00:00:00
DOC-00704,CG-001,Audit Report,Aud-0704-2023,2022-01-11,2027-01-10,State PCB,Failed,Verified,/documents/audit_report/CG-001/0704.pdf,3383,Rajesh Kumar,2022-01-27 00:00:00
DOC-00705,CG-002,Fire Safety Certificate,Fir-0705-2023,2023-02-13,2028-02-12,State Government,Extracted,Verified,/documents/fire_safety_certificate/CG-002/0705.pdf,1580,Amit Patel,2023-03-09 00:00:00
DOC-00706,OD-001,First Aid Certificate,Fir-0706-2023,2022-12-16,2024-12-15,Insurance Company,Extracted,Expired,/documents/first_aid_certificate/OD-001/0706.pdf,2101,Rajesh Kumar,2023-01-15 00:00:00
DOC-00707,OD-001,Explosives Licence,Exp-0707-2023,2022-08-25,2027-08-24,DGMS,Extracted,Verified,/documents/explosives_licence/OD-001/0707.pdf,3231,Sita Devi,2022-08-30 00:00:00
DOC-00708,OD-002,Safety Certificate,Saf-0708-2023,2023-10-17,2026-10-16,State PCB,Extracted,Rejected,/documents/safety_certificate/OD-002/0708.pdf,2030,Sita Devi,2023-10-22 00:00:00
DOC-00709,JH-003,Environmental Clearance,Env-0709-2023,2023-03-25,2026-03-24,Insurance Company,Extracted,Expired,/documents/environmental_clearance/JH-003/0709.pdf,4015,Sita Devi,2023-04-22 00:00:00
DOC-00710,CG-001,Mining Lease,Min-0710-2023,2022-07-28,2026-07-27,State Government,Extracted,Expired,/documents/mining_lease/CG-001/0710.pdf,1113,Amit Patel,2022-08-19 00:00:00
DOC-00711,JH-003,Safety Certificate,Saf-0711-2023,2023-12-25,2028-12-23,State Government,Extracted,Verified,/documents/safety_certificate/JH-003/0711.pdf,3200,Sita Devi,2024-01-02 00:00:00
DOC-00712,OD-001,Safety Certificate,Saf-0712-2023,2023-12-08,2028-12-06,State Government,Extracted,Verified,/documents/safety_certificate/OD-001/0712.pdf,828,Sita Devi,2024-01-03 00:00:00
DOC-00713,JH-001,Environmental Clearance,Env-0713-2023,2022-03-24,2025-03-23,State PCB,Pending,Expired,/documents/environmental_clearance/JH-001/0713.pdf,2177,Rajesh Kumar,2022-04-23 00:00:00
DOC-00714,OD-002,Training Certificate,Tra-0714-2023,2023-01-24,2024-01-24,State Government,Extracted,Expired,/documents/training_certificate/OD-002/0714.pdf,3663,Amit Patel,2023-01-30 00:00:00
DOC-00715,CG-002,Mining Lease,Min-0715-2023,2023-05-02,2028-04-30,DGMS,Pending,Verified,/documents/mining_lease/CG-002/0715.pdf,3744,Rajesh Kumar,2023-05-26 00:00:00
DOC-00716,JH-003,Safety Certificate,Saf-0716-2023,2022-02-05,2027-02-04,State PCB,Extracted,Verified,/documents/safety_certificate/JH-003/0716.pdf,4356,Sita Devi,2022-03-07 00:00:00
DOC-00717,JH-002,Training Certificate,Tra-0717-2023,2023-09-17,2025-09-16,State Government,Failed,Expired,/documents/training_certificate/JH-002/0717.pdf,1434,Rajesh Kumar,2023-10-08 00:00:00
DOC-00718,CG-001,Audit Report,Aud-0718-2023,2022-04-01,2023-04-01,DGMS,Extracted,Expired,/documents/audit_report/CG-001/0718.pdf,3639,Rajesh Kumar,2022-04-02 00:00:00
DOC-00719,JH-003,First Aid Certificate,Fir-0719-2023,2023-08-07,2024-08-06,Insurance Company,Extracted,Expired,/documents/first_aid_certificate/JH-003/0719.pdf,2808,Sita Devi,2023-08-09 00:00:00
DOC-00720,OD-002,Training Certificate,Tra-0720-2023,2022-03-19,2026-03-18,DGMS,Extracted,Expired,/documents/training_certificate/OD-002/0720.pdf,731,Sita Devi,2022-04-16 00:00:00
DOC-00721,CG-001,First Aid Certificate,Fir-0721-2023,2022-12-08,2027-12-07,State PCB,Extracted,Verified,/documents/first_aid_certificate/CG-001/0721.pdf,1554,Amit Patel,2022-12-16 00:00:00
DOC-00722,,Mining Lease,Min-0722-2023,2023-09-18,2026-09-17,DGMS,Extracted,Verified,/documents/mining_lease/global/0722.pdf,3859,Sita Devi,2023-10-07 00:00:00
DOC-00723,JH-003,Environmental Clearance,Env-0723-2023,2022-01-10,2027-01-09,DGMS,Extracted,Verified,/documents/environmental_clearance/JH-003/0723.pdf,1002,Rajesh Kumar,2022-01-22 00:00:00
DOC-00724,CG-001,Fire Safety Certificate,Fir-0724-2023,2022-05-21,2027-05-20,DGMS,Extracted,Verified,/documents/fire_safety_certificate/CG-001/0724.pdf,4658,Sita Devi,2022-06-19 00:00:00
DOC-00725,CG-002,Safety Certificate,Saf-0725-2023,2023-03-31,2025-03-30,CPCB,Extracted,Expired,/documents/safety_certificate/CG-002/0725.pdf,2351,Amit Patel,2023-04-20 00:00:00
DOC-00726,,Safety Certificate,Saf-0726-2023,2023-11-28,2028-11-26,State Government,Pending,Verified,/documents/safety_certificate/global/0726.pdf,578,Amit Patel,2023-12-27 00:00:00
DOC-00727,CG-001,Fire Safety Certificate,Fir-0727-2023,2023-03-15,2028-03-13,State PCB,Extracted,Verified,/documents/fire_safety_certificate/CG-001/0727.pdf,2845,Rajesh Kumar,2023-04-13 00:00:00
DOC-00728,OD-002,Insurance Certificate,Ins-0728-2023,2022-08-12,2023-08-12,Insurance Company,Extracted,Expired,/documents/insurance_certificate/OD-002/0728.pdf,4416,Sita Devi,2022-08-13 00:00:00
DOC-00729,JH-002,Audit Report,Aud-0729-2023,2022-08-11,2024-08-10,CPCB,Extracted,Expired,/documents/audit_report/JH-002/0729.pdf,1807,Sita Devi,2022-09-08 00:00:00
DOC-00730,OD-001,Training Certificate,Tra-0730-2023,2022-12-30,2024-12-29,State PCB,Extracted,Expired,/documents/training_certificate/OD-001/0730.pdf,1441,Rajesh Kumar,2023-01-26 00:00:00
DOC-00731,JH-001,Environmental Clearance,Env-0731-2023,2022-04-19,2024-04-18,CPCB,Extracted,Expired,/documents/environmental_clearance/JH-001/0731.pdf,4523,Amit Patel,2022-05-11 00:00:00
DOC-00732,JH-001,Training Certificate,Tra-0732-2023,2022-11-23,2023-11-23,DGMS,Extracted,Expired,/documents/training_certificate/JH-001/0732.pdf,4568,Amit Patel,2022-12-14 00:00:00
DOC-00733,OD-002,Explosives Licence,Exp-0733-2023,2022-03-02,2027-03-01,State PCB,Pending,Verified,/documents/explosives_licence/OD-002/0733.pdf,4658,Sita Devi,2022-03-30 00:00:00
DOC-00734,CG-001,Insurance Certificate,Ins-0734-2023,2023-02-04,2025-02-03,CPCB,Pending,Expired,/documents/insurance_certificate/CG-001/0734.pdf,4349,Rajesh Kumar,2023-02-09 00:00:00
DOC-00735,JH-002,Insurance Certificate,Ins-0735-2023,2022-10-25,2025-10-24,State Government,Extracted,Expired,/documents/insurance_certificate/JH-002/0735.pdf,4321,Sita Devi,2022-11-06 00:00:00
DOC-00736,,Training Certificate,Tra-0736-2023,2023-10-13,2028-10-11,State Government,Extracted,Verified,/documents/training_certificate/global/0736.pdf,1417,Amit Patel,2023-10-24 00:00:00
DOC-00737,JH-001,Fire Safety Certificate,Fir-0737-2023,2022-11-16,2027-11-15,State Government,Extracted,Verified,/documents/fire_safety_certificate/JH-001/0737.pdf,4411,Rajesh Kumar,2022-12-15 00:00:00
DOC-00738,JH-003,Safety Certificate,Saf-0738-2023,2023-05-30,2027-05-29,State Government,Extracted,Pending,/documents/safety_certificate/JH-003/0738.pdf,696,Amit Patel,2023-06-09 00:00:00
DOC-00739,JH-003,Training Certificate,Tra-0739-2023,2023-08-15,2024-08-14,State Government,Extracted,Expired,/documents/training_certificate/JH-003/0739.pdf,2523,Sita Devi,2023-09-13 00:00:00
DOC-00740,JH-002,Audit Report,Aud-0740-2023,2023-07-07,2028-07-05,DGMS,Extracted,Verified,/documents/audit_report/JH-002/0740.pdf,1554,Amit Patel,2023-07-23 00:00:00
DOC-00741,,Fire Safety Certificate,Fir-0741-2023,2022-08-29,2026-08-28,State PCB,Extracted,Verified,/documents/fire_safety_certificate/global/0741.pdf,1312,Rajesh Kumar,2022-09-10 00:00:00
DOC-00742,OD-002,Fire Safety Certificate,Fir-0742-2023,2022-09-02,2024-09-01,Insurance Company,Extracted,Expired,/documents/fire_safety_certificate/OD-002/0742.pdf,855,Sita Devi,2022-09-26 00:00:00
DOC-00743,OD-001,Audit Report,Aud-0743-2023,2022-12-20,2025-12-19,DGMS,Extracted,Expired,/documents/audit_report/OD-001/0743.pdf,4737,Sita Devi,2023-01-13 00:00:00
DOC-00744,CG-002,Explosives Licence,Exp-0744-2023,2022-11-05,2023-11-05,Insurance Company,Failed,Expired,/documents/explosives_licence/CG-002/0744.pdf,2717,Rajesh Kumar,2022-11-16 00:00:00
DOC-00745,CG-001,Mining Lease,Min-0745-2023,2022-10-26,2026-10-25,State Government,Extracted,Verified,/documents/mining_lease/CG-001/0745.pdf,2887,Rajesh Kumar,2022-11-23 00:00:00
DOC-00746,JH-003,First Aid Certificate,Fir-0746-2023,2023-06-01,2026-05-31,CPCB,Failed,Expired,/documents/first_aid_certificate/JH-003/0746.pdf,4438,Rajesh Kumar,2023-06-08 00:00:00
DOC-00747,JH-002,Insurance Certificate,Ins-0747-2023,2023-12-02,2027-12-01,Insurance Company,Extracted,Verified,/documents/insurance_certificate/JH-002/0747.pdf,3229,Sita Devi,2023-12-26 00:00:00
DOC-00748,OD-002,Environmental Clearance,Env-0748-2023,2023-04-05,2028-04-03,DGMS,Extracted,Verified,/documents/environmental_clearance/OD-002/0748.pdf,1591,Sita Devi,2023-04-14 00:00:00
DOC-00749,CG-002,Training Certificate,Tra-0749-2023,2023-10-26,2026-10-25,State Government,Extracted,Verified,/documents/training_certificate/CG-002/0749.pdf,3706,Sita Devi,2023-11-18 00:00:00
DOC-00750,JH-002,Explosives Licence,Exp-0750-2023,2022-04-23,2025-04-22,State Government,Extracted,Expired,/documents/explosives_licence/JH-002/0750.pdf,3059,Amit Patel,2022-05-20 00:00:00
DOC-00751,OD-001,Safety Certificate,Saf-0751-2023,2022-12-19,2026-12-18,Insurance Company,Extracted,Verified,/documents/safety_certificate/OD-001/0751.pdf,3271,Rajesh Kumar,2022-12-30 00:00:00
DOC-00752,JH-001,First Aid Certificate,Fir-0752-2023,2023-10-09,2025-10-08,State Government,Extracted,Expired,/documents/first_aid_certificate/JH-001/0752.pdf,3678,Amit Patel,2023-11-03 00:00:00
DOC-00753,,Insurance Certificate,Ins-0753-2023,2022-09-26,2027-09-25,CPCB,Extracted,Verified,/documents/insurance_certificate/global/0753.pdf,4109,Amit Patel,2022-10-07 00:00:00
DOC-00754,CG-002,Training Certificate,Tra-0754-2023,2022-02-14,2027-02-13,CPCB,Extracted,Pending,/documents/training_certificate/CG-002/0754.pdf,4575,Amit Patel,2022-02-28 00:00:00
DOC-00755,CG-001,Fire Safety Certificate,Fir-0755-2023,2022-05-06,2025-05-05,State PCB,Extracted,Expired,/documents/fire_safety_certificate/CG-001/0755.pdf,4935,Sita Devi,2022-06-04 00:00:00
DOC-00756,OD-002,Environmental Clearance,Env-0756-2023,2022-03-18,2023-03-18,DGMS,Extracted,Expired,/documents/environmental_clearance/OD-002/0756.pdf,2556,Rajesh Kumar,2022-04-11 00:00:00
DOC-00757,JH-003,Fire Safety Certificate,Fir-0757-2023,2022-06-15,2027-06-14,CPCB,Extracted,Verified,/documents/fire_safety_certificate/JH-003/0757.pdf,4753,Amit Patel,2022-06-17 00:00:00
DOC-00758,CG-001,Safety Certificate,Saf-0758-2023,2023-02-15,2026-02-14,CPCB,Extracted,Expired,/documents/safety_certificate/CG-001/0758.pdf,2327,Amit Patel,2023-02-21 00:00:00
DOC-00759,CG-002,Environmental Clearance,Env-0759-2023,2023-08-06,2024-08-05,CPCB,Extracted,Expired,/documents/environmental_clearance/CG-002/0759.pdf,2485,Amit Patel,2023-08-20 00:00:00
DOC-00760,OD-001,Insurance Certificate,Ins-0760-2023,2022-04-23,2025-04-22,State PCB,Extracted,Expired,/documents/insurance_certificate/OD-001/0760.pdf,717,Rajesh Kumar,2022-04-26 00:00:00
DOC-00761,JH-001,Training Certificate,Tra-0761-2023,2022-08-25,2024-08-24,CPCB,Pending,Expired,/documents/training_certificate/JH-001/0761.pdf,4157,Rajesh Kumar,2022-09-16 00:00:00
DOC-00762,CG-002,Safety Certificate,Saf-0762-2023,2023-08-31,2026-08-30,CPCB,Extracted,Verified,/documents/safety_certificate/CG-002/0762.pdf,4959,Amit Patel,2023-09-29 00:00:00
DOC-00763,JH-001,Fire Safety Certificate,Fir-0763-2023,2022-03-23,2024-03-22,CPCB,Pending,Expired,/documents/fire_safety_certificate/JH-001/0763.pdf,3089,Sita Devi,2022-04-14 00:00:00
DOC-00764,JH-003,Insurance Certificate,Ins-0764-2023,2023-10-04,2028-10-02,State PCB,Extracted,Verified,/documents/insurance_certificate/JH-003/0764.pdf,3527,Sita Devi,2023-11-01 00:00:00
DOC-00765,CG-001,Fire Safety Certificate,Fir-0765-2023,2023-12-08,2027-12-07,State PCB,Extracted,Verified,/documents/fire_safety_certificate/CG-001/0765.pdf,1557,Rajesh Kumar,2023-12-28 00:00:00
DOC-00766,JH-003,First Aid Certificate,Fir-0766-2023,2022-08-23,2026-08-22,CPCB,Extracted,Expired,/documents/first_aid_certificate/JH-003/0766.pdf,1359,Rajesh Kumar,2022-09-16 00:00:00
DOC-00767,CG-001,Audit Report,Aud-0767-2023,2022-11-08,2026-11-07,CPCB,Failed,Verified,/documents/audit_report/CG-001/0767.pdf,1948,Sita Devi,2022-11-09 00:00:00
DOC-00768,JH-001,Training Certificate,Tra-0768-2023,2023-01-10,2026-01-09,Insurance Company,Pending,Expired,/documents/training_certificate/JH-001/0768.pdf,3702,Sita Devi,2023-01-25 00:00:00
DOC-00769,OD-002,Fire Safety Certificate,Fir-0769-2023,2023-12-10,2028-12-08,CPCB,Extracted,Rejected,/documents/fire_safety_certificate/OD-002/0769.pdf,2717,Rajesh Kumar,2023-12-27 00:00:00
DOC-00770,JH-001,Audit Report,Aud-0770-2023,2022-09-03,2025-09-02,State PCB,Pending,Expired,/documents/audit_report/JH-001/0770.pdf,4394,Sita Devi,2022-09-25 00:00:00
DOC-00771,JH-002,Environmental Clearance,Env-0771-2023,2022-05-24,2025-05-23,State Government,Pending,Expired,/documents/environmental_clearance/JH-002/0771.pdf,3245,Amit Patel,2022-06-13 00:00:00
DOC-00772,JH-001,Insurance Certificate,Ins-0772-2023,2023-07-28,2027-07-27,State Government,Extracted,Verified,/documents/insurance_certificate/JH-001/0772.pdf,819,Amit Patel,2023-08-14 00:00:00
DOC-00773,CG-002,Training Certificate,Tra-0773-2023,2023-01-18,2024-01-18,CPCB,Extracted,Expired,/documents/training_certificate/CG-002/0773.pdf,3846,Amit Patel,2023-01-27 00:00:00
DOC-00774,OD-002,Fire Safety Certificate,Fir-0774-2023,2023-10-03,2025-10-02,DGMS,Extracted,Expired,/documents/fire_safety_certificate/OD-002/0774.pdf,3902,Amit Patel,2023-10-26 00:00:00
DOC-00775,OD-002,Mining Lease,Min-0775-2023,2022-09-10,2023-09-10,Insurance Company,Extracted,Expired,/documents/mining_lease/OD-002/0775.pdf,1741,Sita Devi,2022-09-23 00:00:00
DOC-00776,JH-001,Environmental Clearance,Env-0776-2023,2022-01-12,2024-01-12,CPCB,Extracted,Expired,/documents/environmental_clearance/JH-001/0776.pdf,1216,Sita Devi,2022-02-11 00:00:00
DOC-00777,JH-003,Insurance Certificate,Ins-0777-2023,2023-03-28,2024-03-27,Insurance Company,Extracted,Expired,/documents/insurance_certificate/JH-003/0777.pdf,2170,Rajesh Kumar,2023-04-23 00:00:00
DOC-00778,OD-001,Safety Certificate,Saf-0778-2023,2023-03-30,2026-03-29,State Government,Extracted,Expired,/documents/safety_certificate/OD-001/0778.pdf,1865,Sita Devi,2023-04-19 00:00:00
DOC-00779,OD-002,Training Certificate,Tra-0779-2023,2023-05-04,2025-05-03,CPCB,Extracted,Expired,/documents/training_certificate/OD-002/0779.pdf,1242,Rajesh Kumar,2023-05-31 00:00:00
DOC-00780,JH-002,Explosives Licence,Exp-0780-2023,2022-02-18,2023-02-18,State PCB,Extracted,Expired,/documents/explosives_licence/JH-002/0780.pdf,4355,Rajesh Kumar,2022-03-19 00:00:00
DOC-00781,CG-002,Explosives Licence,Exp-0781-2023,2022-12-10,2025-12-09,State PCB,Extracted,Expired,/documents/explosives_licence/CG-002/0781.pdf,3235,Amit Patel,2022-12-26 00:00:00
DOC-00782,CG-001,First Aid Certificate,Fir-0782-2023,2023-12-03,2028-12-01,Insurance Company,Extracted,Rejected,/documents/first_aid_certificate/CG-001/0782.pdf,4942,Amit Patel,2023-12-29 00:00:00
DOC-00783,OD-002,Safety Certificate,Saf-0783-2023,2023-03-09,2028-03-07,CPCB,Extracted,Verified,/documents/safety_certificate/OD-002/0783.pdf,3024,Sita Devi,2023-03-18 00:00:00
DOC-00784,JH-002,Fire Safety Certificate,Fir-0784-2023,2022-06-28,2026-06-27,CPCB,Pending,Expired,/documents/fire_safety_certificate/JH-002/0784.pdf,3385,Sita Devi,2022-07-12 00:00:00
DOC-00785,JH-002,Audit Report,Aud-0785-2023,2023-01-31,2024-01-31,State Government,Extracted,Expired,/documents/audit_report/JH-002/0785.pdf,2848,Amit Patel,2023-02-20 00:00:00
DOC-00786,CG-001,Environmental Clearance,Env-0786-2023,2022-11-09,2025-11-08,DGMS,Extracted,Expired,/documents/environmental_clearance/CG-001/0786.pdf,1212,Amit Patel,2022-11-21 00:00:00
DOC-00787,JH-003,Explosives Licence,Exp-0787-2023,2022-11-11,2027-11-10,Insurance Company,Extracted,Verified,/documents/explosives_licence/JH-003/0787.pdf,2469,Amit Patel,2022-12-05 00:00:00
DOC-00788,JH-003,Environmental Clearance,Env-0788-2023,2023-11-11,2024-11-10,Insurance Company,Extracted,Expired,/documents/environmental_clearance/JH-003/0788.pdf,4271,Rajesh Kumar,2023-11-29 00:00:00
DOC-00789,JH-001,Insurance Certificate,Ins-0789-2023,2023-06-20,2028-06-18,State PCB,Extracted,Verified,/documents/insurance_certificate/JH-001/0789.pdf,4222,Rajesh Kumar,2023-07-07 00:00:00
DOC-00790,JH-003,Safety Certificate,Saf-0790-2023,2022-05-30,2024-05-29,State PCB,Pending,Expired,/documents/safety_certificate/JH-003/0790.pdf,3404,Amit Patel,2022-06-09 00:00:00
DOC-00791,JH-002,Mining Lease,Min-0791-2023,2023-07-25,2027-07-24,Insurance Company,Extracted,Verified,/documents/mining_lease/JH-002/0791.pdf,4037,Rajesh Kumar,2023-08-15 00:00:00
DOC-00792,,Insurance Certificate,Ins-0792-2023,2022-08-16,2023-08-16,CPCB,Failed,Expired,/documents/insurance_certificate/global/0792.pdf,1892,Amit Patel,2022-09-06 00:00:00
DOC-00793,JH-003,Audit Report,Aud-0793-2023,2022-09-14,2026-09-13,State Government,Extracted,Verified,/documents/audit_report/JH-003/0793.pdf,2778,Amit Patel,2022-09-26 00:00:00
DOC-00794,OD-002,Insurance Certificate,Ins-0794-2023,2023-06-04,2025-06-03,CPCB,Extracted,Expired,/documents/insurance_certificate/OD-002/0794.pdf,2094,Rajesh Kumar,2023-06-08 00:00:00
DOC-00795,JH-001,First Aid Certificate,Fir-0795-2023,2022-09-30,2023-09-30,DGMS,Extracted,Expired,/documents/first_aid_certificate/JH-001/0795.pdf,4107,Sita Devi,2022-10-04 00:00:00
DOC-00796,JH-002,Insurance Certificate,Ins-0796-2023,2023-07-06,2025-07-05,DGMS,Extracted,Expired,/documents/insurance_certificate/JH-002/0796.pdf,917,Rajesh Kumar,2023-07-16 00:00:00
DOC-00797,OD-002,Environmental Clearance,Env-0797-2023,2022-05-10,2023-05-10,Insurance Company,Extracted,Expired,/documents/environmental_clearance/OD-002/0797.pdf,1332,Amit Patel,2022-05-31 00:00:00
DOC-00798,JH-003,Safety Certificate,Saf-0798-2023,2023-03-01,2027-02-28,State PCB,Extracted,Verified,/documents/safety_certificate/JH-003/0798.pdf,3790,Sita Devi,2023-03-27 00:00:00
DOC-00799,JH-003,Explosives Licence,Exp-0799-2023,2022-10-22,2024-10-21,DGMS,Failed,Expired,/documents/explosives_licence/JH-003/0799.pdf,4334,Rajesh Kumar,2022-10-25 00:00:00
DOC-00800,,Training Certificate,Tra-0800-2023,2022-12-04,2026-12-03,CPCB,Extracted,Verified,/documents/training_certificate/global/0800.pdf,4136,Rajesh Kumar,2022-12-25 00:00:00
DOC-00801,JH-001,Training Certificate,Tra-0801-2023,2023-05-07,2024-05-06,DGMS,Extracted,Expired,/documents/training_certificate/JH-001/0801.pdf,634,Rajesh Kumar,2023-05-15 00:00:00
DOC-00802,CG-001,Environmental Clearance,Env-0802-2023,2023-06-13,2028-06-11,State Government,Failed,Verified,/documents/environmental_clearance/CG-001/0802.pdf,3097,Amit Patel,2023-06-24 00:00:00
DOC-00803,JH-002,Training Certificate,Tra-0803-2023,2022-02-17,2027-02-16,State PCB,Extracted,Verified,/documents/training_certificate/JH-002/0803.pdf,3193,Sita Devi,2022-03-06 00:00:00
DOC-00804,JH-001,Environmental Clearance,Env-0804-2023,2023-12-25,2028-12-23,Insurance Company,Extracted,Verified,/documents/environmental_clearance/JH-001/0804.pdf,1151,Amit Patel,2024-01-08 00:00:00
DOC-00805,JH-001,Training Certificate,Tra-0805-2023,2022-04-01,2025-03-31,State Government,Pending,Expired,/documents/training_certificate/JH-001/0805.pdf,1436,Rajesh Kumar,2022-04-25 00:00:00
DOC-00806,OD-001,Insurance Certificate,Ins-0806-2023,2023-02-14,2026-02-13,State PCB,Extracted,Expired,/documents/insurance_certificate/OD-001/0806.pdf,523,Amit Patel,2023-02-24 00:00:00
DOC-00807,CG-002,Audit Report,Aud-0807-2023,2022-01-12,2025-01-11,State Government,Extracted,Expired,/documents/audit_report/CG-002/0807.pdf,3060,Amit Patel,2022-01-24 00:00:00
DOC-00808,JH-002,Safety Certificate,Saf-0808-2023,2022-03-14,2024-03-13,State Government,Extracted,Expired,/documents/safety_certificate/JH-002/0808.pdf,3267,Amit Patel,2022-04-13 00:00:00
DOC-00809,JH-002,Mining Lease,Min-0809-2023,2023-01-30,2024-01-30,State PCB,Extracted,Expired,/documents/mining_lease/JH-002/0809.pdf,3556,Sita Devi,2023-02-15 00:00:00
DOC-00810,JH-001,Explosives Licence,Exp-0810-2023,2022-11-11,2026-11-10,DGMS,Pending,Verified,/documents/explosives_licence/JH-001/0810.pdf,4969,Sita Devi,2022-11-19 00:00:00
DOC-00811,OD-001,Environmental Clearance,Env-0811-2023,2022-11-23,2023-11-23,Insurance Company,Extracted,Expired,/documents/environmental_clearance/OD-001/0811.pdf,919,Amit Patel,2022-11-30 00:00:00
DOC-00812,JH-001,Safety Certificate,Saf-0812-2023,2022-03-11,2027-03-10,Insurance Company,Extracted,Verified,/documents/safety_certificate/JH-001/0812.pdf,3216,Rajesh Kumar,2022-03-21 00:00:00
DOC-00813,JH-001,Mining Lease,Min-0813-2023,2022-02-27,2025-02-26,DGMS,Extracted,Expired,/documents/mining_lease/JH-001/0813.pdf,621,Sita Devi,2022-03-13 00:00:00
DOC-00814,,Fire Safety Certificate,Fir-0814-2023,2023-05-11,2025-05-10,State Government,Extracted,Expired,/documents/fire_safety_certificate/global/0814.pdf,978,Amit Patel,2023-05-12 00:00:00
DOC-00815,OD-002,Mining Lease,Min-0815-2023,2023-01-20,2024-01-20,Insurance Company,Extracted,Expired,/documents/mining_lease/OD-002/0815.pdf,1338,Amit Patel,2023-02-18 00:00:00
DOC-00816,,Fire Safety Certificate,Fir-0816-2023,2022-02-15,2026-02-14,DGMS,Pending,Expired,/documents/fire_safety_certificate/global/0816.pdf,507,Sita Devi,2022-03-04 00:00:00
DOC-00817,JH-003,Safety Certificate,Saf-0817-2023,2022-05-27,2024-05-26,CPCB,Pending,Expired,/documents/safety_certificate/JH-003/0817.pdf,4590,Rajesh Kumar,2022-06-15 00:00:00
DOC-00818,,Safety Certificate,Saf-0818-2023,2023-10-21,2024-10-20,State Government,Pending,Expired,/documents/safety_certificate/global/0818.pdf,2134,Rajesh Kumar,2023-10-25 00:00:00
DOC-00819,JH-001,Explosives Licence,Exp-0819-2023,2023-07-04,2026-07-03,State PCB,Extracted,Expired,/documents/explosives_licence/JH-001/0819.pdf,2782,Amit Patel,2023-07-12 00:00:00
DOC-00820,OD-002,Insurance Certificate,Ins-0820-2023,2022-02-23,2024-02-23,State Government,Extracted,Expired,/documents/insurance_certificate/OD-002/0820.pdf,2574,Sita Devi,2022-03-21 00:00:00
DOC-00821,CG-002,Explosives Licence,Exp-0821-2023,2022-01-01,2026-12-31,State Government,Extracted,Verified,/documents/explosives_licence/CG-002/0821.pdf,3684,Rajesh Kumar,2022-01-24 00:00:00
DOC-00822,JH-003,Audit Report,Aud-0822-2023,2023-06-02,2024-06-01,Insurance Company,Extracted,Expired,/documents/audit_report/JH-003/0822.pdf,3780,Rajesh Kumar,2023-06-26 00:00:00
DOC-00823,CG-001,Environmental Clearance,Env-0823-2023,2023-07-03,2028-07-01,Insurance Company,Pending,Verified,/documents/environmental_clearance/CG-001/0823.pdf,2424,Rajesh Kumar,2023-07-11 00:00:00
DOC-00824,JH-002,Training Certificate,Tra-0824-2023,2022-10-17,2027-10-16,State PCB,Failed,Verified,/documents/training_certificate/JH-002/0824.pdf,2526,Rajesh Kumar,2022-10-19 00:00:00
DOC-00825,JH-003,Training Certificate,Tra-0825-2023,2022-08-07,2026-08-06,CPCB,Extracted,Expired,/documents/training_certificate/JH-003/0825.pdf,1486,Rajesh Kumar,2022-09-03 00:00:00
DOC-00826,OD-002,Mining Lease,Min-0826-2023,2022-08-21,2027-08-20,Insurance Company,Extracted,Verified,/documents/mining_lease/OD-002/0826.pdf,1628,Amit Patel,2022-09-01 00:00:00
DOC-00827,OD-001,Training Certificate,Tra-0827-2023,2022-10-06,2025-10-05,State PCB,Failed,Expired,/documents/training_certificate/OD-001/0827.pdf,1902,Sita Devi,2022-11-05 00:00:00
DOC-00828,OD-002,Insurance Certificate,Ins-0828-2023,2023-03-29,2027-03-28,State Government,Extracted,Verified,/documents/insurance_certificate/OD-002/0828.pdf,1252,Sita Devi,2023-04-27 00:00:00
DOC-00829,JH-002,Training Certificate,Tra-0829-2023,2023-12-11,2026-12-10,CPCB,Extracted,Verified,/documents/training_certificate/JH-002/0829.pdf,3442,Amit Patel,2024-01-04 00:00:00
DOC-00830,JH-001,Mining Lease,Min-0830-2023,2023-12-31,2027-12-30,CPCB,Extracted,Verified,/documents/mining_lease/JH-001/0830.pdf,1111,Rajesh Kumar,2024-01-17 00:00:00
DOC-00831,CG-001,Fire Safety Certificate,Fir-0831-2023,2022-02-18,2026-02-17,State Government,Pending,Expired,/documents/fire_safety_certificate/CG-001/0831.pdf,1850,Rajesh Kumar,2022-03-18 00:00:00
DOC-00832,CG-002,Environmental Clearance,Env-0832-2023,2023-12-26,2024-12-25,State PCB,Extracted,Expired,/documents/environmental_clearance/CG-002/0832.pdf,2173,Amit Patel,2024-01-23 00:00:00
DOC-00833,JH-002,Fire Safety Certificate,Fir-0833-2023,2022-02-18,2027-02-17,Insurance Company,Failed,Verified,/documents/fire_safety_certificate/JH-002/0833.pdf,3626,Sita Devi,2022-02-21 00:00:00
DOC-00834,JH-001,Mining Lease,Min-0834-2023,2023-07-14,2027-07-13,State PCB,Failed,Pending,/documents/mining_lease/JH-001/0834.pdf,4027,Rajesh Kumar,2023-08-09 00:00:00
DOC-00835,CG-001,Mining Lease,Min-0835-2023,2023-11-20,2028-11-18,Insurance Company,Extracted,Verified,/documents/mining_lease/CG-001/0835.pdf,1224,Rajesh Kumar,2023-12-09 00:00:00
DOC-00836,JH-001,Training Certificate,Tra-0836-2023,2023-08-20,2028-08-18,State Government,Pending,Verified,/documents/training_certificate/JH-001/0836.pdf,513,Rajesh Kumar,2023-09-11 00:00:00
DOC-00837,,Mining Lease,Min-0837-2023,2022-06-23,2026-06-22,State Government,Extracted,Expired,/documents/mining_lease/global/0837.pdf,2337,Amit Patel,2022-07-23 00:00:00
DOC-00838,JH-001,Explosives Licence,Exp-0838-2023,2023-12-18,2026-12-17,CPCB,Extracted,Verified,/documents/explosives_licence/JH-001/0838.pdf,3621,Amit Patel,2024-01-14 00:00:00
DOC-00839,,Insurance Certificate,Ins-0839-2023,2022-02-10,2024-02-10,State PCB,Pending,Expired,/documents/insurance_certificate/global/0839.pdf,1519,Sita Devi,2022-03-05 00:00:00
DOC-00840,JH-003,Fire Safety Certificate,Fir-0840-2023,2023-07-25,2028-07-23,DGMS,Extracted,Verified,/documents/fire_safety_certificate/JH-003/0840.pdf,3442,Sita Devi,2023-08-05 00:00:00
DOC-00841,OD-001,First Aid Certificate,Fir-0841-2023,2022-05-14,2027-05-13,DGMS,Extracted,Verified,/documents/first_aid_certificate/OD-001/0841.pdf,2792,Rajesh Kumar,2022-06-13 00:00:00
DOC-00842,CG-001,Explosives Licence,Exp-0842-2023,2023-05-11,2024-05-10,Insurance Company,Pending,Expired,/documents/explosives_licence/CG-001/0842.pdf,4955,Sita Devi,2023-06-09 00:00:00
DOC-00843,CG-001,Mining Lease,Min-0843-2023,2023-07-19,2027-07-18,DGMS,Pending,Verified,/documents/mining_lease/CG-001/0843.pdf,900,Sita Devi,2023-08-01 00:00:00
DOC-00844,JH-003,First Aid Certificate,Fir-0844-2023,2022-09-25,2027-09-24,Insurance Company,Extracted,Verified,/documents/first_aid_certificate/JH-003/0844.pdf,3639,Sita Devi,2022-10-11 00:00:00
DOC-00845,JH-003,Fire Safety Certificate,Fir-0845-2023,2022-09-07,2023-09-07,CPCB,Extracted,Expired,/documents/fire_safety_certificate/JH-003/0845.pdf,4096,Rajesh Kumar,2022-09-13 00:00:00
DOC-00846,OD-002,First Aid Certificate,Fir-0846-2023,2022-02-25,2026-02-24,State PCB,Extracted,Expired,/documents/first_aid_certificate/OD-002/0846.pdf,1811,Rajesh Kumar,2022-03-04 00:00:00
DOC-00847,JH-001,Environmental Clearance,Env-0847-2023,2023-09-03,2026-09-02,State Government,Extracted,Verified,/documents/environmental_clearance/JH-001/0847.pdf,1796,Amit Patel,2023-09-13 00:00:00
DOC-00848,OD-001,Audit Report,Aud-0848-2023,2022-01-25,2023-01-25,Insurance Company,Extracted,Expired,/documents/audit_report/OD-001/0848.pdf,2598,Sita Devi,2022-02-04 00:00:00
DOC-00849,OD-002,Safety Certificate,Saf-0849-2023,2023-07-15,2027-07-14,DGMS,Extracted,Verified,/documents/safety_certificate/OD-002/0849.pdf,2868,Rajesh Kumar,2023-07-18 00:00:00
DOC-00850,OD-001,Audit Report,Aud-0850-2023,2023-01-13,2026-01-12,DGMS,Extracted,Expired,/documents/audit_report/OD-001/0850.pdf,4066,Rajesh Kumar,2023-02-12 00:00:00
DOC-00851,JH-002,Explosives Licence,Exp-0851-2023,2022-09-22,2025-09-21,State Government,Extracted,Expired,/documents/explosives_licence/JH-002/0851.pdf,3203,Rajesh Kumar,2022-09-30 00:00:00
DOC-00852,JH-002,First Aid Certificate,Fir-0852-2023,2023-12-27,2024-12-26,State Government,Pending,Expired,/documents/first_aid_certificate/JH-002/0852.pdf,2283,Sita Devi,2024-01-10 00:00:00
DOC-00853,OD-001,First Aid Certificate,Fir-0853-2023,2022-11-17,2026-11-16,Insurance Company,Extracted,Verified,/documents/first_aid_certificate/OD-001/0853.pdf,3359,Amit Patel,2022-12-17 00:00:00
DOC-00854,OD-001,First Aid Certificate,Fir-0854-2023,2023-08-14,2027-08-13,State Government,Extracted,Verified,/documents/first_aid_certificate/OD-001/0854.pdf,2882,Sita Devi,2023-09-10 00:00:00
DOC-00855,OD-002,First Aid Certificate,Fir-0855-2023,2023-09-01,2027-08-31,State PCB,Pending,Verified,/documents/first_aid_certificate/OD-002/0855.pdf,673,Rajesh Kumar,2023-09-17 00:00:00
DOC-00856,JH-001,Environmental Clearance,Env-0856-2023,2023-11-06,2026-11-05,State Government,Failed,Rejected,/documents/environmental_clearance/JH-001/0856.pdf,1361,Sita Devi,2023-11-22 00:00:00
DOC-00857,JH-003,Training Certificate,Tra-0857-2023,2022-12-13,2026-12-12,CPCB,Extracted,Verified,/documents/training_certificate/JH-003/0857.pdf,4462,Sita Devi,2022-12-14 00:00:00
DOC-00858,CG-001,Training Certificate,Tra-0858-2023,2022-05-27,2023-05-27,Insurance Company,Extracted,Expired,/documents/training_certificate/CG-001/0858.pdf,1491,Rajesh Kumar,2022-06-10 00:00:00
DOC-00859,JH-003,Explosives Licence,Exp-0859-2023,2022-08-09,2026-08-08,CPCB,Extracted,Expired,/documents/explosives_licence/JH-003/0859.pdf,4723,Sita Devi,2022-08-21 00:00:00
DOC-00860,JH-001,Training Certificate,Tra-0860-2023,2023-11-27,2025-11-26,DGMS,Extracted,Expired,/documents/training_certificate/JH-001/0860.pdf,4591,Rajesh Kumar,2023-12-02 00:00:00
DOC-00861,JH-003,Environmental Clearance,Env-0861-2023,2023-05-27,2028-05-25,DGMS,Extracted,Verified,/documents/environmental_clearance/JH-003/0861.pdf,1895,Sita Devi,2023-06-09 00:00:00
DOC-00862,OD-001,Explosives Licence,Exp-0862-2023,2022-02-27,2027-02-26,Insurance Company,Extracted,Verified,/documents/explosives_licence/OD-001/0862.pdf,4215,Amit Patel,2022-03-03 00:00:00
DOC-00863,JH-003,Mining Lease,Min-0863-2023,2023-10-13,2024-10-12,State PCB,Extracted,Expired,/documents/mining_lease/JH-003/0863.pdf,524,Rajesh Kumar,2023-11-02 00:00:00
DOC-00864,CG-001,Training Certificate,Tra-0864-2023,2023-12-12,2024-12-11,State PCB,Extracted,Expired,/documents/training_certificate/CG-001/0864.pdf,1905,Rajesh Kumar,2023-12-22 00:00:00
DOC-00865,,Audit Report,Aud-0865-2023,2023-06-28,2028-06-26,State Government,Extracted,Pending,/documents/audit_report/global/0865.pdf,1422,Amit Patel,2023-07-15 00:00:00
DOC-00866,OD-002,Explosives Licence,Exp-0866-2023,2022-09-05,2024-09-04,State Government,Extracted,Expired,/documents/explosives_licence/OD-002/0866.pdf,4417,Sita Devi,2022-09-27 00:00:00
DOC-00867,JH-003,Insurance Certificate,Ins-0867-2023,2023-10-29,2027-10-28,State Government,Extracted,Pending,/documents/insurance_certificate/JH-003/0867.pdf,4092,Sita Devi,2023-11-21 00:00:00
DOC-00868,OD-001,Training Certificate,Tra-0868-2023,2022-06-27,2025-06-26,State Government,Extracted,Expired,/documents/training_certificate/OD-001/0868.pdf,4216,Sita Devi,2022-07-16 00:00:00
DOC-00869,JH-001,Explosives Licence,Exp-0869-2023,2023-09-30,2028-09-28,State Government,Failed,Verified,/documents/explosives_licence/JH-001/0869.pdf,3465,Amit Patel,2023-10-04 00:00:00
DOC-00870,CG-002,Mining Lease,Min-0870-2023,2022-06-19,2023-06-19,DGMS,Extracted,Expired,/documents/mining_lease/CG-002/0870.pdf,4641,Amit Patel,2022-07-16 00:00:00
DOC-00871,,Training Certificate,Tra-0871-2023,2022-12-04,2025-12-03,DGMS,Extracted,Expired,/documents/training_certificate/global/0871.pdf,2885,Sita Devi,2022-12-16 00:00:00
DOC-00872,OD-001,Fire Safety Certificate,Fir-0872-2023,2022-03-23,2025-03-22,State PCB,Extracted,Expired,/documents/fire_safety_certificate/OD-001/0872.pdf,3050,Amit Patel,2022-03-24 00:00:00
DOC-00873,CG-002,Fire Safety Certificate,Fir-0873-2023,2022-11-26,2025-11-25,State Government,Extracted,Expired,/documents/fire_safety_certificate/CG-002/0873.pdf,1076,Amit Patel,2022-12-26 00:00:00
DOC-00874,CG-001,Audit Report,Aud-0874-2023,2023-11-25,2026-11-24,State Government,Extracted,Verified,/documents/audit_report/CG-001/0874.pdf,2904,Amit Patel,2023-11-26 00:00:00
DOC-00875,OD-001,Audit Report,Aud-0875-2023,2022-11-28,2026-11-27,State Government,Extracted,Verified,/documents/audit_report/OD-001/0875.pdf,3187,Sita Devi,2022-12-14 00:00:00
DOC-00876,CG-001,Explosives Licence,Exp-0876-2023,2023-09-08,2026-09-07,State Government,Extracted,Verified,/documents/explosives_licence/CG-001/0876.pdf,4197,Rajesh Kumar,2023-09-24 00:00:00
DOC-00877,JH-003,Mining Lease,Min-0877-2023,2022-06-10,2025-06-09,DGMS,Extracted,Expired,/documents/mining_lease/JH-003/0877.pdf,2092,Sita Devi,2022-06-11 00:00:00
DOC-00878,CG-002,Audit Report,Aud-0878-2023,2023-11-20,2026-11-19,DGMS,Failed,Verified,/documents/audit_report/CG-002/0878.pdf,2347,Amit Patel,2023-12-20 00:00:00
DOC-00879,CG-002,Mining Lease,Min-0879-2023,2022-02-03,2024-02-03,DGMS,Extracted,Expired,/documents/mining_lease/CG-002/0879.pdf,4149,Rajesh Kumar,2022-02-17 00:00:00
DOC-00880,JH-002,Safety Certificate,Saf-0880-2023,2022-06-02,2026-06-01,State PCB,Extracted,Expired,/documents/safety_certificate/JH-002/0880.pdf,2517,Amit Patel,2022-06-28 00:00:00
DOC-00881,JH-002,Training Certificate,Tra-0881-2023,2023-06-04,2026-06-03,Insurance Company,Extracted,Expired,/documents/training_certificate/JH-002/0881.pdf,3003,Sita Devi,2023-06-06 00:00:00
DOC-00882,CG-001,First Aid Certificate,Fir-0882-2023,2023-02-22,2024-02-22,CPCB,Extracted,Expired,/documents/first_aid_certificate/CG-001/0882.pdf,2689,Sita Devi,2023-03-11 00:00:00
DOC-00883,OD-001,First Aid Certificate,Fir-0883-2023,2023-11-09,2024-11-08,Insurance Company,Extracted,Expired,/documents/first_aid_certificate/OD-001/0883.pdf,2451,Rajesh Kumar,2023-11-11 00:00:00
DOC-00884,CG-002,Insurance Certificate,Ins-0884-2023,2023-04-11,2024-04-10,State Government,Extracted,Expired,/documents/insurance_certificate/CG-002/0884.pdf,4456,Amit Patel,2023-05-10 00:00:00
DOC-00885,OD-001,Safety Certificate,Saf-0885-2023,2023-08-03,2024-08-02,State Government,Extracted,Expired,/documents/safety_certificate/OD-001/0885.pdf,2265,Rajesh Kumar,2023-08-30 00:00:00
DOC-00886,OD-002,First Aid Certificate,Fir-0886-2023,2023-06-25,2027-06-24,Insurance Company,Extracted,Pending,/documents/first_aid_certificate/OD-002/0886.pdf,2831,Sita Devi,2023-07-10 00:00:00
DOC-00887,OD-002,Mining Lease,Min-0887-2023,2023-11-16,2025-11-15,CPCB,Extracted,Expired,/documents/mining_lease/OD-002/0887.pdf,4150,Rajesh Kumar,2023-11-29 00:00:00
DOC-00888,OD-002,Insurance Certificate,Ins-0888-2023,2023-03-15,2027-03-14,DGMS,Failed,Verified,/documents/insurance_certificate/OD-002/0888.pdf,3699,Rajesh Kumar,2023-03-20 00:00:00
DOC-00889,OD-001,Insurance Certificate,Ins-0889-2023,2022-03-30,2027-03-29,Insurance Company,Extracted,Verified,/documents/insurance_certificate/OD-001/0889.pdf,1237,Sita Devi,2022-04-25 00:00:00
DOC-00890,JH-001,Training Certificate,Tra-0890-2023,2022-08-18,2025-08-17,DGMS,Extracted,Expired,/documents/training_certificate/JH-001/0890.pdf,1005,Rajesh Kumar,2022-08-20 00:00:00
DOC-00891,JH-002,Fire Safety Certificate,Fir-0891-2023,2023-06-21,2028-06-19,State Government,Pending,Verified,/documents/fire_safety_certificate/JH-002/0891.pdf,2865,Rajesh Kumar,2023-07-01 00:00:00
DOC-00892,CG-002,Environmental Clearance,Env-0892-2023,2023-04-15,2027-04-14,DGMS,Pending,Verified,/documents/environmental_clearance/CG-002/0892.pdf,2733,Amit Patel,2023-04-30 00:00:00
DOC-00893,OD-001,Audit Report,Aud-0893-2023,2023-07-01,2027-06-30,State PCB,Extracted,Verified,/documents/audit_report/OD-001/0893.pdf,1480,Rajesh Kumar,2023-07-30 00:00:00
DOC-00894,JH-001,Explosives Licence,Exp-0894-2023,2022-04-20,2023-04-20,CPCB,Pending,Expired,/documents/explosives_licence/JH-001/0894.pdf,2482,Rajesh Kumar,2022-04-24 00:00:00
DOC-00895,JH-001,Mining Lease,Min-0895-2023,2023-04-03,2027-04-02,State PCB,Extracted,Verified,/documents/mining_lease/JH-001/0895.pdf,1214,Rajesh Kumar,2023-04-11 00:00:00
DOC-00896,,Mining Lease,Min-0896-2023,2022-10-01,2025-09-30,State PCB,Extracted,Expired,/documents/mining_lease/global/0896.pdf,2693,Sita Devi,2022-10-22 00:00:00
DOC-00897,JH-001,Training Certificate,Tra-0897-2023,2022-02-05,2023-02-05,State Government,Pending,Expired,/documents/training_certificate/JH-001/0897.pdf,2178,Amit Patel,2022-02-12 00:00:00
DOC-00898,JH-001,Audit Report,Aud-0898-2023,2023-07-03,2026-07-02,Insurance Company,Extracted,Expired,/documents/audit_report/JH-001/0898.pdf,2379,Amit Patel,2023-07-10 00:00:00
DOC-00899,CG-002,Safety Certificate,Saf-0899-2023,2023-08-14,2027-08-13,State Government,Extracted,Verified,/documents/safety_certificate/CG-002/0899.pdf,2528,Rajesh Kumar,2023-08-29 00:00:00
DOC-00900,CG-001,Explosives Licence,Exp-0900-2023,2023-01-19,2027-01-18,CPCB,Pending,Pending,/documents/explosives_licence/CG-001/0900.pdf,3685,Amit Patel,2023-01-29 00:00:00
DOC-00901,OD-002,Environmental Clearance,Env-0901-2023,2022-04-22,2025-04-21,DGMS,Extracted,Expired,/documents/environmental_clearance/OD-002/0901.pdf,1403,Amit Patel,2022-05-18 00:00:00
DOC-00902,CG-002,Insurance Certificate,Ins-0902-2023,2022-09-04,2023-09-04,Insurance Company,Extracted,Expired,/documents/insurance_certificate/CG-002/0902.pdf,1535,Rajesh Kumar,2022-09-28 00:00:00
DOC-00903,OD-001,Insurance Certificate,Ins-0903-2023,2022-04-10,2023-04-10,State Government,Pending,Expired,/documents/insurance_certificate/OD-001/0903.pdf,3067,Sita Devi,2022-04-14 00:00:00
DOC-00904,JH-001,Environmental Clearance,Env-0904-2023,2022-06-13,2026-06-12,DGMS,Extracted,Expired,/documents/environmental_clearance/JH-001/0904.pdf,2032,Amit Patel,2022-06-28 00:00:00
DOC-00905,JH-001,Environmental Clearance,Env-0905-2023,2022-05-06,2024-05-05,State Government,Extracted,Expired,/documents/environmental_clearance/JH-001/0905.pdf,3730,Sita Devi,2022-05-29 00:00:00
DOC-00906,,Fire Safety Certificate,Fir-0906-2023,2023-03-10,2028-03-08,State PCB,Extracted,Verified,/documents/fire_safety_certificate/global/0906.pdf,2706,Rajesh Kumar,2023-03-11 00:00:00
DOC-00907,JH-001,First Aid Certificate,Fir-0907-2023,2023-02-24,2024-02-24,DGMS,Extracted,Expired,/documents/first_aid_certificate/JH-001/0907.pdf,531,Sita Devi,2023-03-13 00:00:00
DOC-00908,,Explosives Licence,Exp-0908-2023,2022-12-18,2024-12-17,State PCB,Extracted,Expired,/documents/explosives_licence/global/0908.pdf,1931,Sita Devi,2023-01-04 00:00:00
DOC-00909,CG-001,Fire Safety Certificate,Fir-0909-2023,2023-03-16,2028-03-14,Insurance Company,Extracted,Verified,/documents/fire_safety_certificate/CG-001/0909.pdf,4554,Amit Patel,2023-03-25 00:00:00
DOC-00910,JH-001,Explosives Licence,Exp-0910-2023,2022-04-26,2025-04-25,State PCB,Extracted,Expired,/documents/explosives_licence/JH-001/0910.pdf,712,Rajesh Kumar,2022-04-27 00:00:00
DOC-00911,CG-002,Audit Report,Aud-0911-2023,2023-11-17,2027-11-16,CPCB,Extracted,Verified,/documents/audit_report/CG-002/0911.pdf,2039,Amit Patel,2023-11-28 00:00:00
DOC-00912,OD-001,Mining Lease,Min-0912-2023,2023-07-18,2028-07-16,DGMS,Extracted,Verified,/documents/mining_lease/OD-001/0912.pdf,4864,Rajesh Kumar,2023-08-14 00:00:00
DOC-00913,CG-002,Fire Safety Certificate,Fir-0913-2023,2023-12-05,2028-12-03,DGMS,Extracted,Pending,/documents/fire_safety_certificate/CG-002/0913.pdf,2862,Amit Patel,2023-12-08 00:00:00
DOC-00914,JH-002,Fire Safety Certificate,Fir-0914-2023,2022-09-04,2026-09-03,Insurance Company,Extracted,Verified,/documents/fire_safety_certificate/JH-002/0914.pdf,659,Amit Patel,2022-10-02 00:00:00
DOC-00915,CG-001,Safety Certificate,Saf-0915-2023,2023-02-26,2026-02-25,Insurance Company,Pending,Expired,/documents/safety_certificate/CG-001/0915.pdf,2418,Sita Devi,2023-03-02 00:00:00
DOC-00916,OD-001,Mining Lease,Min-0916-2023,2022-10-20,2025-10-19,CPCB,Extracted,Expired,/documents/mining_lease/OD-001/0916.pdf,4851,Amit Patel,2022-11-16 00:00:00
DOC-00917,CG-001,Training Certificate,Tra-0917-2023,2022-01-18,2023-01-18,DGMS,Extracted,Expired,/documents/training_certificate/CG-001/0917.pdf,4293,Sita Devi,2022-01-23 00:00:00
DOC-00918,JH-003,Environmental Clearance,Env-0918-2023,2023-06-14,2026-06-13,State Government,Extracted,Expired,/documents/environmental_clearance/JH-003/0918.pdf,3066,Sita Devi,2023-06-25 00:00:00
DOC-00919,CG-002,First Aid Certificate,Fir-0919-2023,2022-12-17,2024-12-16,State PCB,Extracted,Expired,/documents/first_aid_certificate/CG-002/0919.pdf,4933,Sita Devi,2022-12-27 00:00:00
DOC-00920,OD-002,Fire Safety Certificate,Fir-0920-2023,2022-03-18,2024-03-17,CPCB,Pending,Expired,/documents/fire_safety_certificate/OD-002/0920.pdf,2107,Rajesh Kumar,2022-04-17 00:00:00
DOC-00921,JH-001,Mining Lease,Min-0921-2023,2022-09-15,2027-09-14,Insurance Company,Extracted,Verified,/documents/mining_lease/JH-001/0921.pdf,3402,Amit Patel,2022-09-30 00:00:00
DOC-00922,OD-001,Insurance Certificate,Ins-0922-2023,2022-12-06,2024-12-05,State PCB,Extracted,Expired,/documents/insurance_certificate/OD-001/0922.pdf,727,Sita Devi,2023-01-02 00:00:00
DOC-00923,JH-002,Insurance Certificate,Ins-0923-2023,2023-11-18,2027-11-17,State PCB,Failed,Verified,/documents/insurance_certificate/JH-002/0923.pdf,1519,Sita Devi,2023-11-29 00:00:00
DOC-00924,OD-002,Safety Certificate,Saf-0924-2023,2023-02-23,2025-02-22,Insurance Company,Extracted,Expired,/documents/safety_certificate/OD-002/0924.pdf,3009,Amit Patel,2023-03-12 00:00:00
DOC-00925,JH-003,Mining Lease,Min-0925-2023,2022-11-27,2024-11-26,State PCB,Pending,Expired,/documents/mining_lease/JH-003/0925.pdf,1804,Rajesh Kumar,2022-12-10 00:00:00
DOC-00926,CG-001,Insurance Certificate,Ins-0926-2023,2022-08-31,2024-08-30,DGMS,Pending,Expired,/documents/insurance_certificate/CG-001/0926.pdf,2403,Rajesh Kumar,2022-09-17 00:00:00
DOC-00927,CG-002,Insurance Certificate,Ins-0927-2023,2022-03-18,2027-03-17,State PCB,Extracted,Verified,/documents/insurance_certificate/CG-002/0927.pdf,3526,Rajesh Kumar,2022-03-29 00:00:00
DOC-00928,OD-001,Mining Lease,Min-0928-2023,2023-12-11,2024-12-10,State PCB,Extracted,Expired,/documents/mining_lease/OD-001/0928.pdf,2085,Rajesh Kumar,2023-12-29 00:00:00
DOC-00929,OD-001,Mining Lease,Min-0929-2023,2022-11-09,2027-11-08,State PCB,Extracted,Verified,/documents/mining_lease/OD-001/0929.pdf,2204,Rajesh Kumar,2022-11-12 00:00:00
DOC-00930,CG-002,Safety Certificate,Saf-0930-2023,2023-02-28,2026-02-27,State Government,Extracted,Expired,/documents/safety_certificate/CG-002/0930.pdf,637,Rajesh Kumar,2023-03-05 00:00:00
DOC-00931,JH-003,Explosives Licence,Exp-0931-2023,2022-10-02,2025-10-01,DGMS,Extracted,Expired,/documents/explosives_licence/JH-003/0931.pdf,1505,Amit Patel,2022-10-25 00:00:00
DOC-00932,OD-002,Fire Safety Certificate,Fir-0932-2023,2023-06-19,2025-06-18,Insurance Company,Extracted,Expired,/documents/fire_safety_certificate/OD-002/0932.pdf,3105,Amit Patel,2023-06-22 00:00:00
DOC-00933,OD-002,Environmental Clearance,Env-0933-2023,2023-12-07,2026-12-06,DGMS,Pending,Verified,/documents/environmental_clearance/OD-002/0933.pdf,1517,Rajesh Kumar,2023-12-29 00:00:00
DOC-00934,JH-003,Audit Report,Aud-0934-2023,2022-11-05,2026-11-04,State Government,Extracted,Verified,/documents/audit_report/JH-003/0934.pdf,506,Amit Patel,2022-11-17 00:00:00
DOC-00935,JH-001,Explosives Licence,Exp-0935-2023,2022-06-20,2023-06-20,Insurance Company,Failed,Expired,/documents/explosives_licence/JH-001/0935.pdf,1214,Sita Devi,2022-07-15 00:00:00
DOC-00936,JH-003,Environmental Clearance,Env-0936-2023,2023-02-19,2028-02-18,State PCB,Extracted,Rejected,/documents/environmental_clearance/JH-003/0936.pdf,2834,Amit Patel,2023-02-26 00:00:00
DOC-00937,OD-001,First Aid Certificate,Fir-0937-2023,2022-05-17,2027-05-16,Insurance Company,Extracted,Verified,/documents/first_aid_certificate/OD-001/0937.pdf,1098,Sita Devi,2022-06-13 00:00:00
DOC-00938,OD-001,Insurance Certificate,Ins-0938-2023,2023-07-13,2027-07-12,CPCB,Extracted,Verified,/documents/insurance_certificate/OD-001/0938.pdf,3750,Amit Patel,2023-07-18 00:00:00
DOC-00939,OD-001,Environmental Clearance,Env-0939-2023,2023-05-07,2028-05-05,CPCB,Extracted,Verified,/documents/environmental_clearance/OD-001/0939.pdf,4119,Sita Devi,2023-05-21 00:00:00
DOC-00940,CG-001,Explosives Licence,Exp-0940-2023,2023-09-30,2025-09-29,DGMS,Pending,Expired,/documents/explosives_licence/CG-001/0940.pdf,1605,Amit Patel,2023-10-05 00:00:00
DOC-00941,OD-002,Environmental Clearance,Env-0941-2023,2023-11-15,2027-11-14,State PCB,Extracted,Verified,/documents/environmental_clearance/OD-002/0941.pdf,2805,Sita Devi,2023-12-01 00:00:00
DOC-00942,OD-002,Audit Report,Aud-0942-2023,2023-09-05,2028-09-03,Insurance Company,Extracted,Verified,/documents/audit_report/OD-002/0942.pdf,2852,Amit Patel,2023-09-25 00:00:00
DOC-00943,OD-001,Audit Report,Aud-0943-2023,2022-12-26,2023-12-26,CPCB,Extracted,Expired,/documents/audit_report/OD-001/0943.pdf,619,Sita Devi,2023-01-09 00:00:00
DOC-00944,JH-001,Insurance Certificate,Ins-0944-2023,2022-01-04,2023-01-04,State Government,Extracted,Expired,/documents/insurance_certificate/JH-001/0944.pdf,2385,Rajesh Kumar,2022-01-15 00:00:00
DOC-00945,OD-002,Audit Report,Aud-0945-2023,2023-10-21,2025-10-20,DGMS,Extracted,Expired,/documents/audit_report/OD-002/0945.pdf,2131,Amit Patel,2023-10-30 00:00:00
DOC-00946,OD-002,Environmental Clearance,Env-0946-2023,2023-08-30,2027-08-29,CPCB,Extracted,Verified,/documents/environmental_clearance/OD-002/0946.pdf,575,Rajesh Kumar,2023-09-26 00:00:00
DOC-00947,JH-003,Fire Safety Certificate,Fir-0947-2023,2023-07-07,2028-07-05,State Government,Extracted,Verified,/documents/fire_safety_certificate/JH-003/0947.pdf,1922,Amit Patel,2023-07-30 00:00:00
DOC-00948,OD-001,Environmental Clearance,Env-0948-2023,2022-11-19,2027-11-18,CPCB,Extracted,Verified,/documents/environmental_clearance/OD-001/0948.pdf,4288,Amit Patel,2022-12-04 00:00:00
DOC-00949,JH-001,Insurance Certificate,Ins-0949-2023,2023-11-16,2028-11-14,CPCB,Pending,Verified,/documents/insurance_certificate/JH-001/0949.pdf,4858,Sita Devi,2023-11-29 00:00:00
DOC-00950,CG-002,Training Certificate,Tra-0950-2023,2023-03-13,2028-03-11,State Government,Pending,Verified,/documents/training_certificate/CG-002/0950.pdf,1541,Amit Patel,2023-03-28 00:00:00
DOC-00951,JH-003,Training Certificate,Tra-0951-2023,2023-08-17,2024-08-16,CPCB,Pending,Expired,/documents/training_certificate/JH-003/0951.pdf,1080,Sita Devi,2023-09-11 00:00:00
DOC-00952,OD-002,Insurance Certificate,Ins-0952-2023,2022-05-12,2025-05-11,State PCB,Extracted,Expired,/documents/insurance_certificate/OD-002/0952.pdf,4361,Sita Devi,2022-05-30 00:00:00
DOC-00953,JH-003,Audit Report,Aud-0953-2023,2022-07-26,2027-07-25,CPCB,Extracted,Verified,/documents/audit_report/JH-003/0953.pdf,590,Sita Devi,2022-08-16 00:00:00
DOC-00954,OD-001,Environmental Clearance,Env-0954-2023,2022-11-04,2023-11-04,State Government,Extracted,Expired,/documents/environmental_clearance/OD-001/0954.pdf,2824,Sita Devi,2022-12-02 00:00:00
DOC-00955,CG-001,Safety Certificate,Saf-0955-2023,2023-04-08,2024-04-07,CPCB,Failed,Expired,/documents/safety_certificate/CG-001/0955.pdf,3135,Sita Devi,2023-04-12 00:00:00
DOC-00956,CG-002,Insurance Certificate,Ins-0956-2023,2023-08-15,2026-08-14,State Government,Pending,Expired,/documents/insurance_certificate/CG-002/0956.pdf,3598,Sita Devi,2023-09-07 00:00:00
DOC-00957,CG-001,Explosives Licence,Exp-0957-2023,2022-06-28,2027-06-27,State PCB,Extracted,Verified,/documents/explosives_licence/CG-001/0957.pdf,1812,Amit Patel,2022-07-16 00:00:00
DOC-00958,OD-001,Fire Safety Certificate,Fir-0958-2023,2023-05-28,2028-05-26,CPCB,Extracted,Verified,/documents/fire_safety_certificate/OD-001/0958.pdf,4025,Rajesh Kumar,2023-05-30 00:00:00
DOC-00959,JH-001,Insurance Certificate,Ins-0959-2023,2023-11-01,2028-10-30,Insurance Company,Extracted,Verified,/documents/insurance_certificate/JH-001/0959.pdf,3558,Sita Devi,2023-11-17 00:00:00
DOC-00960,CG-001,Explosives Licence,Exp-0960-2023,2022-05-25,2024-05-24,CPCB,Extracted,Expired,/documents/explosives_licence/CG-001/0960.pdf,704,Rajesh Kumar,2022-05-31 00:00:00
DOC-00961,JH-001,Audit Report,Aud-0961-2023,2023-04-22,2024-04-21,State Government,Pending,Expired,/documents/audit_report/JH-001/0961.pdf,4352,Rajesh Kumar,2023-05-21 00:00:00
DOC-00962,CG-001,Mining Lease,Min-0962-2023,2022-03-15,2026-03-14,State Government,Extracted,Expired,/documents/mining_lease/CG-001/0962.pdf,1524,Rajesh Kumar,2022-04-07 00:00:00
DOC-00963,CG-002,Insurance Certificate,Ins-0963-2023,2023-10-02,2027-10-01,DGMS,Extracted,Verified,/documents/insurance_certificate/CG-002/0963.pdf,2993,Rajesh Kumar,2023-10-12 00:00:00
DOC-00964,JH-001,Insurance Certificate,Ins-0964-2023,2023-09-07,2027-09-06,State Government,Extracted,Pending,/documents/insurance_certificate/JH-001/0964.pdf,4666,Amit Patel,2023-09-26 00:00:00
DOC-00965,OD-002,First Aid Certificate,Fir-0965-2023,2023-03-25,2024-03-24,State Government,Extracted,Expired,/documents/first_aid_certificate/OD-002/0965.pdf,4028,Rajesh Kumar,2023-04-19 00:00:00
DOC-00966,JH-002,Mining Lease,Min-0966-2023,2022-04-01,2024-03-31,Insurance Company,Failed,Expired,/documents/mining_lease/JH-002/0966.pdf,746,Sita Devi,2022-04-15 00:00:00
DOC-00967,CG-002,First Aid Certificate,Fir-0967-2023,2022-03-27,2027-03-26,State PCB,Extracted,Verified,/documents/first_aid_certificate/CG-002/0967.pdf,697,Amit Patel,2022-04-10 00:00:00
DOC-00968,CG-002,Training Certificate,Tra-0968-2023,2023-11-19,2026-11-18,State PCB,Pending,Verified,/documents/training_certificate/CG-002/0968.pdf,592,Amit Patel,2023-12-13 00:00:00
DOC-00969,CG-001,Fire Safety Certificate,Fir-0969-2023,2023-04-20,2024-04-19,CPCB,Pending,Expired,/documents/fire_safety_certificate/CG-001/0969.pdf,1891,Rajesh Kumar,2023-05-08 00:00:00
DOC-00970,CG-001,Training Certificate,Tra-0970-2023,2022-12-18,2026-12-17,State PCB,Extracted,Verified,/documents/training_certificate/CG-001/0970.pdf,2165,Amit Patel,2023-01-14 00:00:00
DOC-00971,OD-001,Audit Report,Aud-0971-2023,2022-04-22,2025-04-21,DGMS,Extracted,Expired,/documents/audit_report/OD-001/0971.pdf,3952,Sita Devi,2022-04-29 00:00:00
DOC-00972,CG-001,Insurance Certificate,Ins-0972-2023,2023-05-04,2024-05-03,DGMS,Extracted,Expired,/documents/insurance_certificate/CG-001/0972.pdf,553,Rajesh Kumar,2023-05-29 00:00:00
DOC-00973,OD-001,Insurance Certificate,Ins-0973-2023,2023-08-20,2027-08-19,CPCB,Pending,Verified,/documents/insurance_certificate/OD-001/0973.pdf,883,Amit Patel,2023-09-15 00:00:00
DOC-00974,JH-003,Training Certificate,Tra-0974-2023,2023-01-07,2028-01-06,CPCB,Extracted,Verified,/documents/training_certificate/JH-003/0974.pdf,1075,Rajesh Kumar,2023-01-22 00:00:00
DOC-00975,JH-001,Mining Lease,Min-0975-2023,2022-01-19,2026-01-18,Insurance Company,Extracted,Expired,/documents/mining_lease/JH-001/0975.pdf,1186,Rajesh Kumar,2022-02-14 00:00:00
DOC-00976,CG-001,Fire Safety Certificate,Fir-0976-2023,2022-04-04,2025-04-03,State PCB,Extracted,Expired,/documents/fire_safety_certificate/CG-001/0976.pdf,2131,Rajesh Kumar,2022-04-30 00:00:00
DOC-00977,JH-003,Training Certificate,Tra-0977-2023,2022-01-30,2027-01-29,DGMS,Extracted,Verified,/documents/training_certificate/JH-003/0977.pdf,4160,Sita Devi,2022-01-31 00:00:00
DOC-00978,OD-002,Explosives Licence,Exp-0978-2023,2023-06-09,2024-06-08,DGMS,Extracted,Expired,/documents/explosives_licence/OD-002/0978.pdf,3603,Sita Devi,2023-07-01 00:00:00
DOC-00979,OD-001,First Aid Certificate,Fir-0979-2023,2022-10-15,2024-10-14,DGMS,Extracted,Expired,/documents/first_aid_certificate/OD-001/0979.pdf,2698,Rajesh Kumar,2022-10-17 00:00:00
DOC-00980,CG-002,Environmental Clearance,Env-0980-2023,2023-07-08,2028-07-06,CPCB,Extracted,Pending,/documents/environmental_clearance/CG-002/0980.pdf,4332,Amit Patel,2023-07-30 00:00:00
DOC-00981,JH-001,Explosives Licence,Exp-0981-2023,2022-08-20,2024-08-19,Insurance Company,Pending,Expired,/documents/explosives_licence/JH-001/0981.pdf,4638,Rajesh Kumar,2022-08-26 00:00:00
DOC-00982,OD-002,Training Certificate,Tra-0982-2023,2022-02-17,2026-02-16,CPCB,Failed,Expired,/documents/training_certificate/OD-002/0982.pdf,2453,Sita Devi,2022-02-22 00:00:00
DOC-00983,JH-001,Audit Report,Aud-0983-2023,2022-05-03,2026-05-02,DGMS,Pending,Expired,/documents/audit_report/JH-001/0983.pdf,4457,Rajesh Kumar,2022-05-18 00:00:00
DOC-00984,JH-002,Explosives Licence,Exp-0984-2023,2023-11-29,2024-11-28,State Government,Extracted,Expired,/documents/explosives_licence/JH-002/0984.pdf,1306,Sita Devi,2023-12-23 00:00:00
DOC-00985,JH-001,Explosives Licence,Exp-0985-2023,2023-09-25,2027-09-24,State PCB,Pending,Verified,/documents/explosives_licence/JH-001/0985.pdf,4985,Rajesh Kumar,2023-10-04 00:00:00
DOC-00986,OD-001,Training Certificate,Tra-0986-2023,2022-07-16,2024-07-15,Insurance Company,Extracted,Expired,/documents/training_certificate/OD-001/0986.pdf,3917,Rajesh Kumar,2022-07-23 00:00:00
DOC-00987,CG-002,Training Certificate,Tra-0987-2023,2023-03-22,2028-03-20,CPCB,Extracted,Pending,/documents/training_certificate/CG-002/0987.pdf,2798,Amit Patel,2023-03-23 00:00:00
DOC-00988,CG-002,Insurance Certificate,Ins-0988-2023,2023-09-23,2026-09-22,Insurance Company,Pending,Pending,/documents/insurance_certificate/CG-002/0988.pdf,4323,Amit Patel,2023-10-18 00:00:00
DOC-00989,JH-001,Environmental Clearance,Env-0989-2023,2023-03-24,2024-03-23,DGMS,Extracted,Expired,/documents/environmental_clearance/JH-001/0989.pdf,4618,Rajesh Kumar,2023-04-07 00:00:00
DOC-00990,JH-002,First Aid Certificate,Fir-0990-2023,2023-07-23,2024-07-22,DGMS,Extracted,Expired,/documents/first_aid_certificate/JH-002/0990.pdf,4253,Rajesh Kumar,2023-08-08 00:00:00
DOC-00991,OD-001,Mining Lease,Min-0991-2023,2023-08-17,2024-08-16,CPCB,Pending,Expired,/documents/mining_lease/OD-001/0991.pdf,4711,Amit Patel,2023-09-05 00:00:00
DOC-00992,JH-002,Mining Lease,Min-0992-2023,2022-03-26,2026-03-25,State PCB,Extracted,Expired,/documents/mining_lease/JH-002/0992.pdf,3362,Rajesh Kumar,2022-03-29 00:00:00
DOC-00993,JH-002,Explosives Licence,Exp-0993-2023,2023-06-20,2025-06-19,Insurance Company,Extracted,Expired,/documents/explosives_licence/JH-002/0993.pdf,667,Amit Patel,2023-07-11 00:00:00
DOC-00994,CG-002,Training Certificate,Tra-0994-2023,2023-09-16,2028-09-14,Insurance Company,Extracted,Verified,/documents/training_certificate/CG-002/0994.pdf,3979,Sita Devi,2023-09-20 00:00:00
DOC-00995,JH-002,Fire Safety Certificate,Fir-0995-2023,2022-06-18,2023-06-18,State PCB,Extracted,Expired,/documents/fire_safety_certificate/JH-002/0995.pdf,2073,Sita Devi,2022-06-29 00:00:00
DOC-00996,CG-002,Mining Lease,Min-0996-2023,2023-01-25,2025-01-24,State PCB,Failed,Expired,/documents/mining_lease/CG-002/0996.pdf,2400,Amit Patel,2023-02-19 00:00:00
DOC-00997,JH-003,Insurance Certificate,Ins-0997-2023,2022-04-29,2026-04-28,DGMS,Extracted,Expired,/documents/insurance_certificate/JH-003/0997.pdf,2122,Amit Patel,2022-05-04 00:00:00
DOC-00998,OD-001,Audit Report,Aud-0998-2023,2023-08-07,2026-08-06,CPCB,Extracted,Expired,/documents/audit_report/OD-001/0998.pdf,2467,Amit Patel,2023-08-18 00:00:00
DOC-00999,OD-002,Audit Report,Aud-0999-2023,2023-01-28,2027-01-27,CPCB,Pending,Verified,/documents/audit_report/OD-002/0999.pdf,4716,Amit Patel,2023-02-05 00:00:00
DOC-01000,JH-002,Audit Report,Aud-1000-2023,2023-02-01,2028-01-31,CPCB,Extracted,Verified,/documents/audit_report/JH-002/1000.pdf,2695,Sita Devi,2023-02-10 00:00:00
DOC-01001,CG-001,Fire Safety Certificate,Fir-1001-2023,2023-01-21,2026-01-20,CPCB,Extracted,Expired,/documents/fire_safety_certificate/CG-001/1001.pdf,584,Rajesh Kumar,2023-02-19 00:00:00
DOC-01002,OD-002,Fire Safety Certificate,Fir-1002-2023,2023-01-26,2027-01-25,CPCB,Extracted,Verified,/documents/fire_safety_certificate/OD-002/1002.pdf,998,Amit Patel,2023-01-28 00:00:00
DOC-01003,CG-001,Mining Lease,Min-1003-2023,2023-05-22,2027-05-21,CPCB,Extracted,Verified,/documents/mining_lease/CG-001/1003.pdf,843,Sita Devi,2023-06-10 00:00:00
DOC-01004,OD-002,Audit Report,Aud-1004-2023,2023-01-30,2025-01-29,State PCB,Extracted,Expired,/documents/audit_report/OD-002/1004.pdf,4970,Amit Patel,2023-02-02 00:00:00
DOC-01005,JH-003,First Aid Certificate,Fir-1005-2023,2022-01-16,2026-01-15,State PCB,Extracted,Expired,/documents/first_aid_certificate/JH-003/1005.pdf,766,Amit Patel,2022-02-12 00:00:00
DOC-01006,OD-001,Environmental Clearance,Env-1006-2023,2022-09-05,2025-09-04,State Government,Pending,Expired,/documents/environmental_clearance/OD-001/1006.pdf,959,Amit Patel,2022-09-24 00:00:00
DOC-01007,JH-002,Training Certificate,Tra-1007-2023,2023-07-16,2026-07-15,DGMS,Extracted,Expired,/documents/training_certificate/JH-002/1007.pdf,2318,Amit Patel,2023-08-09 00:00:00
DOC-01008,JH-003,Explosives Licence,Exp-1008-2023,2023-06-01,2025-05-31,CPCB,Failed,Expired,/documents/explosives_licence/JH-003/1008.pdf,2066,Sita Devi,2023-06-22 00:00:00
DOC-01009,CG-001,Environmental Clearance,Env-1009-2023,2022-01-20,2026-01-19,State PCB,Extracted,Expired,/documents/environmental_clearance/CG-001/1009.pdf,4237,Rajesh Kumar,2022-02-04 00:00:00
DOC-01010,JH-001,Environmental Clearance,Env-1010-2023,2022-09-19,2025-09-18,State PCB,Extracted,Expired,/documents/environmental_clearance/JH-001/1010.pdf,4297,Amit Patel,2022-10-02 00:00:00
DOC-01011,CG-002,Safety Certificate,Saf-1011-2023,2023-06-24,2027-06-23,Insurance Company,Extracted,Rejected,/documents/safety_certificate/CG-002/1011.pdf,2600,Sita Devi,2023-07-17 00:00:00
DOC-01012,CG-002,Insurance Certificate,Ins-1012-2023,2022-09-16,2024-09-15,Insurance Company,Extracted,Expired,/documents/insurance_certificate/CG-002/1012.pdf,3387,Rajesh Kumar,2022-09-24 00:00:00
DOC-01013,JH-001,Insurance Certificate,Ins-1013-2023,2022-04-06,2025-04-05,CPCB,Extracted,Expired,/documents/insurance_certificate/JH-001/1013.pdf,3182,Sita Devi,2022-04-27 00:00:00
DOC-01014,OD-002,First Aid Certificate,Fir-1014-2023,2023-03-12,2024-03-11,State Government,Extracted,Expired,/documents/first_aid_certificate/OD-002/1014.pdf,3980,Amit Patel,2023-04-08 00:00:00
DOC-01015,CG-002,Safety Certificate,Saf-1015-2023,2023-08-19,2027-08-18,DGMS,Extracted,Verified,/documents/safety_certificate/CG-002/1015.pdf,3356,Rajesh Kumar,2023-09-09 00:00:00
DOC-01016,JH-003,Environmental Clearance,Env-1016-2023,2023-07-03,2025-07-02,Insurance Company,Extracted,Expired,/documents/environmental_clearance/JH-003/1016.pdf,3129,Amit Patel,2023-07-22 00:00:00
DOC-01017,JH-002,Insurance Certificate,Ins-1017-2023,2023-04-06,2024-04-05,Insurance Company,Extracted,Expired,/documents/insurance_certificate/JH-002/1017.pdf,2612,Rajesh Kumar,2023-04-15 00:00:00
DOC-01018,,Explosives Licence,Exp-1018-2023,2022-12-29,2026-12-28,State Government,Extracted,Verified,/documents/explosives_licence/global/1018.pdf,1623,Rajesh Kumar,2023-01-11 00:00:00
DOC-01019,OD-001,Explosives Licence,Exp-1019-2023,2023-06-11,2028-06-09,State Government,Extracted,Verified,/documents/explosives_licence/OD-001/1019.pdf,2494,Amit Patel,2023-07-09 00:00:00
DOC-01020,OD-002,Explosives Licence,Exp-1020-2023,2022-01-22,2025-01-21,Insurance Company,Failed,Expired,/documents/explosives_licence/OD-002/1020.pdf,4837,Rajesh Kumar,2022-02-12 00:00:00
DOC-01021,CG-001,Fire Safety Certificate,Fir-1021-2023,2022-04-09,2025-04-08,DGMS,Failed,Expired,/documents/fire_safety_certificate/CG-001/1021.pdf,2302,Amit Patel,2022-05-02 00:00:00
DOC-01022,JH-003,Insurance Certificate,Ins-1022-2023,2022-11-07,2024-11-06,Insurance Company,Extracted,Expired,/documents/insurance_certificate/JH-003/1022.pdf,4611,Rajesh Kumar,2022-11-24 00:00:00
DOC-01023,CG-001,Safety Certificate,Saf-1023-2023,2022-08-21,2024-08-20,State PCB,Extracted,Expired,/documents/safety_certificate/CG-001/1023.pdf,2450,Sita Devi,2022-08-26 00:00:00
DOC-01024,OD-001,Mining Lease,Min-1024-2023,2023-06-30,2024-06-29,State Government,Failed,Expired,/documents/mining_lease/OD-001/1024.pdf,3924,Rajesh Kumar,2023-07-21 00:00:00
DOC-01025,CG-002,Environmental Clearance,Env-1025-2023,2022-02-01,2023-02-01,State PCB,Extracted,Expired,/documents/environmental_clearance/CG-002/1025.pdf,3747,Sita Devi,2022-02-21 00:00:00
DOC-01026,OD-002,First Aid Certificate,Fir-1026-2023,2023-02-10,2028-02-09,State Government,Extracted,Verified,/documents/first_aid_certificate/OD-002/1026.pdf,2491,Rajesh Kumar,2023-02-19 00:00:00
DOC-01027,OD-001,Audit Report,Aud-1027-2023,2022-05-29,2026-05-28,Insurance Company,Extracted,Expired,/documents/audit_report/OD-001/1027.pdf,2742,Sita Devi,2022-06-05 00:00:00
DOC-01028,CG-002,Fire Safety Certificate,Fir-1028-2023,2023-05-29,2026-05-28,DGMS,Extracted,Expired,/documents/fire_safety_certificate/CG-002/1028.pdf,1779,Sita Devi,2023-06-24 00:00:00
DOC-01029,JH-002,Safety Certificate,Saf-1029-2023,2022-08-09,2023-08-09,State PCB,Pending,Expired,/documents/safety_certificate/JH-002/1029.pdf,4476,Rajesh Kumar,2022-08-27 00:00:00
DOC-01030,JH-001,Insurance Certificate,Ins-1030-2023,2023-02-05,2024-02-05,Insurance Company,Extracted,Expired,/documents/insurance_certificate/JH-001/1030.pdf,876,Rajesh Kumar,2023-02-23 00:00:00
DOC-01031,OD-002,Training Certificate,Tra-1031-2023,2023-06-06,2025-06-05,State PCB,Pending,Expired,/documents/training_certificate/OD-002/1031.pdf,4019,Amit Patel,2023-06-09 00:00:00
DOC-01032,JH-002,Fire Safety Certificate,Fir-1032-2023,2022-02-27,2025-02-26,State Government,Pending,Expired,/documents/fire_safety_certificate/JH-002/1032.pdf,646,Amit Patel,2022-03-17 00:00:00
DOC-01033,JH-003,Explosives Licence,Exp-1033-2023,2023-10-06,2027-10-05,State PCB,Extracted,Verified,/documents/explosives_licence/JH-003/1033.pdf,2725,Amit Patel,2023-10-18 00:00:00
DOC-01034,JH-001,Audit Report,Aud-1034-2023,2022-01-04,2023-01-04,State Government,Extracted,Expired,/documents/audit_report/JH-001/1034.pdf,4575,Amit Patel,2022-01-28 00:00:00
DOC-01035,JH-003,Audit Report,Aud-1035-2023,2023-11-16,2026-11-15,CPCB,Extracted,Verified,/documents/audit_report/JH-003/1035.pdf,4169,Sita Devi,2023-11-22 00:00:00
DOC-01036,OD-001,Safety Certificate,Saf-1036-2023,2022-10-02,2024-10-01,Insurance Company,Extracted,Expired,/documents/safety_certificate/OD-001/1036.pdf,996,Sita Devi,2022-10-03 00:00:00
DOC-01037,JH-001,Audit Report,Aud-1037-2023,2022-12-10,2026-12-09,CPCB,Extracted,Verified,/documents/audit_report/JH-001/1037.pdf,2142,Amit Patel,2022-12-20 00:00:00
DOC-01038,OD-002,Audit Report,Aud-1038-2023,2022-03-24,2025-03-23,DGMS,Pending,Expired,/documents/audit_report/OD-002/1038.pdf,1867,Sita Devi,2022-04-07 00:00:00
DOC-01039,JH-001,Mining Lease,Min-1039-2023,2023-05-24,2026-05-23,DGMS,Extracted,Expired,/documents/mining_lease/JH-001/1039.pdf,3347,Rajesh Kumar,2023-06-21 00:00:00
DOC-01040,,Explosives Licence,Exp-1040-2023,2022-04-27,2024-04-26,Insurance Company,Extracted,Expired,/documents/explosives_licence/global/1040.pdf,1188,Sita Devi,2022-05-05 00:00:00
DOC-01041,JH-001,Insurance Certificate,Ins-1041-2023,2022-04-30,2027-04-29,DGMS,Extracted,Verified,/documents/insurance_certificate/JH-001/1041.pdf,1464,Sita Devi,2022-05-18 00:00:00
DOC-01042,JH-001,Audit Report,Aud-1042-2023,2023-04-13,2024-04-12,Insurance Company,Pending,Expired,/documents/audit_report/JH-001/1042.pdf,4540,Amit Patel,2023-05-10 00:00:00
DOC-01043,CG-001,Training Certificate,Tra-1043-2023,2022-08-22,2026-08-21,CPCB,Pending,Expired,/documents/training_certificate/CG-001/1043.pdf,3634,Sita Devi,2022-09-16 00:00:00
DOC-01044,OD-002,Audit Report,Aud-1044-2023,2022-04-18,2024-04-17,CPCB,Extracted,Expired,/documents/audit_report/OD-002/1044.pdf,4458,Sita Devi,2022-04-19 00:00:00
DOC-01045,JH-001,Insurance Certificate,Ins-1045-2023,2022-04-01,2025-03-31,Insurance Company,Extracted,Expired,/documents/insurance_certificate/JH-001/1045.pdf,2448,Amit Patel,2022-04-22 00:00:00
DOC-01046,JH-001,Insurance Certificate,Ins-1046-2023,2022-09-21,2026-09-20,DGMS,Extracted,Verified,/documents/insurance_certificate/JH-001/1046.pdf,4670,Amit Patel,2022-10-04 00:00:00
DOC-01047,OD-002,Safety Certificate,Saf-1047-2023,2022-06-23,2026-06-22,CPCB,Pending,Expired,/documents/safety_certificate/OD-002/1047.pdf,1208,Sita Devi,2022-07-18 00:00:00
DOC-01048,OD-001,Mining Lease,Min-1048-2023,2023-08-15,2028-08-13,State PCB,Extracted,Verified,/documents/mining_lease/OD-001/1048.pdf,1429,Sita Devi,2023-09-05 00:00:00
DOC-01049,OD-002,Mining Lease,Min-1049-2023,2022-04-10,2027-04-09,DGMS,Extracted,Verified,/documents/mining_lease/OD-002/1049.pdf,4030,Amit Patel,2022-04-20 00:00:00
DOC-01050,CG-001,Safety Certificate,Saf-1050-2023,2023-09-15,2024-09-14,CPCB,Pending,Expired,/documents/safety_certificate/CG-001/1050.pdf,2153,Rajesh Kumar,2023-10-01 00:00:00
DOC-01051,OD-001,Fire Safety Certificate,Fir-1051-2023,2022-05-07,2024-05-06,State PCB,Extracted,Expired,/documents/fire_safety_certificate/OD-001/1051.pdf,525,Amit Patel,2022-05-11 00:00:00
DOC-01052,,First Aid Certificate,Fir-1052-2023,2022-01-13,2024-01-13,CPCB,Extracted,Expired,/documents/first_aid_certificate/global/1052.pdf,2635,Rajesh Kumar,2022-01-24 00:00:00
DOC-01053,JH-002,Insurance Certificate,Ins-1053-2023,2023-08-12,2028-08-10,State PCB,Extracted,Verified,/documents/insurance_certificate/JH-002/1053.pdf,4879,Sita Devi,2023-08-31 00:00:00
DOC-01054,OD-002,First Aid Certificate,Fir-1054-2023,2022-09-29,2027-09-28,Insurance Company,Extracted,Verified,/documents/first_aid_certificate/OD-002/1054.pdf,2886,Amit Patel,2022-10-16 00:00:00
DOC-01055,OD-001,Training Certificate,Tra-1055-2023,2022-05-03,2024-05-02,Insurance Company,Extracted,Expired,/documents/training_certificate/OD-001/1055.pdf,1193,Sita Devi,2022-05-26 00:00:00
DOC-01056,JH-003,Insurance Certificate,Ins-1056-2023,2022-09-02,2025-09-01,DGMS,Extracted,Expired,/documents/insurance_certificate/JH-003/1056.pdf,2254,Sita Devi,2022-09-23 00:00:00
DOC-01057,JH-003,First Aid Certificate,Fir-1057-2023,2022-03-05,2024-03-04,DGMS,Pending,Expired,/documents/first_aid_certificate/JH-003/1057.pdf,3202,Sita Devi,2022-03-06 00:00:00
DOC-01058,JH-003,First Aid Certificate,Fir-1058-2023,2023-05-30,2028-05-28,CPCB,Extracted,Pending,/documents/first_aid_certificate/JH-003/1058.pdf,1741,Amit Patel,2023-06-17 00:00:00
DOC-01059,JH-003,Insurance Certificate,Ins-1059-2023,2023-07-19,2028-07-17,State Government,Extracted,Pending,/documents/insurance_certificate/JH-003/1059.pdf,2305,Rajesh Kumar,2023-08-16 00:00:00
DOC-01060,JH-001,Mining Lease,Min-1060-2023,2022-04-03,2026-04-02,State PCB,Pending,Expired,/documents/mining_lease/JH-001/1060.pdf,2358,Amit Patel,2022-04-06 00:00:00
DOC-01061,OD-002,First Aid Certificate,Fir-1061-2023,2023-03-07,2026-03-06,Insurance Company,Extracted,Expired,/documents/first_aid_certificate/OD-002/1061.pdf,1350,Rajesh Kumar,2023-03-17 00:00:00
DOC-01062,OD-002,Explosives Licence,Exp-1062-2023,2022-11-20,2026-11-19,CPCB,Extracted,Verified,/documents/explosives_licence/OD-002/1062.pdf,1443,Sita Devi,2022-11-23 00:00:00
DOC-01063,JH-001,Environmental Clearance,Env-1063-2023,2022-05-03,2023-05-03,Insurance Company,Extracted,Expired,/documents/environmental_clearance/JH-001/1063.pdf,4073,Sita Devi,2022-05-27 00:00:00
DOC-01064,,Audit Report,Aud-1064-2023,2022-08-31,2026-08-30,Insurance Company,Extracted,Verified,/documents/audit_report/global/1064.pdf,2898,Rajesh Kumar,2022-09-06 00:00:00
DOC-01065,JH-003,Mining Lease,Min-1065-2023,2022-08-23,2027-08-22,State Government,Extracted,Verified,/documents/mining_lease/JH-003/1065.pdf,2956,Rajesh Kumar,2022-08-31 00:00:00
DOC-01066,JH-003,Training Certificate,Tra-1066-2023,2022-08-10,2026-08-09,Insurance Company,Extracted,Expired,/documents/training_certificate/JH-003/1066.pdf,513,Amit Patel,2022-08-16 00:00:00
DOC-01067,CG-001,Fire Safety Certificate,Fir-1067-2023,2022-03-07,2025-03-06,State Government,Pending,Expired,/documents/fire_safety_certificate/CG-001/1067.pdf,1981,Sita Devi,2022-03-20 00:00:00
DOC-01068,CG-001,First Aid Certificate,Fir-1068-2023,2022-04-02,2023-04-02,CPCB,Extracted,Expired,/documents/first_aid_certificate/CG-001/1068.pdf,2940,Amit Patel,2022-04-20 00:00:00
DOC-01069,,Fire Safety Certificate,Fir-1069-2023,2022-07-27,2027-07-26,CPCB,Extracted,Verified,/documents/fire_safety_certificate/global/1069.pdf,4339,Amit Patel,2022-08-21 00:00:00
DOC-01070,JH-003,First Aid Certificate,Fir-1070-2023,2022-08-16,2026-08-15,State Government,Extracted,Expired,/documents/first_aid_certificate/JH-003/1070.pdf,2873,Sita Devi,2022-08-25 00:00:00
DOC-01071,CG-002,First Aid Certificate,Fir-1071-2023,2022-07-14,2026-07-13,Insurance Company,Extracted,Expired,/documents/first_aid_certificate/CG-002/1071.pdf,1120,Sita Devi,2022-07-26 00:00:00
DOC-01072,JH-003,Training Certificate,Tra-1072-2023,2022-06-28,2026-06-27,Insurance Company,Pending,Expired,/documents/training_certificate/JH-003/1072.pdf,3592,Sita Devi,2022-07-20 00:00:00
DOC-01073,OD-001,Training Certificate,Tra-1073-2023,2022-11-02,2025-11-01,State Government,Extracted,Expired,/documents/training_certificate/OD-001/1073.pdf,3072,Rajesh Kumar,2022-11-04 00:00:00
DOC-01074,JH-002,Environmental Clearance,Env-1074-2023,2022-09-27,2026-09-26,DGMS,Extracted,Verified,/documents/environmental_clearance/JH-002/1074.pdf,4650,Rajesh Kumar,2022-10-09 00:00:00
DOC-01075,JH-001,Fire Safety Certificate,Fir-1075-2023,2022-07-29,2027-07-28,State PCB,Extracted,Verified,/documents/fire_safety_certificate/JH-001/1075.pdf,3916,Rajesh Kumar,2022-08-26 00:00:00
DOC-01076,JH-002,Training Certificate,Tra-1076-2023,2022-01-08,2024-01-08,State Government,Extracted,Expired,/documents/training_certificate/JH-002/1076.pdf,3337,Rajesh Kumar,2022-01-26 00:00:00
DOC-01077,JH-003,Safety Certificate,Saf-1077-2023,2022-04-13,2023-04-13,DGMS,Extracted,Expired,/documents/safety_certificate/JH-003/1077.pdf,3776,Sita Devi,2022-04-26 00:00:00
DOC-01078,OD-001,Environmental Clearance,Env-1078-2023,2023-10-18,2024-10-17,State PCB,Extracted,Expired,/documents/environmental_clearance/OD-001/1078.pdf,3094,Amit Patel,2023-10-31 00:00:00
DOC-01079,OD-002,Insurance Certificate,Ins-1079-2023,2022-03-24,2024-03-23,CPCB,Extracted,Expired,/documents/insurance_certificate/OD-002/1079.pdf,647,Sita Devi,2022-04-06 00:00:00
DOC-01080,OD-002,First Aid Certificate,Fir-1080-2023,2022-09-29,2024-09-28,CPCB,Extracted,Expired,/documents/first_aid_certificate/OD-002/1080.pdf,3342,Rajesh Kumar,2022-10-16 00:00:00
DOC-01081,CG-002,Training Certificate,Tra-1081-2023,2023-11-08,2025-11-07,State PCB,Pending,Expired,/documents/training_certificate/CG-002/1081.pdf,3431,Rajesh Kumar,2023-11-11 00:00:00
DOC-01082,JH-002,Mining Lease,Min-1082-2023,2022-10-25,2024-10-24,State Government,Extracted,Expired,/documents/mining_lease/JH-002/1082.pdf,1529,Sita Devi,2022-11-04 00:00:00
DOC-01083,OD-002,Training Certificate,Tra-1083-2023,2023-08-10,2024-08-09,State PCB,Extracted,Expired,/documents/training_certificate/OD-002/1083.pdf,1621,Amit Patel,2023-09-02 00:00:00
DOC-01084,OD-002,Audit Report,Aud-1084-2023,2022-07-15,2023-07-15,State Government,Extracted,Expired,/documents/audit_report/OD-002/1084.pdf,1074,Rajesh Kumar,2022-08-09 00:00:00
DOC-01085,CG-002,Fire Safety Certificate,Fir-1085-2023,2022-07-19,2024-07-18,CPCB,Extracted,Expired,/documents/fire_safety_certificate/CG-002/1085.pdf,3622,Amit Patel,2022-07-22 00:00:00
DOC-01086,OD-001,Fire Safety Certificate,Fir-1086-2023,2023-07-24,2024-07-23,State Government,Extracted,Expired,/documents/fire_safety_certificate/OD-001/1086.pdf,3552,Sita Devi,2023-07-25 00:00:00
DOC-01087,OD-001,Fire Safety Certificate,Fir-1087-2023,2022-04-14,2025-04-13,State Government,Extracted,Expired,/documents/fire_safety_certificate/OD-001/1087.pdf,3144,Sita Devi,2022-05-12 00:00:00
DOC-01088,OD-001,Mining Lease,Min-1088-2023,2022-02-10,2026-02-09,DGMS,Extracted,Expired,/documents/mining_lease/OD-001/1088.pdf,3140,Sita Devi,2022-03-02 00:00:00
DOC-01089,JH-002,Explosives Licence,Exp-1089-2023,2023-02-05,2024-02-05,Insurance Company,Extracted,Expired,/documents/explosives_licence/JH-002/1089.pdf,1796,Amit Patel,2023-02-21 00:00:00
DOC-01090,JH-002,Audit Report,Aud-1090-2023,2022-04-10,2023-04-10,DGMS,Extracted,Expired,/documents/audit_report/JH-002/1090.pdf,2704,Sita Devi,2022-05-04 00:00:00
DOC-01091,OD-002,Training Certificate,Tra-1091-2023,2022-12-04,2025-12-03,State Government,Extracted,Expired,/documents/training_certificate/OD-002/1091.pdf,1009,Sita Devi,2022-12-10 00:00:00
DOC-01092,JH-001,Training Certificate,Tra-1092-2023,2022-07-25,2027-07-24,DGMS,Extracted,Verified,/documents/training_certificate/JH-001/1092.pdf,2812,Rajesh Kumar,2022-08-12 00:00:00
DOC-01093,CG-001,Audit Report,Aud-1093-2023,2022-03-23,2023-03-23,State PCB,Extracted,Expired,/documents/audit_report/CG-001/1093.pdf,1938,Amit Patel,2022-04-07 00:00:00
DOC-01094,JH-001,Safety Certificate,Saf-1094-2023,2023-05-24,2024-05-23,Insurance Company,Extracted,Expired,/documents/safety_certificate/JH-001/1094.pdf,3066,Sita Devi,2023-05-31 00:00:00
DOC-01095,CG-002,Safety Certificate,Saf-1095-2023,2022-05-07,2025-05-06,DGMS,Extracted,Expired,/documents/safety_certificate/CG-002/1095.pdf,1334,Rajesh Kumar,2022-05-26 00:00:00
DOC-01096,OD-002,Audit Report,Aud-1096-2023,2022-06-05,2027-06-04,Insurance Company,Extracted,Verified,/documents/audit_report/OD-002/1096.pdf,2659,Sita Devi,2022-07-01 00:00:00
DOC-01097,OD-001,Fire Safety Certificate,Fir-1097-2023,2022-01-28,2025-01-27,Insurance Company,Extracted,Expired,/documents/fire_safety_certificate/OD-001/1097.pdf,2875,Sita Devi,2022-02-04 00:00:00
DOC-01098,,First Aid Certificate,Fir-1098-2023,2023-08-23,2026-08-22,CPCB,Extracted,Expired,/documents/first_aid_certificate/global/1098.pdf,4042,Amit Patel,2023-09-04 00:00:00
DOC-01099,CG-002,Environmental Clearance,Env-1099-2023,2023-01-25,2028-01-24,DGMS,Extracted,Verified,/documents/environmental_clearance/CG-002/1099.pdf,3629,Amit Patel,2023-02-12 00:00:00
DOC-01100,OD-001,Fire Safety Certificate,Fir-1100-2023,2022-09-28,2024-09-27,State Government,Failed,Expired,/documents/fire_safety_certificate/OD-001/1100.pdf,1326,Amit Patel,2022-10-11 00:00:00
DOC-01101,,Fire Safety Certificate,Fir-1101-2023,2022-07-25,2027-07-24,State Government,Extracted,Verified,/documents/fire_safety_certificate/global/1101.pdf,4002,Amit Patel,2022-08-05 00:00:00
DOC-01102,JH-002,Training Certificate,Tra-1102-2023,2023-06-06,2028-06-04,CPCB,Extracted,Verified,/documents/training_certificate/JH-002/1102.pdf,1414,Sita Devi,2023-07-01 00:00:00
DOC-01103,CG-002,Environmental Clearance,Env-1103-2023,2022-10-04,2027-10-03,CPCB,Extracted,Verified,/documents/environmental_clearance/CG-002/1103.pdf,3562,Amit Patel,2022-10-20 00:00:00
DOC-01104,CG-001,Mining Lease,Min-1104-2023,2022-02-21,2025-02-20,State Government,Pending,Expired,/documents/mining_lease/CG-001/1104.pdf,3330,Rajesh Kumar,2022-03-05 00:00:00
DOC-01105,JH-003,Environmental Clearance,Env-1105-2023,2022-09-03,2025-09-02,DGMS,Extracted,Expired,/documents/environmental_clearance/JH-003/1105.pdf,4352,Sita Devi,2022-09-28 00:00:00
DOC-01106,OD-002,Explosives Licence,Exp-1106-2023,2022-09-12,2026-09-11,Insurance Company,Extracted,Verified,/documents/explosives_licence/OD-002/1106.pdf,4911,Sita Devi,2022-09-25 00:00:00
DOC-01107,OD-002,Environmental Clearance,Env-1107-2023,2022-08-01,2024-07-31,Insurance Company,Extracted,Expired,/documents/environmental_clearance/OD-002/1107.pdf,1908,Sita Devi,2022-08-06 00:00:00
DOC-01108,CG-001,Fire Safety Certificate,Fir-1108-2023,2023-01-05,2024-01-05,State PCB,Extracted,Expired,/documents/fire_safety_certificate/CG-001/1108.pdf,3728,Amit Patel,2023-01-11 00:00:00
DOC-01109,CG-002,Audit Report,Aud-1109-2023,2023-04-17,2027-04-16,DGMS,Extracted,Verified,/documents/audit_report/CG-002/1109.pdf,2975,Amit Patel,2023-04-22 00:00:00
DOC-01110,JH-001,First Aid Certificate,Fir-1110-2023,2022-09-10,2025-09-09,State Government,Extracted,Expired,/documents/first_aid_certificate/JH-001/1110.pdf,2696,Rajesh Kumar,2022-09-27 00:00:00
DOC-01111,JH-002,Training Certificate,Tra-1111-2023,2023-09-18,2025-09-17,DGMS,Failed,Expired,/documents/training_certificate/JH-002/1111.pdf,2435,Rajesh Kumar,2023-09-19 00:00:00
DOC-01112,JH-002,First Aid Certificate,Fir-1112-2023,2022-01-12,2025-01-11,CPCB,Pending,Expired,/documents/first_aid_certificate/JH-002/1112.pdf,3146,Rajesh Kumar,2022-01-22 00:00:00
DOC-01113,CG-002,Safety Certificate,Saf-1113-2023,2023-05-02,2026-05-01,State Government,Extracted,Expired,/documents/safety_certificate/CG-002/1113.pdf,4266,Rajesh Kumar,2023-05-16 00:00:00
DOC-01114,JH-003,Insurance Certificate,Ins-1114-2023,2023-04-23,2027-04-22,State PCB,Extracted,Verified,/documents/insurance_certificate/JH-003/1114.pdf,524,Sita Devi,2023-05-12 00:00:00
DOC-01115,CG-002,Mining Lease,Min-1115-2023,2023-11-21,2025-11-20,Insurance Company,Extracted,Expired,/documents/mining_lease/CG-002/1115.pdf,1619,Rajesh Kumar,2023-11-27 00:00:00
DOC-01116,OD-002,Audit Report,Aud-1116-2023,2022-07-05,2027-07-04,State Government,Extracted,Pending,/documents/audit_report/OD-002/1116.pdf,1992,Sita Devi,2022-07-26 00:00:00
DOC-01117,OD-001,Audit Report,Aud-1117-2023,2022-06-16,2026-06-15,State Government,Extracted,Expired,/documents/audit_report/OD-001/1117.pdf,4126,Sita Devi,2022-07-08 00:00:00
DOC-01118,CG-002,First Aid Certificate,Fir-1118-2023,2022-07-17,2026-07-16,CPCB,Extracted,Expired,/documents/first_aid_certificate/CG-002/1118.pdf,3478,Amit Patel,2022-08-05 00:00:00
DOC-01119,OD-001,Mining Lease,Min-1119-2023,2022-03-31,2026-03-30,State PCB,Extracted,Expired,/documents/mining_lease/OD-001/1119.pdf,2064,Amit Patel,2022-04-04 00:00:00
DOC-01120,CG-001,Insurance Certificate,Ins-1120-2023,2023-05-31,2026-05-30,State Government,Extracted,Expired,/documents/insurance_certificate/CG-001/1120.pdf,3466,Rajesh Kumar,2023-06-22 00:00:00
DOC-01121,CG-001,Environmental Clearance,Env-1121-2023,2022-05-26,2025-05-25,DGMS,Extracted,Expired,/documents/environmental_clearance/CG-001/1121.pdf,2281,Rajesh Kumar,2022-06-06 00:00:00
DOC-01122,CG-001,Audit Report,Aud-1122-2023,2023-02-18,2025-02-17,CPCB,Extracted,Expired,/documents/audit_report/CG-001/1122.pdf,4721,Amit Patel,2023-03-12 00:00:00
DOC-01123,JH-003,Fire Safety Certificate,Fir-1123-2023,2022-01-11,2027-01-10,Insurance Company,Pending,Verified,/documents/fire_safety_certificate/JH-003/1123.pdf,2420,Amit Patel,2022-02-02 00:00:00
DOC-01124,JH-002,Fire Safety Certificate,Fir-1124-2023,2022-11-11,2026-11-10,State PCB,Pending,Verified,/documents/fire_safety_certificate/JH-002/1124.pdf,4382,Amit Patel,2022-12-11 00:00:00
DOC-01125,OD-001,Insurance Certificate,Ins-1125-2023,2023-03-22,2025-03-21,State Government,Pending,Expired,/documents/insurance_certificate/OD-001/1125.pdf,1923,Rajesh Kumar,2023-03-25 00:00:00
DOC-01126,CG-002,Safety Certificate,Saf-1126-2023,2022-10-20,2026-10-19,CPCB,Extracted,Verified,/documents/safety_certificate/CG-002/1126.pdf,2943,Sita Devi,2022-11-02 00:00:00
DOC-01127,OD-001,Fire Safety Certificate,Fir-1127-2023,2023-06-04,2028-06-02,DGMS,Extracted,Verified,/documents/fire_safety_certificate/OD-001/1127.pdf,1187,Rajesh Kumar,2023-06-30 00:00:00
DOC-01128,JH-003,Insurance Certificate,Ins-1128-2023,2023-02-14,2024-02-14,State PCB,Extracted,Expired,/documents/insurance_certificate/JH-003/1128.pdf,2937,Sita Devi,2023-02-19 00:00:00
DOC-01129,CG-002,Explosives Licence,Exp-1129-2023,2022-08-08,2027-08-07,State PCB,Pending,Verified,/documents/explosives_licence/CG-002/1129.pdf,2805,Rajesh Kumar,2022-08-12 00:00:00
DOC-01130,CG-002,Insurance Certificate,Ins-1130-2023,2023-09-20,2026-09-19,DGMS,Extracted,Verified,/documents/insurance_certificate/CG-002/1130.pdf,1088,Amit Patel,2023-10-06 00:00:00
DOC-01131,OD-001,Audit Report,Aud-1131-2023,2023-12-20,2024-12-19,State Government,Pending,Expired,/documents/audit_report/OD-001/1131.pdf,1806,Amit Patel,2023-12-30 00:00:00
DOC-01132,CG-002,Environmental Clearance,Env-1132-2023,2023-07-16,2026-07-15,DGMS,Extracted,Expired,/documents/environmental_clearance/CG-002/1132.pdf,2347,Rajesh Kumar,2023-08-05 00:00:00
DOC-01133,CG-001,Audit Report,Aud-1133-2023,2022-12-03,2023-12-03,State PCB,Extracted,Expired,/documents/audit_report/CG-001/1133.pdf,4357,Amit Patel,2022-12-26 00:00:00
DOC-01134,OD-001,Explosives Licence,Exp-1134-2023,2023-04-15,2025-04-14,State Government,Extracted,Expired,/documents/explosives_licence/OD-001/1134.pdf,4050,Amit Patel,2023-05-14 00:00:00
DOC-01135,JH-002,Explosives Licence,Exp-1135-2023,2022-04-01,2024-03-31,State PCB,Pending,Expired,/documents/explosives_licence/JH-002/1135.pdf,656,Rajesh Kumar,2022-04-26 00:00:00
DOC-01136,OD-002,Safety Certificate,Saf-1136-2023,2022-04-20,2026-04-19,Insurance Company,Extracted,Expired,/documents/safety_certificate/OD-002/1136.pdf,2860,Rajesh Kumar,2022-05-04 00:00:00
DOC-01137,OD-001,Environmental Clearance,Env-1137-2023,2022-04-06,2025-04-05,CPCB,Extracted,Expired,/documents/environmental_clearance/OD-001/1137.pdf,1118,Rajesh Kumar,2022-04-17 00:00:00
DOC-01138,JH-002,Audit Report,Aud-1138-2023,2022-10-18,2023-10-18,Insurance Company,Extracted,Expired,/documents/audit_report/JH-002/1138.pdf,2015,Amit Patel,2022-11-03 00:00:00
DOC-01139,JH-003,Safety Certificate,Saf-1139-2023,2023-11-24,2028-11-22,CPCB,Extracted,Verified,/documents/safety_certificate/JH-003/1139.pdf,523,Sita Devi,2023-12-05 00:00:00
DOC-01140,JH-003,Fire Safety Certificate,Fir-1140-2023,2022-05-07,2023-05-07,State PCB,Extracted,Expired,/documents/fire_safety_certificate/JH-003/1140.pdf,528,Sita Devi,2022-05-28 00:00:00
DOC-01141,OD-001,Safety Certificate,Saf-1141-2023,2023-09-29,2026-09-28,DGMS,Extracted,Verified,/documents/safety_certificate/OD-001/1141.pdf,1995,Sita Devi,2023-10-25 00:00:00
DOC-01142,JH-001,Safety Certificate,Saf-1142-2023,2023-06-11,2027-06-10,CPCB,Extracted,Verified,/documents/safety_certificate/JH-001/1142.pdf,804,Sita Devi,2023-06-30 00:00:00
DOC-01143,OD-001,First Aid Certificate,Fir-1143-2023,2023-08-23,2028-08-21,State Government,Extracted,Pending,/documents/first_aid_certificate/OD-001/1143.pdf,3006,Amit Patel,2023-08-25 00:00:00
DOC-01144,CG-001,First Aid Certificate,Fir-1144-2023,2022-07-07,2026-07-06,DGMS,Extracted,Expired,/documents/first_aid_certificate/CG-001/1144.pdf,4485,Rajesh Kumar,2022-07-18 00:00:00
DOC-01145,JH-003,Fire Safety Certificate,Fir-1145-2023,2022-05-08,2026-05-07,State PCB,Extracted,Expired,/documents/fire_safety_certificate/JH-003/1145.pdf,3808,Amit Patel,2022-05-29 00:00:00
DOC-01146,CG-001,Fire Safety Certificate,Fir-1146-2023,2023-11-04,2024-11-03,State Government,Pending,Expired,/documents/fire_safety_certificate/CG-001/1146.pdf,1580,Sita Devi,2023-12-02 00:00:00
DOC-01147,CG-001,Environmental Clearance,Env-1147-2023,2022-09-24,2026-09-23,CPCB,Extracted,Verified,/documents/environmental_clearance/CG-001/1147.pdf,2388,Amit Patel,2022-10-24 00:00:00
DOC-01148,OD-002,Explosives Licence,Exp-1148-2023,2022-01-18,2023-01-18,CPCB,Extracted,Expired,/documents/explosives_licence/OD-002/1148.pdf,4348,Rajesh Kumar,2022-01-31 00:00:00
DOC-01149,OD-002,First Aid Certificate,Fir-1149-2023,2023-04-23,2025-04-22,State PCB,Extracted,Expired,/documents/first_aid_certificate/OD-002/1149.pdf,1285,Rajesh Kumar,2023-05-05 00:00:00
DOC-01150,JH-003,Audit Report,Aud-1150-2023,2022-09-05,2025-09-04,State Government,Extracted,Expired,/documents/audit_report/JH-003/1150.pdf,3254,Rajesh Kumar,2022-09-30 00:00:00
DOC-01151,CG-002,Explosives Licence,Exp-1151-2023,2023-07-04,2024-07-03,State Government,Failed,Expired,/documents/explosives_licence/CG-002/1151.pdf,1331,Rajesh Kumar,2023-08-02 00:00:00
DOC-01152,OD-001,Training Certificate,Tra-1152-2023,2023-11-28,2024-11-27,State PCB,Extracted,Expired,/documents/training_certificate/OD-001/1152.pdf,4757,Sita Devi,2023-12-08 00:00:00
DOC-01153,JH-003,Explosives Licence,Exp-1153-2023,2023-09-24,2027-09-23,State PCB,Extracted,Verified,/documents/explosives_licence/JH-003/1153.pdf,4366,Sita Devi,2023-10-19 00:00:00
DOC-01154,CG-002,Fire Safety Certificate,Fir-1154-2023,2023-10-23,2028-10-21,Insurance Company,Extracted,Verified,/documents/fire_safety_certificate/CG-002/1154.pdf,2682,Amit Patel,2023-11-08 00:00:00
DOC-01155,CG-001,Training Certificate,Tra-1155-2023,2023-05-17,2026-05-16,State Government,Extracted,Expired,/documents/training_certificate/CG-001/1155.pdf,1240,Rajesh Kumar,2023-05-29 00:00:00
DOC-01156,CG-001,Mining Lease,Min-1156-2023,2022-07-09,2024-07-08,Insurance Company,Extracted,Expired,/documents/mining_lease/CG-001/1156.pdf,1560,Rajesh Kumar,2022-08-07 00:00:00
DOC-01157,,Mining Lease,Min-1157-2023,2023-03-07,2026-03-06,DGMS,Extracted,Expired,/documents/mining_lease/global/1157.pdf,4875,Rajesh Kumar,2023-04-03 00:00:00
DOC-01158,JH-002,Training Certificate,Tra-1158-2023,2022-09-29,2027-09-28,DGMS,Extracted,Verified,/documents/training_certificate/JH-002/1158.pdf,2422,Amit Patel,2022-10-25 00:00:00
DOC-01159,,Mining Lease,Min-1159-2023,2023-06-13,2027-06-12,State PCB,Extracted,Verified,/documents/mining_lease/global/1159.pdf,1330,Rajesh Kumar,2023-07-03 00:00:00
DOC-01160,JH-003,Fire Safety Certificate,Fir-1160-2023,2022-06-28,2027-06-27,State PCB,Extracted,Verified,/documents/fire_safety_certificate/JH-003/1160.pdf,4383,Rajesh Kumar,2022-07-03 00:00:00
DOC-01161,CG-001,Insurance Certificate,Ins-1161-2023,2023-04-30,2027-04-29,State PCB,Extracted,Verified,/documents/insurance_certificate/CG-001/1161.pdf,1104,Sita Devi,2023-05-06 00:00:00
DOC-01162,JH-002,Insurance Certificate,Ins-1162-2023,2022-06-22,2027-06-21,DGMS,Pending,Pending,/documents/insurance_certificate/JH-002/1162.pdf,1671,Sita Devi,2022-06-28 00:00:00
DOC-01163,JH-002,Fire Safety Certificate,Fir-1163-2023,2022-01-15,2025-01-14,Insurance Company,Extracted,Expired,/documents/fire_safety_certificate/JH-002/1163.pdf,626,Sita Devi,2022-02-13 00:00:00
DOC-01164,CG-002,Insurance Certificate,Ins-1164-2023,2022-01-07,2024-01-07,DGMS,Extracted,Expired,/documents/insurance_certificate/CG-002/1164.pdf,1719,Sita Devi,2022-01-27 00:00:00
DOC-01165,JH-003,Mining Lease,Min-1165-2023,2023-03-19,2027-03-18,State Government,Extracted,Verified,/documents/mining_lease/JH-003/1165.pdf,2933,Rajesh Kumar,2023-04-12 00:00:00
DOC-01166,JH-003,Insurance Certificate,Ins-1166-2023,2023-11-03,2028-11-01,DGMS,Extracted,Verified,/documents/insurance_certificate/JH-003/1166.pdf,637,Rajesh Kumar,2023-11-06 00:00:00
DOC-01167,JH-001,Audit Report,Aud-1167-2023,2022-02-20,2023-02-20,CPCB,Extracted,Expired,/documents/audit_report/JH-001/1167.pdf,3883,Amit Patel,2022-03-08 00:00:00
DOC-01168,JH-002,Safety Certificate,Saf-1168-2023,2022-10-13,2025-10-12,State PCB,Extracted,Expired,/documents/safety_certificate/JH-002/1168.pdf,870,Amit Patel,2022-11-06 00:00:00
DOC-01169,CG-002,Insurance Certificate,Ins-1169-2023,2022-09-27,2024-09-26,DGMS,Extracted,Expired,/documents/insurance_certificate/CG-002/1169.pdf,3063,Amit Patel,2022-09-28 00:00:00
DOC-01170,JH-003,Training Certificate,Tra-1170-2023,2023-03-11,2025-03-10,CPCB,Extracted,Expired,/documents/training_certificate/JH-003/1170.pdf,2998,Rajesh Kumar,2023-04-08 00:00:00
DOC-01171,JH-001,Fire Safety Certificate,Fir-1171-2023,2023-02-13,2026-02-12,State PCB,Extracted,Expired,/documents/fire_safety_certificate/JH-001/1171.pdf,3881,Rajesh Kumar,2023-03-11 00:00:00
DOC-01172,JH-001,Training Certificate,Tra-1172-2023,2023-03-22,2026-03-21,State PCB,Extracted,Expired,/documents/training_certificate/JH-001/1172.pdf,3647,Sita Devi,2023-04-06 00:00:00
DOC-01173,CG-001,Training Certificate,Tra-1173-2023,2023-06-02,2024-06-01,DGMS,Extracted,Expired,/documents/training_certificate/CG-001/1173.pdf,1311,Rajesh Kumar,2023-06-17 00:00:00
DOC-01174,CG-002,Explosives Licence,Exp-1174-2023,2022-03-17,2023-03-17,State Government,Extracted,Expired,/documents/explosives_licence/CG-002/1174.pdf,4295,Amit Patel,2022-03-26 00:00:00
DOC-01175,JH-001,First Aid Certificate,Fir-1175-2023,2022-07-30,2023-07-30,State Government,Extracted,Expired,/documents/first_aid_certificate/JH-001/1175.pdf,3741,Rajesh Kumar,2022-08-16 00:00:00
DOC-01176,JH-002,First Aid Certificate,Fir-1176-2023,2023-01-02,2024-01-02,Insurance Company,Extracted,Expired,/documents/first_aid_certificate/JH-002/1176.pdf,2481,Sita Devi,2023-01-30 00:00:00
DOC-01177,OD-001,Audit Report,Aud-1177-2023,2023-03-01,2025-02-28,Insurance Company,Extracted,Expired,/documents/audit_report/OD-001/1177.pdf,2503,Amit Patel,2023-03-12 00:00:00
DOC-01178,OD-002,First Aid Certificate,Fir-1178-2023,2023-05-07,2024-05-06,State Government,Extracted,Expired,/documents/first_aid_certificate/OD-002/1178.pdf,3214,Sita Devi,2023-05-30 00:00:00
DOC-01179,OD-002,Insurance Certificate,Ins-1179-2023,2023-04-12,2028-04-10,CPCB,Extracted,Verified,/documents/insurance_certificate/OD-002/1179.pdf,3096,Sita Devi,2023-05-01 00:00:00
DOC-01180,JH-003,Insurance Certificate,Ins-1180-2023,2023-11-07,2027-11-06,Insurance Company,Extracted,Verified,/documents/insurance_certificate/JH-003/1180.pdf,2444,Amit Patel,2023-11-28 00:00:00
DOC-01181,JH-001,Training Certificate,Tra-1181-2023,2024-01-01,2027-12-31,Insurance Company,Extracted,Verified,/documents/training_certificate/JH-001/1181.pdf,3618,Sita Devi,2024-01-16 00:00:00
DOC-01182,CG-001,Insurance Certificate,Ins-1182-2023,2023-09-19,2026-09-18,DGMS,Extracted,Verified,/documents/insurance_certificate/CG-001/1182.pdf,1366,Sita Devi,2023-10-19 00:00:00
DOC-01183,JH-002,Fire Safety Certificate,Fir-1183-2023,2022-04-14,2026-04-13,State Government,Pending,Expired,/documents/fire_safety_certificate/JH-002/1183.pdf,4141,Sita Devi,2022-05-01 00:00:00
DOC-01184,OD-001,Fire Safety Certificate,Fir-1184-2023,2023-08-16,2026-08-15,State PCB,Extracted,Expired,/documents/fire_safety_certificate/OD-001/1184.pdf,3795,Amit Patel,2023-08-21 00:00:00
DOC-01185,CG-001,Audit Report,Aud-1185-2023,2022-01-30,2024-01-30,DGMS,Extracted,Expired,/documents/audit_report/CG-001/1185.pdf,738,Amit Patel,2022-02-16 00:00:00
DOC-01186,CG-001,Environmental Clearance,Env-1186-2023,2023-06-19,2024-06-18,Insurance Company,Extracted,Expired,/documents/environmental_clearance/CG-001/1186.pdf,3946,Rajesh Kumar,2023-06-30 00:00:00
DOC-01187,OD-002,Audit Report,Aud-1187-2023,2022-01-23,2026-01-22,CPCB,Pending,Expired,/documents/audit_report/OD-002/1187.pdf,2011,Amit Patel,2022-02-14 00:00:00
DOC-01188,JH-002,First Aid Certificate,Fir-1188-2023,2022-02-20,2023-02-20,Insurance Company,Extracted,Expired,/documents/first_aid_certificate/JH-002/1188.pdf,4942,Rajesh Kumar,2022-02-22 00:00:00
DOC-01189,JH-001,Training Certificate,Tra-1189-2023,2022-06-27,2023-06-27,DGMS,Extracted,Expired,/documents/training_certificate/JH-001/1189.pdf,4188,Sita Devi,2022-07-09 00:00:00
DOC-01190,JH-003,Environmental Clearance,Env-1190-2023,2023-05-15,2028-05-13,Insurance Company,Extracted,Verified,/documents/environmental_clearance/JH-003/1190.pdf,2401,Amit Patel,2023-05-24 00:00:00
DOC-01191,JH-003,First Aid Certificate,Fir-1191-2023,2023-07-05,2026-07-04,Insurance Company,Extracted,Expired,/documents/first_aid_certificate/JH-003/1191.pdf,2403,Rajesh Kumar,2023-07-25 00:00:00
DOC-01192,CG-001,Fire Safety Certificate,Fir-1192-2023,2022-03-04,2024-03-03,State PCB,Extracted,Expired,/documents/fire_safety_certificate/CG-001/1192.pdf,3721,Sita Devi,2022-04-01 00:00:00
DOC-01193,CG-001,Explosives Licence,Exp-1193-2023,2022-02-21,2024-02-21,State PCB,Extracted,Expired,/documents/explosives_licence/CG-001/1193.pdf,677,Amit Patel,2022-02-27 00:00:00
DOC-01194,OD-002,Explosives Licence,Exp-1194-2023,2022-05-21,2023-05-21,Insurance Company,Failed,Expired,/documents/explosives_licence/OD-002/1194.pdf,4170,Sita Devi,2022-06-09 00:00:00
DOC-01195,CG-002,First Aid Certificate,Fir-1195-2023,2023-02-24,2026-02-23,CPCB,Extracted,Expired,/documents/first_aid_certificate/CG-002/1195.pdf,1503,Amit Patel,2023-03-05 00:00:00
DOC-01196,JH-003,Environmental Clearance,Env-1196-2023,2023-11-18,2027-11-17,State Government,Failed,Verified,/documents/environmental_clearance/JH-003/1196.pdf,4890,Rajesh Kumar,2023-11-24 00:00:00
DOC-01197,JH-003,Environmental Clearance,Env-1197-2023,2023-09-09,2027-09-08,Insurance Company,Extracted,Verified,/documents/environmental_clearance/JH-003/1197.pdf,4713,Amit Patel,2023-09-23 00:00:00
DOC-01198,OD-001,First Aid Certificate,Fir-1198-2023,2023-10-23,2025-10-22,State Government,Extracted,Expired,/documents/first_aid_certificate/OD-001/1198.pdf,3215,Amit Patel,2023-11-04 00:00:00
DOC-01199,CG-001,Mining Lease,Min-1199-2023,2023-08-03,2024-08-02,Insurance Company,Pending,Expired,/documents/mining_lease/CG-001/1199.pdf,3594,Amit Patel,2023-08-12 00:00:00
DOC-01200,CG-002,Audit Report,Aud-1200-2023,2023-07-23,2028-07-21,Insurance Company,Failed,Verified,/documents/audit_report/CG-002/1200.pdf,4462,Amit Patel,2023-08-13 00:00:00
DOC-01201,JH-001,Environmental Clearance,Env-1201-2023,2023-01-04,2024-01-04,DGMS,Extracted,Expired,/documents/environmental_clearance/JH-001/1201.pdf,4540,Amit Patel,2023-01-09 00:00:00
DOC-01202,JH-002,Insurance Certificate,Ins-1202-2023,2023-11-07,2024-11-06,Insurance Company,Extracted,Expired,/documents/insurance_certificate/JH-002/1202.pdf,690,Sita Devi,2023-11-09 00:00:00
DOC-01203,JH-003,Training Certificate,Tra-1203-2023,2022-09-30,2026-09-29,State PCB,Pending,Verified,/documents/training_certificate/JH-003/1203.pdf,3717,Rajesh Kumar,2022-10-10 00:00:00
DOC-01204,,Fire Safety Certificate,Fir-1204-2023,2023-02-02,2027-02-01,CPCB,Extracted,Verified,/documents/fire_safety_certificate/global/1204.pdf,2331,Amit Patel,2023-02-10 00:00:00
DOC-01205,,Insurance Certificate,Ins-1205-2023,2023-11-11,2026-11-10,State Government,Failed,Verified,/documents/insurance_certificate/global/1205.pdf,3768,Amit Patel,2023-12-07 00:00:00
DOC-01206,CG-002,First Aid Certificate,Fir-1206-2023,2023-04-06,2024-04-05,State PCB,Pending,Expired,/documents/first_aid_certificate/CG-002/1206.pdf,959,Amit Patel,2023-04-14 00:00:00
DOC-01207,OD-002,Explosives Licence,Exp-1207-2023,2023-01-28,2024-01-28,State Government,Extracted,Expired,/documents/explosives_licence/OD-002/1207.pdf,4734,Rajesh Kumar,2023-02-21 00:00:00
DOC-01208,,Environmental Clearance,Env-1208-2023,2022-03-22,2025-03-21,State Government,Pending,Expired,/documents/environmental_clearance/global/1208.pdf,4258,Amit Patel,2022-04-17 00:00:00
DOC-01209,JH-002,Training Certificate,Tra-1209-2023,2022-02-09,2027-02-08,State PCB,Extracted,Verified,/documents/training_certificate/JH-002/1209.pdf,933,Rajesh Kumar,2022-02-24 00:00:00
DOC-01210,OD-001,Training Certificate,Tra-1210-2023,2022-09-06,2027-09-05,DGMS,Extracted,Verified,/documents/training_certificate/OD-001/1210.pdf,1229,Amit Patel,2022-10-06 00:00:00
DOC-01211,OD-002,Explosives Licence,Exp-1211-2023,2022-06-14,2025-06-13,Insurance Company,Extracted,Expired,/documents/explosives_licence/OD-002/1211.pdf,4192,Amit Patel,2022-06-29 00:00:00
DOC-01212,CG-002,First Aid Certificate,Fir-1212-2023,2023-06-03,2026-06-02,State Government,Pending,Expired,/documents/first_aid_certificate/CG-002/1212.pdf,4955,Amit Patel,2023-07-01 00:00:00
DOC-01213,CG-001,Environmental Clearance,Env-1213-2023,2022-10-15,2024-10-14,Insurance Company,Extracted,Expired,/documents/environmental_clearance/CG-001/1213.pdf,3340,Sita Devi,2022-10-23 00:00:00
DOC-01214,CG-001,Mining Lease,Min-1214-2023,2022-03-06,2027-03-05,CPCB,Pending,Pending,/documents/mining_lease/CG-001/1214.pdf,4067,Amit Patel,2022-04-02 00:00:00
DOC-01215,OD-001,Safety Certificate,Saf-1215-2023,2023-05-20,2027-05-19,DGMS,Extracted,Verified,/documents/safety_certificate/OD-001/1215.pdf,2307,Rajesh Kumar,2023-05-27 00:00:00
DOC-01216,CG-001,Mining Lease,Min-1216-2023,2023-01-15,2027-01-14,CPCB,Extracted,Pending,/documents/mining_lease/CG-001/1216.pdf,4508,Sita Devi,2023-01-25 00:00:00
DOC-01217,JH-002,Environmental Clearance,Env-1217-2023,2022-07-25,2025-07-24,State PCB,Extracted,Expired,/documents/environmental_clearance/JH-002/1217.pdf,4946,Amit Patel,2022-07-26 00:00:00
DOC-01218,JH-001,Insurance Certificate,Ins-1218-2023,2023-04-08,2026-04-07,State PCB,Extracted,Expired,/documents/insurance_certificate/JH-001/1218.pdf,3439,Sita Devi,2023-05-03 00:00:00
DOC-01219,JH-003,Mining Lease,Min-1219-2023,2023-01-15,2028-01-14,State PCB,Extracted,Verified,/documents/mining_lease/JH-003/1219.pdf,2938,Amit Patel,2023-01-18 00:00:00
DOC-01220,JH-003,Training Certificate,Tra-1220-2023,2023-02-15,2027-02-14,State Government,Pending,Verified,/documents/training_certificate/JH-003/1220.pdf,2702,Sita Devi,2023-03-06 00:00:00
DOC-01221,OD-002,Fire Safety Certificate,Fir-1221-2023,2022-12-30,2025-12-29,State PCB,Extracted,Expired,/documents/fire_safety_certificate/OD-002/1221.pdf,3066,Rajesh Kumar,2023-01-22 00:00:00
DOC-01222,OD-001,Explosives Licence,Exp-1222-2023,2023-09-16,2024-09-15,CPCB,Extracted,Expired,/documents/explosives_licence/OD-001/1222.pdf,2103,Sita Devi,2023-10-14 00:00:00
DOC-01223,JH-003,First Aid Certificate,Fir-1223-2023,2023-03-21,2024-03-20,DGMS,Extracted,Expired,/documents/first_aid_certificate/JH-003/1223.pdf,568,Rajesh Kumar,2023-04-15 00:00:00
DOC-01224,JH-003,Training Certificate,Tra-1224-2023,2023-01-16,2028-01-15,DGMS,Extracted,Verified,/documents/training_certificate/JH-003/1224.pdf,1253,Amit Patel,2023-02-06 00:00:00
DOC-01225,OD-001,Environmental Clearance,Env-1225-2023,2022-01-02,2023-01-02,DGMS,Failed,Expired,/documents/environmental_clearance/OD-001/1225.pdf,2053,Rajesh Kumar,2022-01-28 00:00:00
DOC-01226,JH-003,Audit Report,Aud-1226-2023,2023-09-03,2027-09-02,Insurance Company,Extracted,Verified,/documents/audit_report/JH-003/1226.pdf,3392,Rajesh Kumar,2023-10-03 00:00:00
DOC-01227,OD-002,Safety Certificate,Saf-1227-2023,2022-12-22,2023-12-22,State Government,Extracted,Expired,/documents/safety_certificate/OD-002/1227.pdf,4872,Amit Patel,2023-01-08 00:00:00
DOC-01228,CG-001,Environmental Clearance,Env-1228-2023,2022-02-15,2027-02-14,State Government,Pending,Pending,/documents/environmental_clearance/CG-001/1228.pdf,876,Amit Patel,2022-03-04 00:00:00
DOC-01229,JH-002,Fire Safety Certificate,Fir-1229-2023,2022-08-30,2024-08-29,State PCB,Pending,Expired,/documents/fire_safety_certificate/JH-002/1229.pdf,2601,Amit Patel,2022-09-11 00:00:00
DOC-01230,OD-002,Training Certificate,Tra-1230-2023,2023-04-17,2028-04-15,DGMS,Extracted,Verified,/documents/training_certificate/OD-002/1230.pdf,3150,Sita Devi,2023-04-26 00:00:00
DOC-01231,OD-002,Fire Safety Certificate,Fir-1231-2023,2022-05-30,2023-05-30,State PCB,Extracted,Expired,/documents/fire_safety_certificate/OD-002/1231.pdf,3475,Sita Devi,2022-06-21 00:00:00
DOC-01232,CG-002,Audit Report,Aud-1232-2023,2022-09-09,2024-09-08,CPCB,Extracted,Expired,/documents/audit_report/CG-002/1232.pdf,1166,Sita Devi,2022-10-05 00:00:00
DOC-01233,JH-001,Audit Report,Aud-1233-2023,2022-09-24,2026-09-23,DGMS,Extracted,Rejected,/documents/audit_report/JH-001/1233.pdf,3038,Sita Devi,2022-10-13 00:00:00
DOC-01234,OD-001,Safety Certificate,Saf-1234-2023,2022-07-18,2026-07-17,DGMS,Extracted,Expired,/documents/safety_certificate/OD-001/1234.pdf,964,Sita Devi,2022-07-26 00:00:00
DOC-01235,JH-002,Insurance Certificate,Ins-1235-2023,2023-08-06,2026-08-05,State Government,Extracted,Expired,/documents/insurance_certificate/JH-002/1235.pdf,1032,Amit Patel,2023-08-14 00:00:00
DOC-01236,JH-002,Environmental Clearance,Env-1236-2023,2022-04-22,2023-04-22,DGMS,Extracted,Expired,/documents/environmental_clearance/JH-002/1236.pdf,3166,Sita Devi,2022-05-02 00:00:00
DOC-01237,JH-002,Safety Certificate,Saf-1237-2023,2023-04-23,2025-04-22,Insurance Company,Extracted,Expired,/documents/safety_certificate/JH-002/1237.pdf,3466,Amit Patel,2023-05-18 00:00:00
DOC-01238,JH-002,Audit Report,Aud-1238-2023,2023-01-30,2024-01-30,CPCB,Extracted,Expired,/documents/audit_report/JH-002/1238.pdf,2052,Rajesh Kumar,2023-02-15 00:00:00
DOC-01239,OD-002,Safety Certificate,Saf-1239-2023,2022-03-27,2027-03-26,State PCB,Extracted,Verified,/documents/safety_certificate/OD-002/1239.pdf,1884,Rajesh Kumar,2022-04-06 00:00:00
DOC-01240,JH-003,Audit Report,Aud-1240-2023,2022-04-13,2024-04-12,State Government,Extracted,Expired,/documents/audit_report/JH-003/1240.pdf,1847,Amit Patel,2022-05-07 00:00:00
DOC-01241,OD-002,Training Certificate,Tra-1241-2023,2023-03-14,2028-03-12,DGMS,Extracted,Rejected,/documents/training_certificate/OD-002/1241.pdf,1292,Amit Patel,2023-04-13 00:00:00
DOC-01242,JH-003,Training Certificate,Tra-1242-2023,2022-12-12,2024-12-11,DGMS,Extracted,Expired,/documents/training_certificate/JH-003/1242.pdf,1053,Sita Devi,2022-12-21 00:00:00
DOC-01243,OD-001,Training Certificate,Tra-1243-2023,2023-06-02,2028-05-31,CPCB,Extracted,Verified,/documents/training_certificate/OD-001/1243.pdf,1545,Sita Devi,2023-06-08 00:00:00
DOC-01244,JH-002,Insurance Certificate,Ins-1244-2023,2023-08-30,2024-08-29,State PCB,Extracted,Expired,/documents/insurance_certificate/JH-002/1244.pdf,733,Amit Patel,2023-09-14 00:00:00
DOC-01245,OD-002,Fire Safety Certificate,Fir-1245-2023,2022-09-16,2025-09-15,DGMS,Extracted,Expired,/documents/fire_safety_certificate/OD-002/1245.pdf,1651,Sita Devi,2022-09-25 00:00:00
DOC-01246,JH-002,Insurance Certificate,Ins-1246-2023,2022-06-10,2024-06-09,Insurance Company,Extracted,Expired,/documents/insurance_certificate/JH-002/1246.pdf,2368,Sita Devi,2022-06-20 00:00:00
DOC-01247,JH-001,Safety Certificate,Saf-1247-2023,2022-10-19,2026-10-18,State Government,Pending,Verified,/documents/safety_certificate/JH-001/1247.pdf,4996,Rajesh Kumar,2022-11-04 00:00:00
DOC-01248,JH-002,Insurance Certificate,Ins-1248-2023,2022-03-14,2024-03-13,CPCB,Extracted,Expired,/documents/insurance_certificate/JH-002/1248.pdf,600,Rajesh Kumar,2022-03-30 00:00:00
DOC-01249,JH-001,Audit Report,Aud-1249-2023,2023-12-11,2026-12-10,CPCB,Extracted,Verified,/documents/audit_report/JH-001/1249.pdf,3480,Rajesh Kumar,2023-12-12 00:00:00
DOC-01250,OD-001,Mining Lease,Min-1250-2023,2022-09-02,2027-09-01,DGMS,Extracted,Verified,/documents/mining_lease/OD-001/1250.pdf,4025,Sita Devi,2022-09-05 00:00:00
DOC-01251,CG-001,Safety Certificate,Saf-1251-2023,2022-02-15,2024-02-15,Insurance Company,Extracted,Expired,/documents/safety_certificate/CG-001/1251.pdf,3200,Sita Devi,2022-03-16 00:00:00
DOC-01252,CG-001,Environmental Clearance,Env-1252-2023,2022-02-16,2023-02-16,DGMS,Extracted,Expired,/documents/environmental_clearance/CG-001/1252.pdf,4373,Rajesh Kumar,2022-03-06 00:00:00
DOC-01253,JH-001,Audit Report,Aud-1253-2023,2023-01-21,2024-01-21,Insurance Company,Pending,Expired,/documents/audit_report/JH-001/1253.pdf,2599,Rajesh Kumar,2023-02-11 00:00:00
DOC-01254,JH-003,Insurance Certificate,Ins-1254-2023,2022-08-18,2023-08-18,State PCB,Extracted,Expired,/documents/insurance_certificate/JH-003/1254.pdf,4498,Rajesh Kumar,2022-08-25 00:00:00
DOC-01255,OD-001,Training Certificate,Tra-1255-2023,2022-04-24,2026-04-23,CPCB,Extracted,Expired,/documents/training_certificate/OD-001/1255.pdf,2117,Sita Devi,2022-05-18 00:00:00
DOC-01256,JH-002,First Aid Certificate,Fir-1256-2023,2022-09-01,2025-08-31,DGMS,Extracted,Expired,/documents/first_aid_certificate/JH-002/1256.pdf,2199,Amit Patel,2022-09-09 00:00:00
DOC-01257,CG-001,Explosives Licence,Exp-1257-2023,2023-03-14,2026-03-13,State PCB,Extracted,Expired,/documents/explosives_licence/CG-001/1257.pdf,4482,Amit Patel,2023-04-01 00:00:00
DOC-01258,CG-002,Mining Lease,Min-1258-2023,2022-03-27,2026-03-26,DGMS,Extracted,Expired,/documents/mining_lease/CG-002/1258.pdf,1644,Rajesh Kumar,2022-04-18 00:00:00
DOC-01259,JH-002,Fire Safety Certificate,Fir-1259-2023,2023-08-12,2027-08-11,State PCB,Extracted,Verified,/documents/fire_safety_certificate/JH-002/1259.pdf,2703,Amit Patel,2023-09-08 00:00:00
DOC-01260,JH-002,Mining Lease,Min-1260-2023,2022-09-23,2024-09-22,CPCB,Failed,Expired,/documents/mining_lease/JH-002/1260.pdf,3736,Amit Patel,2022-10-10 00:00:00
DOC-01261,OD-002,Explosives Licence,Exp-1261-2023,2022-05-28,2023-05-28,Insurance Company,Extracted,Expired,/documents/explosives_licence/OD-002/1261.pdf,4170,Amit Patel,2022-06-23 00:00:00
DOC-01262,OD-002,Audit Report,Aud-1262-2023,2022-06-16,2027-06-15,Insurance Company,Extracted,Verified,/documents/audit_report/OD-002/1262.pdf,1241,Sita Devi,2022-06-21 00:00:00
DOC-01263,CG-002,Fire Safety Certificate,Fir-1263-2023,2023-07-12,2026-07-11,State Government,Extracted,Expired,/documents/fire_safety_certificate/CG-002/1263.pdf,3293,Sita Devi,2023-07-30 00:00:00
DOC-01264,OD-002,First Aid Certificate,Fir-1264-2023,2022-08-19,2026-08-18,Insurance Company,Extracted,Expired,/documents/first_aid_certificate/OD-002/1264.pdf,1534,Sita Devi,2022-09-13 00:00:00
DOC-01265,CG-001,Safety Certificate,Saf-1265-2023,2023-12-28,2024-12-27,CPCB,Extracted,Expired,/documents/safety_certificate/CG-001/1265.pdf,1062,Amit Patel,2023-12-29 00:00:00
DOC-01266,JH-001,Training Certificate,Tra-1266-2023,2023-08-11,2028-08-09,State Government,Failed,Verified,/documents/training_certificate/JH-001/1266.pdf,575,Amit Patel,2023-08-23 00:00:00
DOC-01267,OD-002,First Aid Certificate,Fir-1267-2023,2023-11-17,2024-11-16,Insurance Company,Extracted,Expired,/documents/first_aid_certificate/OD-002/1267.pdf,4258,Rajesh Kumar,2023-12-16 00:00:00
DOC-01268,OD-002,Insurance Certificate,Ins-1268-2023,2023-08-15,2024-08-14,Insurance Company,Extracted,Expired,/documents/insurance_certificate/OD-002/1268.pdf,4623,Sita Devi,2023-08-18 00:00:00
DOC-01269,JH-003,Fire Safety Certificate,Fir-1269-2023,2022-09-12,2024-09-11,DGMS,Extracted,Expired,/documents/fire_safety_certificate/JH-003/1269.pdf,4179,Rajesh Kumar,2022-09-26 00:00:00
DOC-01270,JH-003,Audit Report,Aud-1270-2023,2022-05-01,2025-04-30,CPCB,Extracted,Expired,/documents/audit_report/JH-003/1270.pdf,2756,Rajesh Kumar,2022-05-12 00:00:00
DOC-01271,OD-002,Fire Safety Certificate,Fir-1271-2023,2023-02-03,2027-02-02,CPCB,Extracted,Verified,/documents/fire_safety_certificate/OD-002/1271.pdf,774,Amit Patel,2023-02-19 00:00:00
DOC-01272,CG-001,First Aid Certificate,Fir-1272-2023,2023-10-27,2028-10-25,State Government,Failed,Verified,/documents/first_aid_certificate/CG-001/1272.pdf,727,Amit Patel,2023-11-10 00:00:00
DOC-01273,CG-001,First Aid Certificate,Fir-1273-2023,2023-06-05,2025-06-04,State PCB,Extracted,Expired,/documents/first_aid_certificate/CG-001/1273.pdf,3772,Amit Patel,2023-06-13 00:00:00
DOC-01274,JH-002,Safety Certificate,Saf-1274-2023,2022-06-23,2026-06-22,CPCB,Failed,Expired,/documents/safety_certificate/JH-002/1274.pdf,3154,Amit Patel,2022-07-09 00:00:00
DOC-01275,JH-003,Environmental Clearance,Env-1275-2023,2023-11-13,2026-11-12,DGMS,Extracted,Verified,/documents/environmental_clearance/JH-003/1275.pdf,3932,Rajesh Kumar,2023-11-18 00:00:00
DOC-01276,OD-001,First Aid Certificate,Fir-1276-2023,2023-08-10,2027-08-09,State PCB,Extracted,Pending,/documents/first_aid_certificate/OD-001/1276.pdf,2937,Amit Patel,2023-08-31 00:00:00
DOC-01277,OD-002,Safety Certificate,Saf-1277-2023,2022-09-27,2024-09-26,DGMS,Extracted,Expired,/documents/safety_certificate/OD-002/1277.pdf,2310,Rajesh Kumar,2022-10-23 00:00:00
DOC-01278,OD-001,Environmental Clearance,Env-1278-2023,2022-03-06,2026-03-05,State PCB,Extracted,Expired,/documents/environmental_clearance/OD-001/1278.pdf,2993,Amit Patel,2022-03-31 00:00:00
DOC-01279,CG-001,Explosives Licence,Exp-1279-2023,2023-08-10,2024-08-09,CPCB,Extracted,Expired,/documents/explosives_licence/CG-001/1279.pdf,2222,Amit Patel,2023-08-11 00:00:00
DOC-01280,JH-002,Fire Safety Certificate,Fir-1280-2023,2022-09-08,2025-09-07,Insurance Company,Pending,Expired,/documents/fire_safety_certificate/JH-002/1280.pdf,881,Sita Devi,2022-09-22 00:00:00
DOC-01281,OD-001,Environmental Clearance,Env-1281-2023,2022-03-28,2027-03-27,Insurance Company,Extracted,Pending,/documents/environmental_clearance/OD-001/1281.pdf,3335,Sita Devi,2022-04-07 00:00:00
DOC-01282,OD-001,Safety Certificate,Saf-1282-2023,2022-11-14,2025-11-13,CPCB,Extracted,Expired,/documents/safety_certificate/OD-001/1282.pdf,2501,Rajesh Kumar,2022-11-21 00:00:00
DOC-01283,CG-002,First Aid Certificate,Fir-1283-2023,2023-01-21,2027-01-20,State Government,Extracted,Verified,/documents/first_aid_certificate/CG-002/1283.pdf,566,Rajesh Kumar,2023-02-08 00:00:00
DOC-01284,CG-001,Training Certificate,Tra-1284-2023,2023-02-08,2025-02-07,CPCB,Pending,Expired,/documents/training_certificate/CG-001/1284.pdf,3911,Sita Devi,2023-03-02 00:00:00
DOC-01285,OD-001,Insurance Certificate,Ins-1285-2023,2023-05-14,2027-05-13,CPCB,Extracted,Verified,/documents/insurance_certificate/OD-001/1285.pdf,537,Amit Patel,2023-05-27 00:00:00
DOC-01286,JH-002,Safety Certificate,Saf-1286-2023,2023-03-26,2027-03-25,State PCB,Extracted,Verified,/documents/safety_certificate/JH-002/1286.pdf,712,Rajesh Kumar,2023-04-01 00:00:00
DOC-01287,JH-002,Explosives Licence,Exp-1287-2023,2022-11-28,2023-11-28,DGMS,Extracted,Expired,/documents/explosives_licence/JH-002/1287.pdf,4020,Amit Patel,2022-12-19 00:00:00
DOC-01288,OD-002,Training Certificate,Tra-1288-2023,2022-04-29,2025-04-28,CPCB,Extracted,Expired,/documents/training_certificate/OD-002/1288.pdf,2638,Amit Patel,2022-05-28 00:00:00
DOC-01289,JH-003,Insurance Certificate,Ins-1289-2023,2023-04-08,2024-04-07,State Government,Extracted,Expired,/documents/insurance_certificate/JH-003/1289.pdf,2520,Amit Patel,2023-05-02 00:00:00
DOC-01290,JH-002,Fire Safety Certificate,Fir-1290-2023,2023-05-12,2026-05-11,CPCB,Extracted,Expired,/documents/fire_safety_certificate/JH-002/1290.pdf,4688,Sita Devi,2023-05-24 00:00:00
DOC-01291,OD-002,First Aid Certificate,Fir-1291-2023,2022-08-24,2023-08-24,CPCB,Extracted,Expired,/documents/first_aid_certificate/OD-002/1291.pdf,4773,Amit Patel,2022-09-07 00:00:00
DOC-01292,CG-002,Environmental Clearance,Env-1292-2023,2022-10-07,2026-10-06,State Government,Extracted,Verified,/documents/environmental_clearance/CG-002/1292.pdf,4553,Sita Devi,2022-10-30 00:00:00
DOC-01293,JH-001,Mining Lease,Min-1293-2023,2023-09-05,2028-09-03,Insurance Company,Extracted,Pending,/documents/mining_lease/JH-001/1293.pdf,2824,Sita Devi,2023-10-05 00:00:00
DOC-01294,OD-002,Fire Safety Certificate,Fir-1294-2023,2022-11-02,2023-11-02,CPCB,Extracted,Expired,/documents/fire_safety_certificate/OD-002/1294.pdf,1608,Amit Patel,2022-12-01 00:00:00
DOC-01295,JH-002,Fire Safety Certificate,Fir-1295-2023,2022-11-01,2027-10-31,State Government,Extracted,Verified,/documents/fire_safety_certificate/JH-002/1295.pdf,4224,Sita Devi,2022-11-05 00:00:00
DOC-01296,OD-002,Safety Certificate,Saf-1296-2023,2022-08-09,2023-08-09,DGMS,Extracted,Expired,/documents/safety_certificate/OD-002/1296.pdf,3304,Rajesh Kumar,2022-08-27 00:00:00
DOC-01297,JH-003,Mining Lease,Min-1297-2023,2022-12-28,2025-12-27,DGMS,Extracted,Expired,/documents/mining_lease/JH-003/1297.pdf,3537,Rajesh Kumar,2023-01-17 00:00:00
DOC-01298,CG-002,Environmental Clearance,Env-1298-2023,2022-10-01,2025-09-30,DGMS,Extracted,Expired,/documents/environmental_clearance/CG-002/1298.pdf,4350,Rajesh Kumar,2022-10-04 00:00:00
DOC-01299,JH-002,Safety Certificate,Saf-1299-2023,2022-09-20,2023-09-20,State PCB,Pending,Expired,/documents/safety_certificate/JH-002/1299.pdf,3689,Rajesh Kumar,2022-10-05 00:00:00
DOC-01300,JH-001,Safety Certificate,Saf-1300-2023,2023-01-23,2026-01-22,State PCB,Pending,Expired,/documents/safety_certificate/JH-001/1300.pdf,2211,Rajesh Kumar,2023-02-20 00:00:00
DOC-01301,OD-001,Fire Safety Certificate,Fir-1301-2023,2023-05-07,2027-05-06,Insurance Company,Extracted,Verified,/documents/fire_safety_certificate/OD-001/1301.pdf,3588,Sita Devi,2023-06-01 00:00:00
DOC-01302,CG-001,Insurance Certificate,Ins-1302-2023,2022-10-06,2025-10-05,State PCB,Extracted,Expired,/documents/insurance_certificate/CG-001/1302.pdf,1690,Rajesh Kumar,2022-10-29 00:00:00
DOC-01303,OD-001,Safety Certificate,Saf-1303-2023,2022-06-08,2026-06-07,CPCB,Extracted,Expired,/documents/safety_certificate/OD-001/1303.pdf,1838,Sita Devi,2022-07-06 00:00:00
DOC-01304,CG-001,Mining Lease,Min-1304-2023,2022-02-04,2023-02-04,State Government,Pending,Expired,/documents/mining_lease/CG-001/1304.pdf,4374,Amit Patel,2022-02-21 00:00:00
DOC-01305,JH-003,Mining Lease,Min-1305-2023,2023-01-30,2025-01-29,CPCB,Extracted,Expired,/documents/mining_lease/JH-003/1305.pdf,3234,Amit Patel,2023-02-01 00:00:00
DOC-01306,JH-003,Safety Certificate,Saf-1306-2023,2023-07-01,2026-06-30,State Government,Extracted,Expired,/documents/safety_certificate/JH-003/1306.pdf,705,Rajesh Kumar,2023-07-02 00:00:00
DOC-01307,CG-002,Explosives Licence,Exp-1307-2023,2022-01-05,2024-01-05,Insurance Company,Extracted,Expired,/documents/explosives_licence/CG-002/1307.pdf,3166,Rajesh Kumar,2022-01-16 00:00:00
DOC-01308,JH-002,Explosives Licence,Exp-1308-2023,2023-05-30,2025-05-29,State Government,Extracted,Expired,/documents/explosives_licence/JH-002/1308.pdf,4868,Rajesh Kumar,2023-06-07 00:00:00
DOC-01309,JH-001,Training Certificate,Tra-1309-2023,2022-06-27,2023-06-27,CPCB,Extracted,Expired,/documents/training_certificate/JH-001/1309.pdf,3030,Rajesh Kumar,2022-07-01 00:00:00
DOC-01310,JH-003,Safety Certificate,Saf-1310-2023,2023-03-25,2026-03-24,State Government,Extracted,Expired,/documents/safety_certificate/JH-003/1310.pdf,3929,Rajesh Kumar,2023-03-29 00:00:00
DOC-01311,OD-002,Training Certificate,Tra-1311-2023,2022-07-27,2023-07-27,State Government,Extracted,Expired,/documents/training_certificate/OD-002/1311.pdf,3111,Rajesh Kumar,2022-08-05 00:00:00
DOC-01312,OD-001,Environmental Clearance,Env-1312-2023,2023-04-22,2026-04-21,CPCB,Extracted,Expired,/documents/environmental_clearance/OD-001/1312.pdf,3160,Rajesh Kumar,2023-05-13 00:00:00
DOC-01313,,Environmental Clearance,Env-1313-2023,2022-10-02,2024-10-01,State PCB,Extracted,Expired,/documents/environmental_clearance/global/1313.pdf,3918,Sita Devi,2022-10-03 00:00:00
DOC-01314,OD-001,Environmental Clearance,Env-1314-2023,2023-06-20,2026-06-19,State PCB,Extracted,Expired,/documents/environmental_clearance/OD-001/1314.pdf,3357,Sita Devi,2023-07-05 00:00:00
DOC-01315,JH-003,Fire Safety Certificate,Fir-1315-2023,2023-11-19,2024-11-18,DGMS,Failed,Expired,/documents/fire_safety_certificate/JH-003/1315.pdf,4792,Rajesh Kumar,2023-12-09 00:00:00
DOC-01316,CG-001,Insurance Certificate,Ins-1316-2023,2023-08-09,2025-08-08,Insurance Company,Extracted,Expired,/documents/insurance_certificate/CG-001/1316.pdf,1513,Sita Devi,2023-09-02 00:00:00
DOC-01317,JH-001,Explosives Licence,Exp-1317-2023,2023-07-08,2027-07-07,Insurance Company,Extracted,Pending,/documents/explosives_licence/JH-001/1317.pdf,2078,Amit Patel,2023-07-16 00:00:00
DOC-01318,CG-001,Fire Safety Certificate,Fir-1318-2023,2022-04-04,2026-04-03,CPCB,Extracted,Expired,/documents/fire_safety_certificate/CG-001/1318.pdf,3276,Rajesh Kumar,2022-05-04 00:00:00
DOC-01319,CG-001,Environmental Clearance,Env-1319-2023,2023-07-26,2028-07-24,Insurance Company,Extracted,Verified,/documents/environmental_clearance/CG-001/1319.pdf,2406,Rajesh Kumar,2023-08-22 00:00:00
DOC-01320,CG-002,Safety Certificate,Saf-1320-2023,2022-05-20,2024-05-19,Insurance Company,Extracted,Expired,/documents/safety_certificate/CG-002/1320.pdf,3984,Sita Devi,2022-05-27 00:00:00
DOC-01321,OD-002,Audit Report,Aud-1321-2023,2022-01-29,2023-01-29,State Government,Failed,Expired,/documents/audit_report/OD-002/1321.pdf,684,Sita Devi,2022-02-04 00:00:00
DOC-01322,OD-001,Training Certificate,Tra-1322-2023,2023-02-09,2026-02-08,DGMS,Pending,Expired,/documents/training_certificate/OD-001/1322.pdf,4879,Sita Devi,2023-02-18 00:00:00
DOC-01323,JH-001,Insurance Certificate,Ins-1323-2023,2023-04-05,2028-04-03,CPCB,Extracted,Pending,/documents/insurance_certificate/JH-001/1323.pdf,4616,Amit Patel,2023-04-29 00:00:00
DOC-01324,JH-002,Environmental Clearance,Env-1324-2023,2023-03-17,2025-03-16,CPCB,Extracted,Expired,/documents/environmental_clearance/JH-002/1324.pdf,3514,Amit Patel,2023-03-22 00:00:00
DOC-01325,JH-001,Safety Certificate,Saf-1325-2023,2023-02-03,2024-02-03,DGMS,Extracted,Expired,/documents/safety_certificate/JH-001/1325.pdf,2896,Rajesh Kumar,2023-02-22 00:00:00
DOC-01326,JH-002,Training Certificate,Tra-1326-2023,2023-12-14,2028-12-12,Insurance Company,Extracted,Verified,/documents/training_certificate/JH-002/1326.pdf,4312,Rajesh Kumar,2024-01-06 00:00:00
DOC-01327,CG-001,Safety Certificate,Saf-1327-2023,2022-03-08,2027-03-07,State PCB,Extracted,Verified,/documents/safety_certificate/CG-001/1327.pdf,1725,Amit Patel,2022-03-14 00:00:00
DOC-01328,CG-001,Mining Lease,Min-1328-2023,2023-08-29,2026-08-28,CPCB,Extracted,Verified,/documents/mining_lease/CG-001/1328.pdf,3289,Amit Patel,2023-09-28 00:00:00
DOC-01329,CG-001,Mining Lease,Min-1329-2023,2022-10-09,2026-10-08,DGMS,Extracted,Verified,/documents/mining_lease/CG-001/1329.pdf,2149,Amit Patel,2022-10-13 00:00:00
DOC-01330,CG-001,Audit Report,Aud-1330-2023,2023-07-22,2028-07-20,CPCB,Pending,Pending,/documents/audit_report/CG-001/1330.pdf,2768,Sita Devi,2023-08-01 00:00:00
DOC-01331,JH-001,Explosives Licence,Exp-1331-2023,2023-10-14,2026-10-13,DGMS,Extracted,Rejected,/documents/explosives_licence/JH-001/1331.pdf,2307,Sita Devi,2023-11-12 00:00:00
DOC-01332,OD-001,Mining Lease,Min-1332-2023,2023-02-20,2028-02-19,Insurance Company,Extracted,Verified,/documents/mining_lease/OD-001/1332.pdf,4426,Rajesh Kumar,2023-02-24 00:00:00
DOC-01333,JH-002,Environmental Clearance,Env-1333-2023,2022-04-06,2024-04-05,State Government,Extracted,Expired,/documents/environmental_clearance/JH-002/1333.pdf,4135,Amit Patel,2022-04-13 00:00:00
DOC-01334,OD-002,Insurance Certificate,Ins-1334-2023,2022-09-15,2025-09-14,State Government,Extracted,Expired,/documents/insurance_certificate/OD-002/1334.pdf,3200,Sita Devi,2022-09-20 00:00:00
DOC-01335,CG-002,Fire Safety Certificate,Fir-1335-2023,2022-03-06,2026-03-05,State Government,Extracted,Expired,/documents/fire_safety_certificate/CG-002/1335.pdf,1704,Amit Patel,2022-03-17 00:00:00
DOC-01336,OD-002,Training Certificate,Tra-1336-2023,2022-07-24,2026-07-23,Insurance Company,Extracted,Expired,/documents/training_certificate/OD-002/1336.pdf,3331,Sita Devi,2022-08-08 00:00:00
DOC-01337,JH-003,Explosives Licence,Exp-1337-2023,2022-09-28,2024-09-27,Insurance Company,Extracted,Expired,/documents/explosives_licence/JH-003/1337.pdf,960,Amit Patel,2022-10-01 00:00:00
DOC-01338,JH-003,Environmental Clearance,Env-1338-2023,2022-11-17,2025-11-16,DGMS,Extracted,Expired,/documents/environmental_clearance/JH-003/1338.pdf,2036,Rajesh Kumar,2022-12-05 00:00:00
DOC-01339,CG-002,Insurance Certificate,Ins-1339-2023,2023-06-07,2025-06-06,State PCB,Extracted,Expired,/documents/insurance_certificate/CG-002/1339.pdf,3789,Rajesh Kumar,2023-06-29 00:00:00
DOC-01340,JH-001,Insurance Certificate,Ins-1340-2023,2023-03-26,2027-03-25,CPCB,Extracted,Verified,/documents/insurance_certificate/JH-001/1340.pdf,915,Rajesh Kumar,2023-04-15 00:00:00
DOC-01341,,Insurance Certificate,Ins-1341-2023,2023-02-04,2026-02-03,State PCB,Extracted,Expired,/documents/insurance_certificate/global/1341.pdf,870,Rajesh Kumar,2023-02-20 00:00:00
DOC-01342,CG-002,Explosives Licence,Exp-1342-2023,2023-04-23,2026-04-22,Insurance Company,Extracted,Expired,/documents/explosives_licence/CG-002/1342.pdf,2215,Rajesh Kumar,2023-04-26 00:00:00
DOC-01343,JH-003,First Aid Certificate,Fir-1343-2023,2023-09-20,2027-09-19,State PCB,Extracted,Pending,/documents/first_aid_certificate/JH-003/1343.pdf,4427,Amit Patel,2023-10-06 00:00:00
DOC-01344,OD-001,Environmental Clearance,Env-1344-2023,2023-12-21,2025-12-20,State PCB,Extracted,Expired,/documents/environmental_clearance/OD-001/1344.pdf,2085,Sita Devi,2024-01-03 00:00:00
DOC-01345,JH-003,Insurance Certificate,Ins-1345-2023,2022-05-02,2025-05-01,Insurance Company,Extracted,Expired,/documents/insurance_certificate/JH-003/1345.pdf,4979,Sita Devi,2022-05-30 00:00:00
DOC-01346,JH-002,Audit Report,Aud-1346-2023,2022-03-11,2023-03-11,State PCB,Extracted,Expired,/documents/audit_report/JH-002/1346.pdf,3482,Sita Devi,2022-04-07 00:00:00
DOC-01347,JH-001,Insurance Certificate,Ins-1347-2023,2022-06-18,2024-06-17,Insurance Company,Pending,Expired,/documents/insurance_certificate/JH-001/1347.pdf,2118,Sita Devi,2022-07-16 00:00:00
DOC-01348,JH-001,Mining Lease,Min-1348-2023,2023-08-17,2025-08-16,CPCB,Extracted,Expired,/documents/mining_lease/JH-001/1348.pdf,1922,Sita Devi,2023-09-05 00:00:00
DOC-01349,OD-001,Insurance Certificate,Ins-1349-2023,2023-06-17,2027-06-16,State PCB,Extracted,Verified,/documents/insurance_certificate/OD-001/1349.pdf,1024,Amit Patel,2023-06-25 00:00:00
DOC-01350,JH-001,Environmental Clearance,Env-1350-2023,2023-11-07,2027-11-06,Insurance Company,Extracted,Verified,/documents/environmental_clearance/JH-001/1350.pdf,4289,Rajesh Kumar,2023-11-18 00:00:00
DOC-01351,OD-001,Explosives Licence,Exp-1351-2023,2022-09-10,2024-09-09,CPCB,Extracted,Expired,/documents/explosives_licence/OD-001/1351.pdf,2095,Rajesh Kumar,2022-09-22 00:00:00
DOC-01352,JH-002,Fire Safety Certificate,Fir-1352-2023,2023-11-18,2026-11-17,DGMS,Extracted,Verified,/documents/fire_safety_certificate/JH-002/1352.pdf,1667,Amit Patel,2023-12-01 00:00:00
DOC-01353,OD-002,Environmental Clearance,Env-1353-2023,2022-10-08,2025-10-07,State Government,Extracted,Expired,/documents/environmental_clearance/OD-002/1353.pdf,3452,Amit Patel,2022-10-16 00:00:00
DOC-01354,,Training Certificate,Tra-1354-2023,2022-01-26,2024-01-26,DGMS,Extracted,Expired,/documents/training_certificate/global/1354.pdf,4753,Rajesh Kumar,2022-02-10 00:00:00
DOC-01355,CG-002,Audit Report,Aud-1355-2023,2023-07-12,2026-07-11,State Government,Extracted,Expired,/documents/audit_report/CG-002/1355.pdf,4305,Sita Devi,2023-07-27 00:00:00
DOC-01356,JH-001,Explosives Licence,Exp-1356-2023,2022-02-25,2023-02-25,CPCB,Extracted,Expired,/documents/explosives_licence/JH-001/1356.pdf,2258,Rajesh Kumar,2022-03-02 00:00:00
DOC-01357,JH-003,Fire Safety Certificate,Fir-1357-2023,2022-10-11,2023-10-11,DGMS,Extracted,Expired,/documents/fire_safety_certificate/JH-003/1357.pdf,2638,Amit Patel,2022-11-03 00:00:00
DOC-01358,JH-002,Audit Report,Aud-1358-2023,2022-06-13,2025-06-12,State PCB,Failed,Expired,/documents/audit_report/JH-002/1358.pdf,2435,Amit Patel,2022-06-15 00:00:00
DOC-01359,CG-002,Environmental Clearance,Env-1359-2023,2022-07-09,2027-07-08,CPCB,Extracted,Verified,/documents/environmental_clearance/CG-002/1359.pdf,2109,Sita Devi,2022-07-23 00:00:00
DOC-01360,JH-003,First Aid Certificate,Fir-1360-2023,2022-04-06,2024-04-05,State PCB,Extracted,Expired,/documents/first_aid_certificate/JH-003/1360.pdf,4997,Sita Devi,2022-04-17 00:00:00
DOC-01361,CG-002,Training Certificate,Tra-1361-2023,2023-12-14,2028-12-12,State PCB,Extracted,Verified,/documents/training_certificate/CG-002/1361.pdf,3623,Sita Devi,2024-01-06 00:00:00
DOC-01362,JH-002,Insurance Certificate,Ins-1362-2023,2022-02-11,2027-02-10,State PCB,Extracted,Verified,/documents/insurance_certificate/JH-002/1362.pdf,1428,Rajesh Kumar,2022-02-27 00:00:00
DOC-01363,OD-001,Fire Safety Certificate,Fir-1363-2023,2023-10-20,2025-10-19,State Government,Extracted,Expired,/documents/fire_safety_certificate/OD-001/1363.pdf,3632,Amit Patel,2023-11-17 00:00:00
DOC-01364,JH-002,Explosives Licence,Exp-1364-2023,2023-05-06,2024-05-05,State PCB,Pending,Expired,/documents/explosives_licence/JH-002/1364.pdf,1254,Rajesh Kumar,2023-06-05 00:00:00
DOC-01365,JH-001,Training Certificate,Tra-1365-2023,2023-05-21,2027-05-20,State PCB,Extracted,Pending,/documents/training_certificate/JH-001/1365.pdf,4212,Rajesh Kumar,2023-05-26 00:00:00
DOC-01366,JH-001,Audit Report,Aud-1366-2023,2023-08-17,2025-08-16,State Government,Extracted,Expired,/documents/audit_report/JH-001/1366.pdf,4186,Rajesh Kumar,2023-09-14 00:00:00
DOC-01367,JH-001,First Aid Certificate,Fir-1367-2023,2022-09-12,2027-09-11,State PCB,Extracted,Pending,/documents/first_aid_certificate/JH-001/1367.pdf,3606,Rajesh Kumar,2022-10-02 00:00:00
DOC-01368,JH-002,Fire Safety Certificate,Fir-1368-2023,2022-02-01,2024-02-01,Insurance Company,Pending,Expired,/documents/fire_safety_certificate/JH-002/1368.pdf,3351,Sita Devi,2022-02-04 00:00:00
DOC-01369,CG-001,First Aid Certificate,Fir-1369-2023,2022-02-02,2027-02-01,State PCB,Pending,Verified,/documents/first_aid_certificate/CG-001/1369.pdf,4006,Sita Devi,2022-02-14 00:00:00
DOC-01370,JH-003,Insurance Certificate,Ins-1370-2023,2022-11-25,2025-11-24,State Government,Extracted,Expired,/documents/insurance_certificate/JH-003/1370.pdf,4550,Sita Devi,2022-12-04 00:00:00
DOC-01371,JH-002,Environmental Clearance,Env-1371-2023,2023-12-06,2028-12-04,State Government,Extracted,Verified,/documents/environmental_clearance/JH-002/1371.pdf,3517,Rajesh Kumar,2023-12-14 00:00:00
DOC-01372,CG-002,Safety Certificate,Saf-1372-2023,2022-05-30,2026-05-29,DGMS,Extracted,Expired,/documents/safety_certificate/CG-002/1372.pdf,3913,Rajesh Kumar,2022-06-09 00:00:00
DOC-01373,CG-002,Training Certificate,Tra-1373-2023,2023-01-25,2028-01-24,CPCB,Pending,Verified,/documents/training_certificate/CG-002/1373.pdf,528,Rajesh Kumar,2023-02-18 00:00:00
DOC-01374,JH-002,Fire Safety Certificate,Fir-1374-2023,2022-04-10,2023-04-10,State PCB,Extracted,Expired,/documents/fire_safety_certificate/JH-002/1374.pdf,4382,Sita Devi,2022-04-18 00:00:00
DOC-01375,JH-001,First Aid Certificate,Fir-1375-2023,2022-11-11,2023-11-11,State PCB,Extracted,Expired,/documents/first_aid_certificate/JH-001/1375.pdf,609,Rajesh Kumar,2022-11-30 00:00:00
DOC-01376,CG-001,Mining Lease,Min-1376-2023,2022-12-09,2024-12-08,CPCB,Extracted,Expired,/documents/mining_lease/CG-001/1376.pdf,965,Amit Patel,2022-12-24 00:00:00
DOC-01377,JH-002,Environmental Clearance,Env-1377-2023,2022-08-05,2026-08-04,State Government,Extracted,Expired,/documents/environmental_clearance/JH-002/1377.pdf,2890,Amit Patel,2022-08-11 00:00:00
DOC-01378,CG-001,First Aid Certificate,Fir-1378-2023,2022-07-08,2023-07-08,CPCB,Extracted,Expired,/documents/first_aid_certificate/CG-001/1378.pdf,1869,Amit Patel,2022-07-18 00:00:00
DOC-01379,CG-002,Fire Safety Certificate,Fir-1379-2023,2022-10-26,2023-10-26,State PCB,Pending,Expired,/documents/fire_safety_certificate/CG-002/1379.pdf,2156,Sita Devi,2022-11-14 00:00:00
DOC-01380,CG-002,Explosives Licence,Exp-1380-2023,2022-10-27,2027-10-26,CPCB,Extracted,Verified,/documents/explosives_licence/CG-002/1380.pdf,2044,Sita Devi,2022-11-01 00:00:00
DOC-01381,OD-002,Environmental Clearance,Env-1381-2023,2022-03-22,2027-03-21,State Government,Extracted,Verified,/documents/environmental_clearance/OD-002/1381.pdf,4483,Amit Patel,2022-04-02 00:00:00
DOC-01382,OD-002,Audit Report,Aud-1382-2023,2022-08-21,2026-08-20,DGMS,Extracted,Expired,/documents/audit_report/OD-002/1382.pdf,1737,Rajesh Kumar,2022-08-22 00:00:00
DOC-01383,OD-001,Environmental Clearance,Env-1383-2023,2022-04-28,2023-04-28,Insurance Company,Extracted,Expired,/documents/environmental_clearance/OD-001/1383.pdf,3170,Amit Patel,2022-05-26 00:00:00
DOC-01384,OD-002,Fire Safety Certificate,Fir-1384-2023,2022-10-13,2027-10-12,CPCB,Extracted,Verified,/documents/fire_safety_certificate/OD-002/1384.pdf,4161,Amit Patel,2022-10-27 00:00:00
DOC-01385,OD-001,Audit Report,Aud-1385-2023,2022-11-01,2024-10-31,State PCB,Pending,Expired,/documents/audit_report/OD-001/1385.pdf,2217,Rajesh Kumar,2022-11-23 00:00:00
DOC-01386,JH-003,Training Certificate,Tra-1386-2023,2023-06-14,2026-06-13,DGMS,Pending,Expired,/documents/training_certificate/JH-003/1386.pdf,1260,Sita Devi,2023-06-24 00:00:00
DOC-01387,JH-002,Safety Certificate,Saf-1387-2023,2023-01-12,2027-01-11,State Government,Failed,Verified,/documents/safety_certificate/JH-002/1387.pdf,2360,Amit Patel,2023-01-31 00:00:00
DOC-01388,OD-002,Training Certificate,Tra-1388-2023,2023-04-24,2024-04-23,CPCB,Extracted,Expired,/documents/training_certificate/OD-002/1388.pdf,4947,Rajesh Kumar,2023-05-11 00:00:00
DOC-01389,CG-002,Environmental Clearance,Env-1389-2023,2022-08-05,2026-08-04,State Government,Extracted,Expired,/documents/environmental_clearance/CG-002/1389.pdf,3234,Rajesh Kumar,2022-08-12 00:00:00
DOC-01390,OD-001,Training Certificate,Tra-1390-2023,2023-07-02,2026-07-01,State Government,Pending,Expired,/documents/training_certificate/OD-001/1390.pdf,3032,Amit Patel,2023-07-14 00:00:00
DOC-01391,JH-001,Audit Report,Aud-1391-2023,2023-06-06,2026-06-05,DGMS,Extracted,Expired,/documents/audit_report/JH-001/1391.pdf,2375,Rajesh Kumar,2023-06-13 00:00:00
DOC-01392,OD-001,Explosives Licence,Exp-1392-2023,2022-11-14,2026-11-13,State Government,Extracted,Pending,/documents/explosives_licence/OD-001/1392.pdf,4791,Amit Patel,2022-12-06 00:00:00
DOC-01393,JH-002,Environmental Clearance,Env-1393-2023,2022-08-21,2024-08-20,CPCB,Extracted,Expired,/documents/environmental_clearance/JH-002/1393.pdf,2378,Sita Devi,2022-08-27 00:00:00
DOC-01394,JH-001,Environmental Clearance,Env-1394-2023,2023-01-17,2024-01-17,DGMS,Extracted,Expired,/documents/environmental_clearance/JH-001/1394.pdf,4631,Amit Patel,2023-01-28 00:00:00
DOC-01395,CG-002,Environmental Clearance,Env-1395-2023,2023-08-15,2027-08-14,DGMS,Extracted,Verified,/documents/environmental_clearance/CG-002/1395.pdf,2579,Amit Patel,2023-08-25 00:00:00
DOC-01396,CG-001,Training Certificate,Tra-1396-2023,2022-02-09,2024-02-09,State Government,Extracted,Expired,/documents/training_certificate/CG-001/1396.pdf,3024,Rajesh Kumar,2022-03-01 00:00:00
DOC-01397,CG-001,Audit Report,Aud-1397-2023,2023-09-08,2027-09-07,DGMS,Failed,Verified,/documents/audit_report/CG-001/1397.pdf,1447,Rajesh Kumar,2023-09-27 00:00:00
DOC-01398,JH-002,Mining Lease,Min-1398-2023,2022-03-27,2026-03-26,Insurance Company,Extracted,Expired,/documents/mining_lease/JH-002/1398.pdf,1720,Sita Devi,2022-04-04 00:00:00
DOC-01399,CG-001,Audit Report,Aud-1399-2023,2023-12-11,2025-12-10,Insurance Company,Pending,Expired,/documents/audit_report/CG-001/1399.pdf,683,Amit Patel,2023-12-29 00:00:00
DOC-01400,CG-002,Fire Safety Certificate,Fir-1400-2023,2023-11-01,2025-10-31,Insurance Company,Extracted,Expired,/documents/fire_safety_certificate/CG-002/1400.pdf,4779,Amit Patel,2023-11-28 00:00:00
DOC-01401,JH-002,Fire Safety Certificate,Fir-1401-2023,2023-10-23,2024-10-22,DGMS,Pending,Expired,/documents/fire_safety_certificate/JH-002/1401.pdf,4612,Sita Devi,2023-11-15 00:00:00
DOC-01402,OD-002,Environmental Clearance,Env-1402-2023,2022-11-06,2025-11-05,State PCB,Extracted,Expired,/documents/environmental_clearance/OD-002/1402.pdf,729,Sita Devi,2022-11-19 00:00:00
DOC-01403,CG-001,Audit Report,Aud-1403-2023,2023-07-21,2024-07-20,Insurance Company,Extracted,Expired,/documents/audit_report/CG-001/1403.pdf,1502,Rajesh Kumar,2023-07-24 00:00:00
DOC-01404,OD-001,Fire Safety Certificate,Fir-1404-2023,2023-12-24,2024-12-23,DGMS,Pending,Expired,/documents/fire_safety_certificate/OD-001/1404.pdf,2518,Rajesh Kumar,2023-12-26 00:00:00
DOC-01405,CG-001,Mining Lease,Min-1405-2023,2022-04-04,2025-04-03,DGMS,Extracted,Expired,/documents/mining_lease/CG-001/1405.pdf,3214,Amit Patel,2022-04-10 00:00:00
DOC-01406,JH-003,Environmental Clearance,Env-1406-2023,2022-07-12,2023-07-12,State PCB,Extracted,Expired,/documents/environmental_clearance/JH-003/1406.pdf,3811,Amit Patel,2022-07-24 00:00:00
DOC-01407,CG-002,Explosives Licence,Exp-1407-2023,2022-04-18,2026-04-17,Insurance Company,Extracted,Expired,/documents/explosives_licence/CG-002/1407.pdf,3284,Sita Devi,2022-05-02 00:00:00
DOC-01408,JH-003,Fire Safety Certificate,Fir-1408-2023,2022-07-01,2023-07-01,DGMS,Extracted,Expired,/documents/fire_safety_certificate/JH-003/1408.pdf,4368,Rajesh Kumar,2022-07-22 00:00:00
DOC-01409,JH-003,First Aid Certificate,Fir-1409-2023,2023-12-09,2025-12-08,State Government,Extracted,Expired,/documents/first_aid_certificate/JH-003/1409.pdf,533,Sita Devi,2023-12-18 00:00:00
DOC-01410,OD-002,Insurance Certificate,Ins-1410-2023,2023-10-12,2027-10-11,State PCB,Pending,Verified,/documents/insurance_certificate/OD-002/1410.pdf,4236,Amit Patel,2023-10-23 00:00:00
DOC-01411,CG-001,Fire Safety Certificate,Fir-1411-2023,2022-08-10,2026-08-09,State Government,Extracted,Expired,/documents/fire_safety_certificate/CG-001/1411.pdf,3856,Rajesh Kumar,2022-09-09 00:00:00
DOC-01412,OD-001,Audit Report,Aud-1412-2023,2023-02-05,2026-02-04,DGMS,Failed,Expired,/documents/audit_report/OD-001/1412.pdf,2643,Rajesh Kumar,2023-02-07 00:00:00
DOC-01413,JH-003,Environmental Clearance,Env-1413-2023,2022-04-24,2024-04-23,State PCB,Extracted,Expired,/documents/environmental_clearance/JH-003/1413.pdf,2555,Rajesh Kumar,2022-05-17 00:00:00
DOC-01414,CG-002,Explosives Licence,Exp-1414-2023,2022-07-02,2025-07-01,State PCB,Pending,Expired,/documents/explosives_licence/CG-002/1414.pdf,4168,Amit Patel,2022-07-03 00:00:00
DOC-01415,CG-001,Environmental Clearance,Env-1415-2023,2023-11-04,2027-11-03,State Government,Extracted,Verified,/documents/environmental_clearance/CG-001/1415.pdf,2467,Sita Devi,2023-11-14 00:00:00
DOC-01416,OD-001,Fire Safety Certificate,Fir-1416-2023,2023-09-09,2024-09-08,State PCB,Extracted,Expired,/documents/fire_safety_certificate/OD-001/1416.pdf,3220,Amit Patel,2023-09-21 00:00:00
DOC-01417,JH-001,Fire Safety Certificate,Fir-1417-2023,2023-10-19,2025-10-18,CPCB,Pending,Expired,/documents/fire_safety_certificate/JH-001/1417.pdf,4460,Rajesh Kumar,2023-11-03 00:00:00
DOC-01418,CG-002,Safety Certificate,Saf-1418-2023,2022-05-19,2026-05-18,CPCB,Failed,Expired,/documents/safety_certificate/CG-002/1418.pdf,1908,Amit Patel,2022-06-04 00:00:00
DOC-01419,JH-001,Environmental Clearance,Env-1419-2023,2023-08-30,2028-08-28,CPCB,Extracted,Rejected,/documents/environmental_clearance/JH-001/1419.pdf,3537,Sita Devi,2023-09-10 00:00:00
DOC-01420,OD-001,Mining Lease,Min-1420-2023,2023-05-13,2027-05-12,DGMS,Extracted,Verified,/documents/mining_lease/OD-001/1420.pdf,3997,Sita Devi,2023-05-19 00:00:00
DOC-01421,,Audit Report,Aud-1421-2023,2022-09-22,2023-09-22,DGMS,Extracted,Expired,/documents/audit_report/global/1421.pdf,1152,Rajesh Kumar,2022-10-01 00:00:00
DOC-01422,JH-003,Environmental Clearance,Env-1422-2023,2022-06-24,2027-06-23,State Government,Extracted,Rejected,/documents/environmental_clearance/JH-003/1422.pdf,3352,Amit Patel,2022-07-10 00:00:00
DOC-01423,CG-001,Insurance Certificate,Ins-1423-2023,2022-08-27,2023-08-27,Insurance Company,Pending,Expired,/documents/insurance_certificate/CG-001/1423.pdf,3577,Sita Devi,2022-09-15 00:00:00
DOC-01424,OD-001,Explosives Licence,Exp-1424-2023,2022-10-26,2024-10-25,State PCB,Pending,Expired,/documents/explosives_licence/OD-001/1424.pdf,2748,Sita Devi,2022-11-16 00:00:00
DOC-01425,,Fire Safety Certificate,Fir-1425-2023,2023-01-30,2028-01-29,CPCB,Extracted,Verified,/documents/fire_safety_certificate/global/1425.pdf,2667,Amit Patel,2023-02-16 00:00:00
DOC-01426,CG-002,First Aid Certificate,Fir-1426-2023,2023-07-24,2026-07-23,State PCB,Extracted,Expired,/documents/first_aid_certificate/CG-002/1426.pdf,3062,Sita Devi,2023-08-09 00:00:00
DOC-01427,CG-002,Audit Report,Aud-1427-2023,2022-08-17,2025-08-16,State PCB,Extracted,Expired,/documents/audit_report/CG-002/1427.pdf,4434,Rajesh Kumar,2022-09-11 00:00:00
DOC-01428,OD-001,Audit Report,Aud-1428-2023,2023-06-21,2024-06-20,DGMS,Extracted,Expired,/documents/audit_report/OD-001/1428.pdf,4212,Sita Devi,2023-07-14 00:00:00
DOC-01429,JH-001,Fire Safety Certificate,Fir-1429-2023,2023-07-01,2027-06-30,State PCB,Failed,Pending,/documents/fire_safety_certificate/JH-001/1429.pdf,4925,Sita Devi,2023-07-25 00:00:00
DOC-01430,OD-002,First Aid Certificate,Fir-1430-2023,2023-05-09,2025-05-08,CPCB,Failed,Expired,/documents/first_aid_certificate/OD-002/1430.pdf,1771,Amit Patel,2023-05-19 00:00:00
DOC-01431,JH-001,Insurance Certificate,Ins-1431-2023,2022-07-22,2026-07-21,State PCB,Failed,Expired,/documents/insurance_certificate/JH-001/1431.pdf,2665,Rajesh Kumar,2022-08-04 00:00:00
DOC-01432,,Insurance Certificate,Ins-1432-2023,2022-08-12,2027-08-11,State PCB,Extracted,Verified,/documents/insurance_certificate/global/1432.pdf,4987,Sita Devi,2022-08-26 00:00:00
DOC-01433,CG-002,Fire Safety Certificate,Fir-1433-2023,2023-03-18,2028-03-16,Insurance Company,Extracted,Verified,/documents/fire_safety_certificate/CG-002/1433.pdf,4212,Rajesh Kumar,2023-03-19 00:00:00
DOC-01434,OD-002,Audit Report,Aud-1434-2023,2022-10-21,2024-10-20,Insurance Company,Extracted,Expired,/documents/audit_report/OD-002/1434.pdf,2677,Rajesh Kumar,2022-11-04 00:00:00
DOC-01435,JH-002,First Aid Certificate,Fir-1435-2023,2022-08-12,2026-08-11,CPCB,Extracted,Expired,/documents/first_aid_certificate/JH-002/1435.pdf,3075,Amit Patel,2022-08-13 00:00:00
DOC-01436,JH-002,Explosives Licence,Exp-1436-2023,2022-01-22,2026-01-21,Insurance Company,Failed,Expired,/documents/explosives_licence/JH-002/1436.pdf,3210,Sita Devi,2022-02-07 00:00:00
DOC-01437,CG-001,Explosives Licence,Exp-1437-2023,2022-03-10,2024-03-09,DGMS,Extracted,Expired,/documents/explosives_licence/CG-001/1437.pdf,4639,Rajesh Kumar,2022-03-31 00:00:00
DOC-01438,JH-001,Training Certificate,Tra-1438-2023,2023-02-15,2025-02-14,DGMS,Extracted,Expired,/documents/training_certificate/JH-001/1438.pdf,4679,Sita Devi,2023-02-18 00:00:00
DOC-01439,CG-002,Mining Lease,Min-1439-2023,2022-10-10,2024-10-09,Insurance Company,Pending,Expired,/documents/mining_lease/CG-002/1439.pdf,1526,Amit Patel,2022-10-17 00:00:00
DOC-01440,OD-001,First Aid Certificate,Fir-1440-2023,2022-03-20,2025-03-19,State PCB,Extracted,Expired,/documents/first_aid_certificate/OD-001/1440.pdf,1625,Sita Devi,2022-04-19 00:00:00
DOC-01441,OD-001,Insurance Certificate,Ins-1441-2023,2023-08-22,2024-08-21,CPCB,Failed,Expired,/documents/insurance_certificate/OD-001/1441.pdf,1791,Rajesh Kumar,2023-09-18 00:00:00
DOC-01442,JH-002,Insurance Certificate,Ins-1442-2023,2022-10-28,2023-10-28,State Government,Failed,Expired,/documents/insurance_certificate/JH-002/1442.pdf,3518,Amit Patel,2022-11-09 00:00:00
DOC-01443,CG-001,Insurance Certificate,Ins-1443-2023,2022-11-10,2027-11-09,State Government,Extracted,Verified,/documents/insurance_certificate/CG-001/1443.pdf,847,Sita Devi,2022-12-06 00:00:00
DOC-01444,JH-002,Explosives Licence,Exp-1444-2023,2023-03-08,2028-03-06,State Government,Failed,Verified,/documents/explosives_licence/JH-002/1444.pdf,3848,Rajesh Kumar,2023-03-16 00:00:00
DOC-01445,CG-001,Safety Certificate,Saf-1445-2023,2022-09-25,2024-09-24,DGMS,Extracted,Expired,/documents/safety_certificate/CG-001/1445.pdf,3555,Sita Devi,2022-10-22 00:00:00
DOC-01446,JH-003,Fire Safety Certificate,Fir-1446-2023,2023-06-23,2028-06-21,DGMS,Failed,Verified,/documents/fire_safety_certificate/JH-003/1446.pdf,3916,Sita Devi,2023-07-10 00:00:00
DOC-01447,,Explosives Licence,Exp-1447-2023,2022-02-28,2025-02-27,DGMS,Extracted,Expired,/documents/explosives_licence/global/1447.pdf,798,Sita Devi,2022-03-02 00:00:00
DOC-01448,OD-002,Training Certificate,Tra-1448-2023,2023-04-17,2027-04-16,Insurance Company,Extracted,Verified,/documents/training_certificate/OD-002/1448.pdf,2070,Sita Devi,2023-04-24 00:00:00
DOC-01449,CG-001,Fire Safety Certificate,Fir-1449-2023,2022-04-18,2024-04-17,State PCB,Extracted,Expired,/documents/fire_safety_certificate/CG-001/1449.pdf,790,Rajesh Kumar,2022-05-09 00:00:00
DOC-01450,OD-001,Training Certificate,Tra-1450-2023,2023-11-05,2027-11-04,Insurance Company,Extracted,Pending,/documents/training_certificate/OD-001/1450.pdf,2675,Rajesh Kumar,2023-11-29 00:00:00
DOC-01451,OD-002,Explosives Licence,Exp-1451-2023,2022-12-10,2026-12-09,State Government,Extracted,Verified,/documents/explosives_licence/OD-002/1451.pdf,4348,Rajesh Kumar,2022-12-14 00:00:00
DOC-01452,JH-001,Mining Lease,Min-1452-2023,2022-01-14,2023-01-14,DGMS,Extracted,Expired,/documents/mining_lease/JH-001/1452.pdf,4880,Amit Patel,2022-01-30 00:00:00
DOC-01453,CG-001,Audit Report,Aud-1453-2023,2023-10-11,2025-10-10,State PCB,Pending,Expired,/documents/audit_report/CG-001/1453.pdf,4932,Amit Patel,2023-10-12 00:00:00
DOC-01454,OD-002,Mining Lease,Min-1454-2023,2023-03-13,2024-03-12,Insurance Company,Extracted,Expired,/documents/mining_lease/OD-002/1454.pdf,4118,Rajesh Kumar,2023-03-18 00:00:00
DOC-01455,,Mining Lease,Min-1455-2023,2022-05-24,2027-05-23,State Government,Extracted,Verified,/documents/mining_lease/global/1455.pdf,4044,Rajesh Kumar,2022-06-11 00:00:00
DOC-01456,JH-003,Audit Report,Aud-1456-2023,2023-12-13,2024-12-12,DGMS,Extracted,Expired,/documents/audit_report/JH-003/1456.pdf,978,Amit Patel,2023-12-25 00:00:00
DOC-01457,JH-003,Safety Certificate,Saf-1457-2023,2023-08-04,2024-08-03,CPCB,Extracted,Expired,/documents/safety_certificate/JH-003/1457.pdf,3843,Sita Devi,2023-08-13 00:00:00
DOC-01458,CG-001,Fire Safety Certificate,Fir-1458-2023,2022-12-23,2027-12-22,Insurance Company,Extracted,Verified,/documents/fire_safety_certificate/CG-001/1458.pdf,2957,Amit Patel,2023-01-06 00:00:00
DOC-01459,OD-002,Environmental Clearance,Env-1459-2023,2023-12-19,2024-12-18,DGMS,Extracted,Expired,/documents/environmental_clearance/OD-002/1459.pdf,4341,Sita Devi,2024-01-09 00:00:00
DOC-01460,CG-001,Mining Lease,Min-1460-2023,2022-08-11,2024-08-10,Insurance Company,Extracted,Expired,/documents/mining_lease/CG-001/1460.pdf,1768,Rajesh Kumar,2022-08-26 00:00:00
DOC-01461,JH-003,Environmental Clearance,Env-1461-2023,2023-02-02,2024-02-02,CPCB,Extracted,Expired,/documents/environmental_clearance/JH-003/1461.pdf,3607,Rajesh Kumar,2023-02-13 00:00:00
DOC-01462,CG-001,Fire Safety Certificate,Fir-1462-2023,2022-12-17,2027-12-16,DGMS,Extracted,Verified,/documents/fire_safety_certificate/CG-001/1462.pdf,4305,Rajesh Kumar,2023-01-02 00:00:00
DOC-01463,JH-001,Explosives Licence,Exp-1463-2023,2023-06-19,2027-06-18,State Government,Pending,Verified,/documents/explosives_licence/JH-001/1463.pdf,2367,Sita Devi,2023-06-29 00:00:00
DOC-01464,CG-002,First Aid Certificate,Fir-1464-2023,2023-01-18,2025-01-17,DGMS,Pending,Expired,/documents/first_aid_certificate/CG-002/1464.pdf,2793,Sita Devi,2023-02-10 00:00:00
DOC-01465,JH-002,Safety Certificate,Saf-1465-2023,2023-04-28,2026-04-27,CPCB,Pending,Expired,/documents/safety_certificate/JH-002/1465.pdf,4122,Sita Devi,2023-05-17 00:00:00
DOC-01466,JH-001,First Aid Certificate,Fir-1466-2023,2022-01-05,2026-01-04,CPCB,Pending,Expired,/documents/first_aid_certificate/JH-001/1466.pdf,2777,Rajesh Kumar,2022-01-31 00:00:00
DOC-01467,OD-002,Audit Report,Aud-1467-2023,2023-05-27,2028-05-25,State PCB,Pending,Pending,/documents/audit_report/OD-002/1467.pdf,1453,Amit Patel,2023-06-05 00:00:00
DOC-01468,OD-001,Mining Lease,Min-1468-2023,2022-06-15,2027-06-14,CPCB,Extracted,Verified,/documents/mining_lease/OD-001/1468.pdf,4172,Rajesh Kumar,2022-06-22 00:00:00
DOC-01469,,Fire Safety Certificate,Fir-1469-2023,2022-01-12,2023-01-12,CPCB,Extracted,Expired,/documents/fire_safety_certificate/global/1469.pdf,4246,Amit Patel,2022-01-27 00:00:00
DOC-01470,JH-002,First Aid Certificate,Fir-1470-2023,2022-02-07,2024-02-07,Insurance Company,Extracted,Expired,/documents/first_aid_certificate/JH-002/1470.pdf,937,Rajesh Kumar,2022-03-04 00:00:00
DOC-01471,CG-002,First Aid Certificate,Fir-1471-2023,2023-09-19,2028-09-17,State PCB,Extracted,Verified,/documents/first_aid_certificate/CG-002/1471.pdf,2691,Amit Patel,2023-09-25 00:00:00
DOC-01472,CG-001,Insurance Certificate,Ins-1472-2023,2022-02-04,2024-02-04,State PCB,Extracted,Expired,/documents/insurance_certificate/CG-001/1472.pdf,3654,Sita Devi,2022-02-26 00:00:00
DOC-01473,OD-001,Mining Lease,Min-1473-2023,2023-04-26,2024-04-25,State Government,Extracted,Expired,/documents/mining_lease/OD-001/1473.pdf,1302,Rajesh Kumar,2023-05-20 00:00:00
DOC-01474,OD-002,First Aid Certificate,Fir-1474-2023,2022-04-26,2026-04-25,CPCB,Extracted,Expired,/documents/first_aid_certificate/OD-002/1474.pdf,4083,Sita Devi,2022-05-03 00:00:00
DOC-01475,,Safety Certificate,Saf-1475-2023,2022-03-10,2027-03-09,State Government,Extracted,Verified,/documents/safety_certificate/global/1475.pdf,2232,Sita Devi,2022-03-25 00:00:00
DOC-01476,CG-002,Fire Safety Certificate,Fir-1476-2023,2023-11-17,2024-11-16,CPCB,Failed,Expired,/documents/fire_safety_certificate/CG-002/1476.pdf,1753,Amit Patel,2023-11-23 00:00:00
DOC-01477,CG-002,First Aid Certificate,Fir-1477-2023,2023-10-28,2027-10-27,Insurance Company,Pending,Verified,/documents/first_aid_certificate/CG-002/1477.pdf,1806,Sita Devi,2023-11-03 00:00:00
DOC-01478,CG-001,Fire Safety Certificate,Fir-1478-2023,2023-03-28,2027-03-27,State Government,Extracted,Verified,/documents/fire_safety_certificate/CG-001/1478.pdf,3340,Sita Devi,2023-04-27 00:00:00
DOC-01479,OD-002,Environmental Clearance,Env-1479-2023,2022-01-20,2026-01-19,State Government,Extracted,Expired,/documents/environmental_clearance/OD-002/1479.pdf,2607,Amit Patel,2022-02-16 00:00:00
DOC-01480,JH-003,Insurance Certificate,Ins-1480-2023,2023-03-12,2026-03-11,Insurance Company,Pending,Expired,/documents/insurance_certificate/JH-003/1480.pdf,3976,Rajesh Kumar,2023-03-20 00:00:00
DOC-01481,OD-001,Explosives Licence,Exp-1481-2023,2023-03-23,2028-03-21,Insurance Company,Extracted,Rejected,/documents/explosives_licence/OD-001/1481.pdf,1064,Rajesh Kumar,2023-04-10 00:00:00
DOC-01482,OD-001,Training Certificate,Tra-1482-2023,2022-01-17,2024-01-17,Insurance Company,Extracted,Expired,/documents/training_certificate/OD-001/1482.pdf,2222,Rajesh Kumar,2022-01-31 00:00:00
DOC-01483,JH-003,Audit Report,Aud-1483-2023,2022-09-26,2025-09-25,State PCB,Extracted,Expired,/documents/audit_report/JH-003/1483.pdf,858,Sita Devi,2022-10-14 00:00:00
DOC-01484,,Mining Lease,Min-1484-2023,2022-12-04,2025-12-03,Insurance Company,Extracted,Expired,/documents/mining_lease/global/1484.pdf,1477,Sita Devi,2022-12-14 00:00:00
DOC-01485,OD-001,Environmental Clearance,Env-1485-2023,2023-09-04,2028-09-02,CPCB,Extracted,Verified,/documents/environmental_clearance/OD-001/1485.pdf,1001,Rajesh Kumar,2023-10-03 00:00:00
DOC-01486,JH-002,First Aid Certificate,Fir-1486-2023,2022-02-19,2024-02-19,Insurance Company,Extracted,Expired,/documents/first_aid_certificate/JH-002/1486.pdf,555,Amit Patel,2022-03-14 00:00:00
DOC-01487,CG-001,Environmental Clearance,Env-1487-2023,2023-11-26,2025-11-25,CPCB,Extracted,Expired,/documents/environmental_clearance/CG-001/1487.pdf,3282,Amit Patel,2023-12-10 00:00:00
DOC-01488,JH-003,Environmental Clearance,Env-1488-2023,2023-07-25,2027-07-24,State PCB,Extracted,Verified,/documents/environmental_clearance/JH-003/1488.pdf,3193,Amit Patel,2023-07-28 00:00:00
DOC-01489,CG-001,Safety Certificate,Saf-1489-2023,2023-03-19,2027-03-18,State Government,Extracted,Pending,/documents/safety_certificate/CG-001/1489.pdf,1065,Sita Devi,2023-03-20 00:00:00
DOC-01490,OD-002,First Aid Certificate,Fir-1490-2023,2022-09-27,2024-09-26,CPCB,Extracted,Expired,/documents/first_aid_certificate/OD-002/1490.pdf,4953,Sita Devi,2022-10-15 00:00:00
DOC-01491,,Environmental Clearance,Env-1491-2023,2022-12-23,2023-12-23,State Government,Extracted,Expired,/documents/environmental_clearance/global/1491.pdf,3083,Sita Devi,2023-01-12 00:00:00
DOC-01492,,Safety Certificate,Saf-1492-2023,2022-03-24,2023-03-24,CPCB,Extracted,Expired,/documents/safety_certificate/global/1492.pdf,1703,Rajesh Kumar,2022-03-28 00:00:00
DOC-01493,,Environmental Clearance,Env-1493-2023,2023-07-16,2025-07-15,Insurance Company,Pending,Expired,/documents/environmental_clearance/global/1493.pdf,4343,Rajesh Kumar,2023-07-31 00:00:00
DOC-01494,CG-002,Environmental Clearance,Env-1494-2023,2023-04-25,2026-04-24,Insurance Company,Pending,Expired,/documents/environmental_clearance/CG-002/1494.pdf,3980,Amit Patel,2023-05-18 00:00:00
DOC-01495,OD-001,Safety Certificate,Saf-1495-2023,2023-06-04,2024-06-03,State Government,Extracted,Expired,/documents/safety_certificate/OD-001/1495.pdf,3432,Amit Patel,2023-07-01 00:00:00
DOC-01496,CG-002,Mining Lease,Min-1496-2023,2022-09-02,2024-09-01,CPCB,Extracted,Expired,/documents/mining_lease/CG-002/1496.pdf,3716,Amit Patel,2022-09-26 00:00:00
DOC-01497,JH-003,Training Certificate,Tra-1497-2023,2022-07-06,2026-07-05,State PCB,Failed,Expired,/documents/training_certificate/JH-003/1497.pdf,1556,Amit Patel,2022-07-31 00:00:00
DOC-01498,JH-002,Insurance Certificate,Ins-1498-2023,2023-05-06,2024-05-05,State Government,Pending,Expired,/documents/insurance_certificate/JH-002/1498.pdf,4385,Sita Devi,2023-05-08 00:00:00
DOC-01499,OD-002,Audit Report,Aud-1499-2023,2023-07-17,2025-07-16,State Government,Extracted,Expired,/documents/audit_report/OD-002/1499.pdf,4912,Rajesh Kumar,2023-08-14 00:00:00
DOC-01500,OD-002,Safety Certificate,Saf-1500-2023,2023-12-08,2024-12-07,State Government,Extracted,Expired,/documents/safety_certificate/OD-002/1500.pdf,4020,Amit Patel,2024-01-05 00:00:00
DOC-01501,,Fire Safety Certificate,Fir-1501-2023,2022-09-30,2024-09-29,State PCB,Extracted,Expired,/documents/fire_safety_certificate/global/1501.pdf,3384,Sita Devi,2022-10-02 00:00:00
DOC-01502,OD-001,Environmental Clearance,Env-1502-2023,2022-04-18,2025-04-17,CPCB,Pending,Expired,/documents/environmental_clearance/OD-001/1502.pdf,2501,Rajesh Kumar,2022-05-07 00:00:00
DOC-01503,JH-002,Fire Safety Certificate,Fir-1503-2023,2022-08-10,2024-08-09,Insurance Company,Pending,Expired,/documents/fire_safety_certificate/JH-002/1503.pdf,2252,Amit Patel,2022-08-17 00:00:00
DOC-01504,OD-002,Audit Report,Aud-1504-2023,2023-12-01,2026-11-30,CPCB,Extracted,Verified,/documents/audit_report/OD-002/1504.pdf,3441,Rajesh Kumar,2023-12-17 00:00:00
DOC-01505,OD-001,Fire Safety Certificate,Fir-1505-2023,2022-10-29,2025-10-28,State Government,Extracted,Expired,/documents/fire_safety_certificate/OD-001/1505.pdf,4263,Amit Patel,2022-11-01 00:00:00
DOC-01506,CG-001,Safety Certificate,Saf-1506-2023,2023-03-03,2027-03-02,Insurance Company,Extracted,Verified,/documents/safety_certificate/CG-001/1506.pdf,1299,Rajesh Kumar,2023-03-06 00:00:00
DOC-01507,OD-001,Audit Report,Aud-1507-2023,2023-03-16,2026-03-15,CPCB,Pending,Expired,/documents/audit_report/OD-001/1507.pdf,929,Rajesh Kumar,2023-04-12 00:00:00
DOC-01508,JH-003,First Aid Certificate,Fir-1508-2023,2023-05-13,2028-05-11,CPCB,Extracted,Verified,/documents/first_aid_certificate/JH-003/1508.pdf,1370,Sita Devi,2023-06-11 00:00:00
DOC-01509,JH-001,Fire Safety Certificate,Fir-1509-2023,2022-07-20,2027-07-19,State PCB,Extracted,Verified,/documents/fire_safety_certificate/JH-001/1509.pdf,3496,Sita Devi,2022-07-22 00:00:00
DOC-01510,OD-002,Mining Lease,Min-1510-2023,2022-10-20,2023-10-20,CPCB,Extracted,Expired,/documents/mining_lease/OD-002/1510.pdf,1779,Sita Devi,2022-11-08 00:00:00
DOC-01511,JH-002,Audit Report,Aud-1511-2023,2023-12-16,2028-12-14,DGMS,Extracted,Verified,/documents/audit_report/JH-002/1511.pdf,4376,Amit Patel,2023-12-21 00:00:00
DOC-01512,OD-002,Mining Lease,Min-1512-2023,2022-10-06,2027-10-05,DGMS,Extracted,Verified,/documents/mining_lease/OD-002/1512.pdf,1899,Sita Devi,2022-10-23 00:00:00
DOC-01513,JH-001,Fire Safety Certificate,Fir-1513-2023,2022-02-16,2026-02-15,Insurance Company,Extracted,Expired,/documents/fire_safety_certificate/JH-001/1513.pdf,2341,Rajesh Kumar,2022-02-24 00:00:00
DOC-01514,JH-003,First Aid Certificate,Fir-1514-2023,2023-08-27,2028-08-25,State PCB,Failed,Verified,/documents/first_aid_certificate/JH-003/1514.pdf,1722,Amit Patel,2023-09-05 00:00:00
DOC-01515,OD-001,Training Certificate,Tra-1515-2023,2023-12-04,2028-12-02,State Government,Extracted,Rejected,/documents/training_certificate/OD-001/1515.pdf,3616,Rajesh Kumar,2023-12-06 00:00:00
DOC-01516,JH-002,First Aid Certificate,Fir-1516-2023,2023-05-23,2024-05-22,DGMS,Extracted,Expired,/documents/first_aid_certificate/JH-002/1516.pdf,3462,Rajesh Kumar,2023-06-09 00:00:00
DOC-01517,OD-001,Fire Safety Certificate,Fir-1517-2023,2023-09-11,2026-09-10,CPCB,Pending,Verified,/documents/fire_safety_certificate/OD-001/1517.pdf,1741,Sita Devi,2023-09-29 00:00:00
DOC-01518,OD-001,Explosives Licence,Exp-1518-2023,2022-11-10,2023-11-10,CPCB,Failed,Expired,/documents/explosives_licence/OD-001/1518.pdf,1556,Amit Patel,2022-11-25 00:00:00
DOC-01519,OD-002,Fire Safety Certificate,Fir-1519-2023,2022-08-13,2024-08-12,State Government,Extracted,Expired,/documents/fire_safety_certificate/OD-002/1519.pdf,4347,Sita Devi,2022-08-30 00:00:00
DOC-01520,OD-002,Audit Report,Aud-1520-2023,2022-10-10,2027-10-09,State Government,Extracted,Verified,/documents/audit_report/OD-002/1520.pdf,1866,Sita Devi,2022-10-22 00:00:00
DOC-01521,,First Aid Certificate,Fir-1521-2023,2022-10-24,2023-10-24,Insurance Company,Extracted,Expired,/documents/first_aid_certificate/global/1521.pdf,4134,Amit Patel,2022-11-15 00:00:00
DOC-01522,OD-001,Safety Certificate,Saf-1522-2023,2022-11-18,2024-11-17,CPCB,Extracted,Expired,/documents/safety_certificate/OD-001/1522.pdf,4596,Sita Devi,2022-11-24 00:00:00
DOC-01523,JH-003,Environmental Clearance,Env-1523-2023,2023-05-09,2027-05-08,Insurance Company,Extracted,Rejected,/documents/environmental_clearance/JH-003/1523.pdf,619,Sita Devi,2023-05-26 00:00:00
DOC-01524,JH-003,Fire Safety Certificate,Fir-1524-2023,2022-01-02,2024-01-02,State PCB,Extracted,Expired,/documents/fire_safety_certificate/JH-003/1524.pdf,542,Rajesh Kumar,2022-01-31 00:00:00
DOC-01525,,Explosives Licence,Exp-1525-2023,2022-02-25,2023-02-25,State Government,Extracted,Expired,/documents/explosives_licence/global/1525.pdf,4150,Rajesh Kumar,2022-03-27 00:00:00
DOC-01526,OD-002,Safety Certificate,Saf-1526-2023,2023-06-26,2027-06-25,DGMS,Pending,Pending,/documents/safety_certificate/OD-002/1526.pdf,2515,Rajesh Kumar,2023-07-20 00:00:00
DOC-01527,CG-002,First Aid Certificate,Fir-1527-2023,2023-03-18,2027-03-17,DGMS,Failed,Verified,/documents/first_aid_certificate/CG-002/1527.pdf,3075,Sita Devi,2023-04-12 00:00:00
DOC-01528,OD-002,Fire Safety Certificate,Fir-1528-2023,2023-05-28,2027-05-27,DGMS,Extracted,Verified,/documents/fire_safety_certificate/OD-002/1528.pdf,1839,Rajesh Kumar,2023-06-01 00:00:00
DOC-01529,OD-001,Training Certificate,Tra-1529-2023,2022-10-24,2025-10-23,Insurance Company,Extracted,Expired,/documents/training_certificate/OD-001/1529.pdf,3700,Rajesh Kumar,2022-10-25 00:00:00
DOC-01530,JH-003,Audit Report,Aud-1530-2023,2022-08-20,2027-08-19,Insurance Company,Extracted,Verified,/documents/audit_report/JH-003/1530.pdf,4602,Amit Patel,2022-09-06 00:00:00
DOC-01531,CG-001,First Aid Certificate,Fir-1531-2023,2022-12-04,2023-12-04,Insurance Company,Extracted,Expired,/documents/first_aid_certificate/CG-001/1531.pdf,2419,Amit Patel,2022-12-22 00:00:00
DOC-01532,JH-002,Insurance Certificate,Ins-1532-2023,2022-02-27,2025-02-26,DGMS,Extracted,Expired,/documents/insurance_certificate/JH-002/1532.pdf,805,Rajesh Kumar,2022-03-14 00:00:00
DOC-01533,OD-001,Explosives Licence,Exp-1533-2023,2022-07-28,2026-07-27,DGMS,Extracted,Expired,/documents/explosives_licence/OD-001/1533.pdf,1029,Amit Patel,2022-08-27 00:00:00
DOC-01534,JH-002,Training Certificate,Tra-1534-2023,2023-09-09,2026-09-08,CPCB,Extracted,Verified,/documents/training_certificate/JH-002/1534.pdf,4278,Sita Devi,2023-10-01 00:00:00
DOC-01535,JH-003,Training Certificate,Tra-1535-2023,2022-02-16,2027-02-15,Insurance Company,Extracted,Verified,/documents/training_certificate/JH-003/1535.pdf,1469,Rajesh Kumar,2022-03-03 00:00:00
DOC-01536,,Training Certificate,Tra-1536-2023,2023-07-30,2028-07-28,State Government,Extracted,Verified,/documents/training_certificate/global/1536.pdf,1531,Rajesh Kumar,2023-08-17 00:00:00
DOC-01537,CG-002,Fire Safety Certificate,Fir-1537-2023,2022-03-02,2023-03-02,Insurance Company,Extracted,Expired,/documents/fire_safety_certificate/CG-002/1537.pdf,2374,Rajesh Kumar,2022-03-06 00:00:00
DOC-01538,JH-001,Mining Lease,Min-1538-2023,2022-11-03,2026-11-02,State PCB,Pending,Verified,/documents/mining_lease/JH-001/1538.pdf,903,Sita Devi,2022-11-27 00:00:00
DOC-01539,CG-002,Fire Safety Certificate,Fir-1539-2023,2023-04-02,2024-04-01,CPCB,Extracted,Expired,/documents/fire_safety_certificate/CG-002/1539.pdf,4911,Rajesh Kumar,2023-04-26 00:00:00
DOC-01540,OD-001,Fire Safety Certificate,Fir-1540-2023,2023-04-15,2027-04-14,State PCB,Extracted,Verified,/documents/fire_safety_certificate/OD-001/1540.pdf,3492,Rajesh Kumar,2023-04-20 00:00:00
DOC-01541,CG-002,Explosives Licence,Exp-1541-2023,2022-02-08,2026-02-07,State PCB,Pending,Expired,/documents/explosives_licence/CG-002/1541.pdf,3935,Rajesh Kumar,2022-02-14 00:00:00
DOC-01542,JH-001,Insurance Certificate,Ins-1542-2023,2023-06-09,2026-06-08,CPCB,Extracted,Expired,/documents/insurance_certificate/JH-001/1542.pdf,1765,Sita Devi,2023-06-28 00:00:00
DOC-01543,CG-001,Fire Safety Certificate,Fir-1543-2023,2023-10-14,2026-10-13,Insurance Company,Extracted,Verified,/documents/fire_safety_certificate/CG-001/1543.pdf,2771,Sita Devi,2023-11-08 00:00:00
DOC-01544,CG-001,Insurance Certificate,Ins-1544-2023,2023-07-01,2026-06-30,State PCB,Extracted,Expired,/documents/insurance_certificate/CG-001/1544.pdf,3122,Sita Devi,2023-07-14 00:00:00
DOC-01545,JH-003,Audit Report,Aud-1545-2023,2022-03-20,2026-03-19,CPCB,Extracted,Expired,/documents/audit_report/JH-003/1545.pdf,4488,Amit Patel,2022-04-09 00:00:00
DOC-01546,,Mining Lease,Min-1546-2023,2023-03-25,2024-03-24,DGMS,Extracted,Expired,/documents/mining_lease/global/1546.pdf,1457,Rajesh Kumar,2023-04-07 00:00:00
DOC-01547,CG-002,Environmental Clearance,Env-1547-2023,2023-01-16,2024-01-16,DGMS,Extracted,Expired,/documents/environmental_clearance/CG-002/1547.pdf,4283,Sita Devi,2023-02-14 00:00:00
DOC-01548,CG-001,First Aid Certificate,Fir-1548-2023,2022-09-26,2023-09-26,State PCB,Pending,Expired,/documents/first_aid_certificate/CG-001/1548.pdf,2768,Rajesh Kumar,2022-10-25 00:00:00
DOC-01549,OD-002,Training Certificate,Tra-1549-2023,2023-12-04,2027-12-03,CPCB,Extracted,Verified,/documents/training_certificate/OD-002/1549.pdf,4431,Amit Patel,2023-12-24 00:00:00
DOC-01550,OD-002,Training Certificate,Tra-1550-2023,2023-10-24,2025-10-23,CPCB,Extracted,Expired,/documents/training_certificate/OD-002/1550.pdf,2232,Rajesh Kumar,2023-11-23 00:00:00
DOC-01551,JH-002,Audit Report,Aud-1551-2023,2023-12-22,2026-12-21,State PCB,Extracted,Pending,/documents/audit_report/JH-002/1551.pdf,2602,Rajesh Kumar,2023-12-23 00:00:00
DOC-01552,OD-001,Explosives Licence,Exp-1552-2023,2022-07-20,2025-07-19,State PCB,Extracted,Expired,/documents/explosives_licence/OD-001/1552.pdf,2255,Sita Devi,2022-08-03 00:00:00
DOC-01553,OD-001,Safety Certificate,Saf-1553-2023,2023-10-22,2025-10-21,DGMS,Extracted,Expired,/documents/safety_certificate/OD-001/1553.pdf,4780,Rajesh Kumar,2023-11-08 00:00:00
DOC-01554,JH-002,Environmental Clearance,Env-1554-2023,2022-07-18,2025-07-17,State PCB,Extracted,Expired,/documents/environmental_clearance/JH-002/1554.pdf,2523,Rajesh Kumar,2022-08-03 00:00:00
DOC-01555,CG-001,Audit Report,Aud-1555-2023,2022-04-03,2023-04-03,State PCB,Failed,Expired,/documents/audit_report/CG-001/1555.pdf,780,Amit Patel,2022-04-12 00:00:00
DOC-01556,OD-001,Mining Lease,Min-1556-2023,2022-12-26,2024-12-25,CPCB,Extracted,Expired,/documents/mining_lease/OD-001/1556.pdf,1533,Rajesh Kumar,2023-01-13 00:00:00
DOC-01557,OD-001,First Aid Certificate,Fir-1557-2023,2023-07-22,2027-07-21,DGMS,Extracted,Pending,/documents/first_aid_certificate/OD-001/1557.pdf,632,Sita Devi,2023-08-02 00:00:00
DOC-01558,CG-002,Insurance Certificate,Ins-1558-2023,2023-10-23,2026-10-22,State Government,Extracted,Verified,/documents/insurance_certificate/CG-002/1558.pdf,2586,Sita Devi,2023-11-17 00:00:00
DOC-01559,,Insurance Certificate,Ins-1559-2023,2022-10-10,2027-10-09,State PCB,Extracted,Verified,/documents/insurance_certificate/global/1559.pdf,2841,Rajesh Kumar,2022-11-01 00:00:00
DOC-01560,CG-002,Training Certificate,Tra-1560-2023,2022-08-25,2024-08-24,Insurance Company,Extracted,Expired,/documents/training_certificate/CG-002/1560.pdf,4716,Amit Patel,2022-09-18 00:00:00
DOC-01561,OD-002,First Aid Certificate,Fir-1561-2023,2023-07-18,2027-07-17,CPCB,Extracted,Rejected,/documents/first_aid_certificate/OD-002/1561.pdf,725,Sita Devi,2023-08-08 00:00:00
DOC-01562,OD-002,Environmental Clearance,Env-1562-2023,2022-12-12,2024-12-11,CPCB,Failed,Expired,/documents/environmental_clearance/OD-002/1562.pdf,4653,Sita Devi,2023-01-11 00:00:00
DOC-01563,JH-003,Explosives Licence,Exp-1563-2023,2022-12-06,2025-12-05,State PCB,Extracted,Expired,/documents/explosives_licence/JH-003/1563.pdf,4834,Rajesh Kumar,2022-12-31 00:00:00
DOC-01564,OD-001,Mining Lease,Min-1564-2023,2022-01-27,2025-01-26,State PCB,Extracted,Expired,/documents/mining_lease/OD-001/1564.pdf,2661,Rajesh Kumar,2022-02-06 00:00:00
DOC-01565,JH-003,Safety Certificate,Saf-1565-2023,2022-10-16,2024-10-15,CPCB,Extracted,Expired,/documents/safety_certificate/JH-003/1565.pdf,2750,Amit Patel,2022-10-22 00:00:00
DOC-01566,CG-001,Audit Report,Aud-1566-2023,2023-10-07,2025-10-06,Insurance Company,Extracted,Expired,/documents/audit_report/CG-001/1566.pdf,830,Rajesh Kumar,2023-10-15 00:00:00
DOC-01567,OD-002,Audit Report,Aud-1567-2023,2023-03-24,2027-03-23,DGMS,Extracted,Verified,/documents/audit_report/OD-002/1567.pdf,2381,Sita Devi,2023-04-22 00:00:00
DOC-01568,JH-001,Fire Safety Certificate,Fir-1568-2023,2022-08-02,2026-08-01,Insurance Company,Extracted,Expired,/documents/fire_safety_certificate/JH-001/1568.pdf,4015,Amit Patel,2022-08-07 00:00:00
DOC-01569,JH-001,Training Certificate,Tra-1569-2023,2022-03-03,2024-03-02,CPCB,Pending,Expired,/documents/training_certificate/JH-001/1569.pdf,3073,Amit Patel,2022-03-09 00:00:00
DOC-01570,OD-001,First Aid Certificate,Fir-1570-2023,2022-06-14,2023-06-14,DGMS,Extracted,Expired,/documents/first_aid_certificate/OD-001/1570.pdf,3615,Amit Patel,2022-06-27 00:00:00
DOC-01571,JH-001,Environmental Clearance,Env-1571-2023,2022-05-18,2027-05-17,DGMS,Extracted,Verified,/documents/environmental_clearance/JH-001/1571.pdf,3137,Sita Devi,2022-05-24 00:00:00
DOC-01572,JH-001,Explosives Licence,Exp-1572-2023,2023-09-21,2027-09-20,State Government,Extracted,Verified,/documents/explosives_licence/JH-001/1572.pdf,4042,Amit Patel,2023-10-08 00:00:00
DOC-01573,CG-001,Training Certificate,Tra-1573-2023,2023-05-04,2025-05-03,State PCB,Extracted,Expired,/documents/training_certificate/CG-001/1573.pdf,2699,Sita Devi,2023-05-14 00:00:00
DOC-01574,OD-002,Mining Lease,Min-1574-2023,2022-01-06,2025-01-05,State PCB,Pending,Expired,/documents/mining_lease/OD-002/1574.pdf,823,Rajesh Kumar,2022-01-13 00:00:00
DOC-01575,OD-002,Explosives Licence,Exp-1575-2023,2023-06-20,2028-06-18,Insurance Company,Failed,Verified,/documents/explosives_licence/OD-002/1575.pdf,1828,Rajesh Kumar,2023-06-28 00:00:00
DOC-01576,OD-001,Insurance Certificate,Ins-1576-2023,2023-08-20,2025-08-19,DGMS,Extracted,Expired,/documents/insurance_certificate/OD-001/1576.pdf,3177,Rajesh Kumar,2023-08-31 00:00:00
DOC-01577,,Audit Report,Aud-1577-2023,2022-01-22,2025-01-21,State PCB,Extracted,Expired,/documents/audit_report/global/1577.pdf,4716,Amit Patel,2022-02-21 00:00:00
DOC-01578,OD-002,Training Certificate,Tra-1578-2023,2023-02-13,2024-02-13,State PCB,Failed,Expired,/documents/training_certificate/OD-002/1578.pdf,1282,Sita Devi,2023-02-25 00:00:00
DOC-01579,OD-002,First Aid Certificate,Fir-1579-2023,2023-10-20,2028-10-18,Insurance Company,Extracted,Verified,/documents/first_aid_certificate/OD-002/1579.pdf,547,Rajesh Kumar,2023-10-26 00:00:00
DOC-01580,JH-001,First Aid Certificate,Fir-1580-2023,2022-10-07,2023-10-07,Insurance Company,Failed,Expired,/documents/first_aid_certificate/JH-001/1580.pdf,1746,Rajesh Kumar,2022-11-06 00:00:00
DOC-01581,CG-002,Safety Certificate,Saf-1581-2023,2023-10-11,2028-10-09,State PCB,Extracted,Verified,/documents/safety_certificate/CG-002/1581.pdf,2463,Rajesh Kumar,2023-10-25 00:00:00
DOC-01582,JH-002,Mining Lease,Min-1582-2023,2023-09-12,2025-09-11,DGMS,Pending,Expired,/documents/mining_lease/JH-002/1582.pdf,4473,Sita Devi,2023-09-28 00:00:00
DOC-01583,JH-003,Fire Safety Certificate,Fir-1583-2023,2023-12-07,2028-12-05,CPCB,Extracted,Rejected,/documents/fire_safety_certificate/JH-003/1583.pdf,3855,Amit Patel,2023-12-24 00:00:00
DOC-01584,JH-003,Explosives Licence,Exp-1584-2023,2022-01-22,2023-01-22,State Government,Extracted,Expired,/documents/explosives_licence/JH-003/1584.pdf,4643,Amit Patel,2022-02-06 00:00:00
DOC-01585,OD-002,Environmental Clearance,Env-1585-2023,2023-01-29,2027-01-28,Insurance Company,Extracted,Verified,/documents/environmental_clearance/OD-002/1585.pdf,2299,Rajesh Kumar,2023-02-14 00:00:00
DOC-01586,OD-002,Training Certificate,Tra-1586-2023,2023-05-18,2025-05-17,State PCB,Extracted,Expired,/documents/training_certificate/OD-002/1586.pdf,1463,Sita Devi,2023-05-22 00:00:00
DOC-01587,CG-002,Environmental Clearance,Env-1587-2023,2023-07-05,2025-07-04,State PCB,Extracted,Expired,/documents/environmental_clearance/CG-002/1587.pdf,3964,Rajesh Kumar,2023-07-26 00:00:00
DOC-01588,OD-001,First Aid Certificate,Fir-1588-2023,2022-01-19,2024-01-19,State Government,Pending,Expired,/documents/first_aid_certificate/OD-001/1588.pdf,1515,Sita Devi,2022-01-20 00:00:00
DOC-01589,OD-002,Audit Report,Aud-1589-2023,2022-05-11,2027-05-10,State PCB,Extracted,Verified,/documents/audit_report/OD-002/1589.pdf,910,Sita Devi,2022-05-26 00:00:00
DOC-01590,CG-002,Environmental Clearance,Env-1590-2023,2023-09-10,2024-09-09,Insurance Company,Extracted,Expired,/documents/environmental_clearance/CG-002/1590.pdf,3791,Rajesh Kumar,2023-10-04 00:00:00
DOC-01591,OD-001,Insurance Certificate,Ins-1591-2023,2022-02-17,2027-02-16,DGMS,Extracted,Verified,/documents/insurance_certificate/OD-001/1591.pdf,1523,Rajesh Kumar,2022-03-19 00:00:00
DOC-01592,JH-002,Environmental Clearance,Env-1592-2023,2023-01-09,2027-01-08,DGMS,Extracted,Verified,/documents/environmental_clearance/JH-002/1592.pdf,4860,Rajesh Kumar,2023-01-15 00:00:00
DOC-01593,JH-003,Mining Lease,Min-1593-2023,2023-12-19,2024-12-18,State Government,Extracted,Expired,/documents/mining_lease/JH-003/1593.pdf,631,Rajesh Kumar,2024-01-14 00:00:00
DOC-01594,OD-002,First Aid Certificate,Fir-1594-2023,2022-05-10,2027-05-09,DGMS,Extracted,Verified,/documents/first_aid_certificate/OD-002/1594.pdf,3985,Rajesh Kumar,2022-05-26 00:00:00
DOC-01595,JH-003,Safety Certificate,Saf-1595-2023,2022-09-17,2024-09-16,State PCB,Pending,Expired,/documents/safety_certificate/JH-003/1595.pdf,1508,Amit Patel,2022-10-14 00:00:00
DOC-01596,JH-001,Training Certificate,Tra-1596-2023,2023-11-02,2028-10-31,CPCB,Extracted,Verified,/documents/training_certificate/JH-001/1596.pdf,1124,Sita Devi,2023-11-30 00:00:00
DOC-01597,JH-003,Mining Lease,Min-1597-2023,2023-08-16,2026-08-15,State Government,Extracted,Expired,/documents/mining_lease/JH-003/1597.pdf,3854,Amit Patel,2023-08-29 00:00:00
DOC-01598,JH-002,Environmental Clearance,Env-1598-2023,2022-12-12,2023-12-12,CPCB,Extracted,Expired,/documents/environmental_clearance/JH-002/1598.pdf,1523,Rajesh Kumar,2022-12-15 00:00:00
DOC-01599,JH-001,Environmental Clearance,Env-1599-2023,2023-09-06,2025-09-05,DGMS,Extracted,Expired,/documents/environmental_clearance/JH-001/1599.pdf,2628,Amit Patel,2023-09-26 00:00:00
DOC-01600,,First Aid Certificate,Fir-1600-2023,2022-10-04,2026-10-03,DGMS,Extracted,Verified,/documents/first_aid_certificate/global/1600.pdf,4210,Amit Patel,2022-10-06 00:00:00
DOC-01601,CG-001,Audit Report,Aud-1601-2023,2023-08-27,2028-08-25,State PCB,Extracted,Verified,/documents/audit_report/CG-001/1601.pdf,4703,Sita Devi,2023-09-03 00:00:00
DOC-01602,OD-001,First Aid Certificate,Fir-1602-2023,2023-07-06,2026-07-05,CPCB,Extracted,Expired,/documents/first_aid_certificate/OD-001/1602.pdf,2835,Rajesh Kumar,2023-07-22 00:00:00
DOC-01603,JH-003,Environmental Clearance,Env-1603-2023,2022-12-15,2026-12-14,Insurance Company,Extracted,Verified,/documents/environmental_clearance/JH-003/1603.pdf,524,Amit Patel,2023-01-11 00:00:00
DOC-01604,,Safety Certificate,Saf-1604-2023,2022-02-13,2024-02-13,DGMS,Pending,Expired,/documents/safety_certificate/global/1604.pdf,4515,Amit Patel,2022-03-12 00:00:00
DOC-01605,OD-002,Explosives Licence,Exp-1605-2023,2023-07-17,2026-07-16,State PCB,Extracted,Expired,/documents/explosives_licence/OD-002/1605.pdf,4826,Sita Devi,2023-08-04 00:00:00
DOC-01606,JH-003,Fire Safety Certificate,Fir-1606-2023,2022-09-22,2023-09-22,CPCB,Extracted,Expired,/documents/fire_safety_certificate/JH-003/1606.pdf,4986,Rajesh Kumar,2022-10-05 00:00:00
DOC-01607,CG-002,Environmental Clearance,Env-1607-2023,2022-09-29,2026-09-28,State PCB,Extracted,Verified,/documents/environmental_clearance/CG-002/1607.pdf,3776,Amit Patel,2022-10-10 00:00:00
DOC-01608,JH-003,Fire Safety Certificate,Fir-1608-2023,2023-06-15,2028-06-13,Insurance Company,Extracted,Verified,/documents/fire_safety_certificate/JH-003/1608.pdf,1775,Sita Devi,2023-07-10 00:00:00
DOC-01609,CG-001,Insurance Certificate,Ins-1609-2023,2023-05-20,2024-05-19,DGMS,Extracted,Expired,/documents/insurance_certificate/CG-001/1609.pdf,546,Rajesh Kumar,2023-05-22 00:00:00
DOC-01610,OD-002,Insurance Certificate,Ins-1610-2023,2022-11-28,2023-11-28,State PCB,Extracted,Expired,/documents/insurance_certificate/OD-002/1610.pdf,964,Amit Patel,2022-12-23 00:00:00
DOC-01611,JH-003,Insurance Certificate,Ins-1611-2023,2022-01-24,2025-01-23,DGMS,Extracted,Expired,/documents/insurance_certificate/JH-003/1611.pdf,2361,Amit Patel,2022-01-28 00:00:00
DOC-01612,CG-002,Fire Safety Certificate,Fir-1612-2023,2022-01-05,2023-01-05,DGMS,Extracted,Expired,/documents/fire_safety_certificate/CG-002/1612.pdf,3938,Amit Patel,2022-01-13 00:00:00
DOC-01613,OD-002,Training Certificate,Tra-1613-2023,2022-02-10,2026-02-09,State PCB,Pending,Expired,/documents/training_certificate/OD-002/1613.pdf,960,Amit Patel,2022-03-12 00:00:00
DOC-01614,JH-003,Safety Certificate,Saf-1614-2023,2022-04-30,2024-04-29,State Government,Extracted,Expired,/documents/safety_certificate/JH-003/1614.pdf,3217,Rajesh Kumar,2022-05-13 00:00:00
DOC-01615,OD-001,Fire Safety Certificate,Fir-1615-2023,2022-11-08,2025-11-07,State PCB,Extracted,Expired,/documents/fire_safety_certificate/OD-001/1615.pdf,3265,Sita Devi,2022-12-08 00:00:00
DOC-01616,JH-002,Environmental Clearance,Env-1616-2023,2022-09-04,2027-09-03,State PCB,Extracted,Pending,/documents/environmental_clearance/JH-002/1616.pdf,1289,Rajesh Kumar,2022-09-14 00:00:00
DOC-01617,CG-002,Explosives Licence,Exp-1617-2023,2022-06-07,2024-06-06,DGMS,Extracted,Expired,/documents/explosives_licence/CG-002/1617.pdf,4426,Sita Devi,2022-06-29 00:00:00
DOC-01618,JH-003,First Aid Certificate,Fir-1618-2023,2023-05-10,2026-05-09,Insurance Company,Extracted,Expired,/documents/first_aid_certificate/JH-003/1618.pdf,1292,Amit Patel,2023-05-30 00:00:00
DOC-01619,JH-003,First Aid Certificate,Fir-1619-2023,2023-07-14,2027-07-13,DGMS,Extracted,Verified,/documents/first_aid_certificate/JH-003/1619.pdf,2827,Rajesh Kumar,2023-07-29 00:00:00
DOC-01620,CG-002,Fire Safety Certificate,Fir-1620-2023,2022-01-31,2023-01-31,CPCB,Pending,Expired,/documents/fire_safety_certificate/CG-002/1620.pdf,2232,Sita Devi,2022-03-01 00:00:00
DOC-01621,CG-001,Explosives Licence,Exp-1621-2023,2022-08-28,2023-08-28,CPCB,Extracted,Expired,/documents/explosives_licence/CG-001/1621.pdf,4819,Amit Patel,2022-09-10 00:00:00
DOC-01622,JH-003,Environmental Clearance,Env-1622-2023,2022-12-24,2023-12-24,CPCB,Extracted,Expired,/documents/environmental_clearance/JH-003/1622.pdf,1606,Amit Patel,2023-01-21 00:00:00
DOC-01623,CG-001,Fire Safety Certificate,Fir-1623-2023,2023-09-01,2027-08-31,CPCB,Extracted,Verified,/documents/fire_safety_certificate/CG-001/1623.pdf,1993,Amit Patel,2023-09-22 00:00:00
DOC-01624,JH-001,Fire Safety Certificate,Fir-1624-2023,2023-03-10,2027-03-09,Insurance Company,Pending,Verified,/documents/fire_safety_certificate/JH-001/1624.pdf,4422,Sita Devi,2023-03-11 00:00:00
DOC-01625,OD-002,Explosives Licence,Exp-1625-2023,2022-08-03,2023-08-03,Insurance Company,Pending,Expired,/documents/explosives_licence/OD-002/1625.pdf,4394,Amit Patel,2022-08-04 00:00:00
DOC-01626,OD-001,Training Certificate,Tra-1626-2023,2022-02-01,2026-01-31,CPCB,Extracted,Expired,/documents/training_certificate/OD-001/1626.pdf,3286,Rajesh Kumar,2022-02-28 00:00:00
DOC-01627,CG-002,Insurance Certificate,Ins-1627-2023,2022-08-21,2023-08-21,CPCB,Extracted,Expired,/documents/insurance_certificate/CG-002/1627.pdf,1081,Sita Devi,2022-09-12 00:00:00
DOC-01628,JH-002,Safety Certificate,Saf-1628-2023,2023-08-15,2027-08-14,State Government,Extracted,Verified,/documents/safety_certificate/JH-002/1628.pdf,928,Sita Devi,2023-09-06 00:00:00
DOC-01629,CG-002,Mining Lease,Min-1629-2023,2023-09-29,2027-09-28,State PCB,Extracted,Verified,/documents/mining_lease/CG-002/1629.pdf,1394,Amit Patel,2023-10-04 00:00:00
DOC-01630,,Safety Certificate,Saf-1630-2023,2022-03-07,2024-03-06,DGMS,Extracted,Expired,/documents/safety_certificate/global/1630.pdf,2854,Sita Devi,2022-03-15 00:00:00
DOC-01631,CG-001,First Aid Certificate,Fir-1631-2023,2023-02-08,2026-02-07,State Government,Extracted,Expired,/documents/first_aid_certificate/CG-001/1631.pdf,3642,Amit Patel,2023-02-21 00:00:00
DOC-01632,JH-001,Insurance Certificate,Ins-1632-2023,2022-10-24,2027-10-23,State Government,Extracted,Verified,/documents/insurance_certificate/JH-001/1632.pdf,3064,Amit Patel,2022-10-25 00:00:00
DOC-01633,,Insurance Certificate,Ins-1633-2023,2022-01-31,2023-01-31,CPCB,Extracted,Expired,/documents/insurance_certificate/global/1633.pdf,1416,Sita Devi,2022-02-14 00:00:00
DOC-01634,JH-003,Audit Report,Aud-1634-2023,2023-01-13,2026-01-12,State PCB,Extracted,Expired,/documents/audit_report/JH-003/1634.pdf,1297,Amit Patel,2023-01-19 00:00:00
DOC-01635,OD-001,Safety Certificate,Saf-1635-2023,2022-11-05,2026-11-04,State PCB,Extracted,Verified,/documents/safety_certificate/OD-001/1635.pdf,3946,Rajesh Kumar,2022-11-11 00:00:00
DOC-01636,CG-002,Explosives Licence,Exp-1636-2023,2023-12-22,2028-12-20,State PCB,Extracted,Verified,/documents/explosives_licence/CG-002/1636.pdf,4196,Sita Devi,2023-12-23 00:00:00
DOC-01637,JH-001,Audit Report,Aud-1637-2023,2023-01-07,2026-01-06,CPCB,Extracted,Expired,/documents/audit_report/JH-001/1637.pdf,865,Sita Devi,2023-02-06 00:00:00
DOC-01638,OD-002,Mining Lease,Min-1638-2023,2023-05-09,2028-05-07,DGMS,Extracted,Verified,/documents/mining_lease/OD-002/1638.pdf,2896,Rajesh Kumar,2023-05-24 00:00:00
DOC-01639,CG-002,Safety Certificate,Saf-1639-2023,2022-03-13,2027-03-12,State PCB,Extracted,Verified,/documents/safety_certificate/CG-002/1639.pdf,1127,Rajesh Kumar,2022-04-06 00:00:00
DOC-01640,CG-001,Training Certificate,Tra-1640-2023,2022-08-14,2023-08-14,DGMS,Extracted,Expired,/documents/training_certificate/CG-001/1640.pdf,3098,Rajesh Kumar,2022-08-24 00:00:00
DOC-01641,OD-002,Environmental Clearance,Env-1641-2023,2022-02-04,2027-02-03,State PCB,Extracted,Verified,/documents/environmental_clearance/OD-002/1641.pdf,2754,Sita Devi,2022-02-18 00:00:00
DOC-01642,JH-002,Safety Certificate,Saf-1642-2023,2023-03-05,2025-03-04,DGMS,Extracted,Expired,/documents/safety_certificate/JH-002/1642.pdf,3129,Rajesh Kumar,2023-03-29 00:00:00
DOC-01643,JH-002,Training Certificate,Tra-1643-2023,2022-02-06,2026-02-05,Insurance Company,Extracted,Expired,/documents/training_certificate/JH-002/1643.pdf,4869,Sita Devi,2022-02-15 00:00:00
DOC-01644,OD-002,Insurance Certificate,Ins-1644-2023,2022-11-02,2025-11-01,Insurance Company,Extracted,Expired,/documents/insurance_certificate/OD-002/1644.pdf,2397,Sita Devi,2022-11-26 00:00:00
DOC-01645,OD-001,Safety Certificate,Saf-1645-2023,2022-09-01,2024-08-31,State PCB,Extracted,Expired,/documents/safety_certificate/OD-001/1645.pdf,1490,Rajesh Kumar,2022-09-26 00:00:00
DOC-01646,JH-002,Mining Lease,Min-1646-2023,2023-02-03,2026-02-02,CPCB,Extracted,Expired,/documents/mining_lease/JH-002/1646.pdf,1159,Amit Patel,2023-02-17 00:00:00
DOC-01647,JH-003,Insurance Certificate,Ins-1647-2023,2023-01-14,2024-01-14,CPCB,Extracted,Expired,/documents/insurance_certificate/JH-003/1647.pdf,559,Rajesh Kumar,2023-02-07 00:00:00
DOC-01648,JH-001,Insurance Certificate,Ins-1648-2023,2022-07-05,2026-07-04,Insurance Company,Extracted,Expired,/documents/insurance_certificate/JH-001/1648.pdf,2504,Sita Devi,2022-07-19 00:00:00
DOC-01649,OD-002,Training Certificate,Tra-1649-2023,2022-10-04,2023-10-04,State PCB,Extracted,Expired,/documents/training_certificate/OD-002/1649.pdf,3756,Sita Devi,2022-10-05 00:00:00
DOC-01650,OD-001,First Aid Certificate,Fir-1650-2023,2023-11-29,2027-11-28,DGMS,Extracted,Verified,/documents/first_aid_certificate/OD-001/1650.pdf,4007,Sita Devi,2023-12-04 00:00:00
DOC-01651,JH-002,First Aid Certificate,Fir-1651-2023,2022-07-28,2027-07-27,State PCB,Extracted,Rejected,/documents/first_aid_certificate/JH-002/1651.pdf,2505,Rajesh Kumar,2022-08-24 00:00:00
DOC-01652,,Environmental Clearance,Env-1652-2023,2022-05-23,2024-05-22,State Government,Extracted,Expired,/documents/environmental_clearance/global/1652.pdf,3211,Rajesh Kumar,2022-06-02 00:00:00
DOC-01653,CG-002,Environmental Clearance,Env-1653-2023,2023-07-07,2027-07-06,State PCB,Pending,Verified,/documents/environmental_clearance/CG-002/1653.pdf,720,Amit Patel,2023-07-13 00:00:00
DOC-01654,JH-002,Insurance Certificate,Ins-1654-2023,2022-07-03,2024-07-02,DGMS,Extracted,Expired,/documents/insurance_certificate/JH-002/1654.pdf,4204,Sita Devi,2022-07-08 00:00:00
DOC-01655,JH-003,Training Certificate,Tra-1655-2023,2022-05-18,2027-05-17,Insurance Company,Extracted,Verified,/documents/training_certificate/JH-003/1655.pdf,2705,Rajesh Kumar,2022-06-01 00:00:00
DOC-01656,CG-001,Training Certificate,Tra-1656-2023,2022-06-26,2026-06-25,DGMS,Extracted,Expired,/documents/training_certificate/CG-001/1656.pdf,1530,Sita Devi,2022-07-13 00:00:00
DOC-01657,CG-001,Mining Lease,Min-1657-2023,2023-01-25,2028-01-24,CPCB,Extracted,Verified,/documents/mining_lease/CG-001/1657.pdf,3172,Amit Patel,2023-02-14 00:00:00
DOC-01658,JH-003,Explosives Licence,Exp-1658-2023,2023-09-23,2024-09-22,DGMS,Extracted,Expired,/documents/explosives_licence/JH-003/1658.pdf,4945,Amit Patel,2023-10-16 00:00:00
DOC-01659,JH-002,Fire Safety Certificate,Fir-1659-2023,2023-11-16,2024-11-15,State PCB,Extracted,Expired,/documents/fire_safety_certificate/JH-002/1659.pdf,4774,Amit Patel,2023-12-06 00:00:00
DOC-01660,CG-002,Audit Report,Aud-1660-2023,2022-07-27,2023-07-27,DGMS,Extracted,Expired,/documents/audit_report/CG-002/1660.pdf,4642,Rajesh Kumar,2022-08-18 00:00:00
DOC-01661,CG-002,Fire Safety Certificate,Fir-1661-2023,2023-10-10,2026-10-09,State PCB,Extracted,Verified,/documents/fire_safety_certificate/CG-002/1661.pdf,4364,Amit Patel,2023-11-01 00:00:00
DOC-01662,JH-002,Training Certificate,Tra-1662-2023,2022-10-20,2025-10-19,State PCB,Extracted,Expired,/documents/training_certificate/JH-002/1662.pdf,736,Rajesh Kumar,2022-11-17 00:00:00
DOC-01663,JH-003,Training Certificate,Tra-1663-2023,2022-03-12,2023-03-12,State PCB,Extracted,Expired,/documents/training_certificate/JH-003/1663.pdf,1143,Sita Devi,2022-03-28 00:00:00
DOC-01664,JH-003,Audit Report,Aud-1664-2023,2023-03-07,2028-03-05,State Government,Extracted,Verified,/documents/audit_report/JH-003/1664.pdf,3278,Amit Patel,2023-03-29 00:00:00
DOC-01665,OD-002,Mining Lease,Min-1665-2023,2022-04-18,2027-04-17,State PCB,Pending,Verified,/documents/mining_lease/OD-002/1665.pdf,1946,Amit Patel,2022-05-05 00:00:00
DOC-01666,JH-003,Mining Lease,Min-1666-2023,2023-07-05,2025-07-04,State Government,Extracted,Expired,/documents/mining_lease/JH-003/1666.pdf,4958,Rajesh Kumar,2023-07-15 00:00:00
DOC-01667,JH-003,Insurance Certificate,Ins-1667-2023,2023-06-05,2028-06-03,State PCB,Extracted,Verified,/documents/insurance_certificate/JH-003/1667.pdf,4583,Amit Patel,2023-06-24 00:00:00
DOC-01668,CG-001,Fire Safety Certificate,Fir-1668-2023,2023-10-12,2028-10-10,CPCB,Extracted,Verified,/documents/fire_safety_certificate/CG-001/1668.pdf,2402,Rajesh Kumar,2023-10-26 00:00:00
DOC-01669,OD-002,Environmental Clearance,Env-1669-2023,2022-10-10,2025-10-09,State Government,Extracted,Expired,/documents/environmental_clearance/OD-002/1669.pdf,4584,Amit Patel,2022-11-05 00:00:00
DOC-01670,JH-001,Environmental Clearance,Env-1670-2023,2023-05-07,2024-05-06,State Government,Extracted,Expired,/documents/environmental_clearance/JH-001/1670.pdf,1439,Rajesh Kumar,2023-05-30 00:00:00
DOC-01671,JH-003,First Aid Certificate,Fir-1671-2023,2023-08-06,2024-08-05,State Government,Extracted,Expired,/documents/first_aid_certificate/JH-003/1671.pdf,1710,Rajesh Kumar,2023-08-12 00:00:00
DOC-01672,OD-002,Training Certificate,Tra-1672-2023,2023-01-18,2024-01-18,State PCB,Extracted,Expired,/documents/training_certificate/OD-002/1672.pdf,4406,Amit Patel,2023-01-27 00:00:00
DOC-01673,OD-001,Mining Lease,Min-1673-2023,2023-10-23,2025-10-22,State Government,Extracted,Expired,/documents/mining_lease/OD-001/1673.pdf,3818,Rajesh Kumar,2023-11-13 00:00:00
DOC-01674,CG-001,Insurance Certificate,Ins-1674-2023,2022-07-05,2023-07-05,State PCB,Failed,Expired,/documents/insurance_certificate/CG-001/1674.pdf,1870,Rajesh Kumar,2022-07-06 00:00:00
DOC-01675,CG-001,Mining Lease,Min-1675-2023,2022-02-21,2027-02-20,DGMS,Pending,Verified,/documents/mining_lease/CG-001/1675.pdf,2949,Amit Patel,2022-02-23 00:00:00
DOC-01676,CG-002,Safety Certificate,Saf-1676-2023,2023-10-21,2024-10-20,DGMS,Extracted,Expired,/documents/safety_certificate/CG-002/1676.pdf,4772,Rajesh Kumar,2023-11-01 00:00:00
DOC-01677,CG-002,Safety Certificate,Saf-1677-2023,2023-12-26,2027-12-25,CPCB,Extracted,Verified,/documents/safety_certificate/CG-002/1677.pdf,2564,Rajesh Kumar,2024-01-05 00:00:00
DOC-01678,JH-003,Safety Certificate,Saf-1678-2023,2023-03-02,2025-03-01,Insurance Company,Extracted,Expired,/documents/safety_certificate/JH-003/1678.pdf,1690,Sita Devi,2023-03-05 00:00:00
DOC-01679,JH-001,First Aid Certificate,Fir-1679-2023,2022-09-04,2024-09-03,CPCB,Pending,Expired,/documents/first_aid_certificate/JH-001/1679.pdf,1552,Sita Devi,2022-09-21 00:00:00
DOC-01680,JH-002,Mining Lease,Min-1680-2023,2022-10-29,2025-10-28,DGMS,Extracted,Expired,/documents/mining_lease/JH-002/1680.pdf,2518,Rajesh Kumar,2022-11-20 00:00:00
DOC-01681,JH-001,Training Certificate,Tra-1681-2023,2022-04-26,2023-04-26,CPCB,Extracted,Expired,/documents/training_certificate/JH-001/1681.pdf,2250,Rajesh Kumar,2022-05-20 00:00:00
DOC-01682,JH-003,Fire Safety Certificate,Fir-1682-2023,2022-09-27,2023-09-27,CPCB,Pending,Expired,/documents/fire_safety_certificate/JH-003/1682.pdf,2452,Sita Devi,2022-10-21 00:00:00
DOC-01683,JH-003,Training Certificate,Tra-1683-2023,2023-03-18,2027-03-17,State Government,Extracted,Verified,/documents/training_certificate/JH-003/1683.pdf,2063,Rajesh Kumar,2023-03-23 00:00:00
DOC-01684,JH-002,Environmental Clearance,Env-1684-2023,2023-02-13,2025-02-12,CPCB,Extracted,Expired,/documents/environmental_clearance/JH-002/1684.pdf,1192,Amit Patel,2023-02-25 00:00:00
DOC-01685,OD-002,Audit Report,Aud-1685-2023,2023-06-07,2028-06-05,Insurance Company,Extracted,Verified,/documents/audit_report/OD-002/1685.pdf,2826,Amit Patel,2023-06-14 00:00:00
DOC-01686,CG-001,Environmental Clearance,Env-1686-2023,2022-04-06,2027-04-05,DGMS,Pending,Pending,/documents/environmental_clearance/CG-001/1686.pdf,4511,Rajesh Kumar,2022-04-19 00:00:00
DOC-01687,CG-001,Insurance Certificate,Ins-1687-2023,2022-09-02,2024-09-01,Insurance Company,Extracted,Expired,/documents/insurance_certificate/CG-001/1687.pdf,3339,Rajesh Kumar,2022-09-11 00:00:00
DOC-01688,JH-002,Environmental Clearance,Env-1688-2023,2023-10-17,2027-10-16,DGMS,Extracted,Verified,/documents/environmental_clearance/JH-002/1688.pdf,4327,Rajesh Kumar,2023-11-02 00:00:00
DOC-01689,CG-001,First Aid Certificate,Fir-1689-2023,2022-09-18,2023-09-18,State PCB,Extracted,Expired,/documents/first_aid_certificate/CG-001/1689.pdf,3222,Rajesh Kumar,2022-09-22 00:00:00
DOC-01690,,First Aid Certificate,Fir-1690-2023,2022-09-23,2027-09-22,DGMS,Extracted,Verified,/documents/first_aid_certificate/global/1690.pdf,4023,Sita Devi,2022-10-16 00:00:00
DOC-01691,JH-002,Audit Report,Aud-1691-2023,2023-01-09,2025-01-08,State Government,Pending,Expired,/documents/audit_report/JH-002/1691.pdf,1106,Sita Devi,2023-02-05 00:00:00
DOC-01692,OD-001,Training Certificate,Tra-1692-2023,2022-01-01,2026-12-31,CPCB,Failed,Verified,/documents/training_certificate/OD-001/1692.pdf,1984,Rajesh Kumar,2022-01-13 00:00:00
DOC-01693,JH-003,Mining Lease,Min-1693-2023,2022-03-03,2024-03-02,State Government,Extracted,Expired,/documents/mining_lease/JH-003/1693.pdf,2069,Rajesh Kumar,2022-03-18 00:00:00
DOC-01694,JH-002,Training Certificate,Tra-1694-2023,2023-08-12,2025-08-11,State Government,Extracted,Expired,/documents/training_certificate/JH-002/1694.pdf,2278,Sita Devi,2023-09-03 00:00:00
DOC-01695,CG-002,Training Certificate,Tra-1695-2023,2023-05-27,2028-05-25,State Government,Extracted,Verified,/documents/training_certificate/CG-002/1695.pdf,1566,Amit Patel,2023-06-14 00:00:00
DOC-01696,OD-002,Environmental Clearance,Env-1696-2023,2022-12-14,2025-12-13,Insurance Company,Pending,Expired,/documents/environmental_clearance/OD-002/1696.pdf,4828,Rajesh Kumar,2022-12-27 00:00:00
DOC-01697,JH-001,Fire Safety Certificate,Fir-1697-2023,2023-03-12,2025-03-11,CPCB,Extracted,Expired,/documents/fire_safety_certificate/JH-001/1697.pdf,4999,Rajesh Kumar,2023-03-25 00:00:00
DOC-01698,CG-001,Audit Report,Aud-1698-2023,2022-08-11,2023-08-11,CPCB,Pending,Expired,/documents/audit_report/CG-001/1698.pdf,3698,Amit Patel,2022-09-09 00:00:00
DOC-01699,JH-003,Safety Certificate,Saf-1699-2023,2022-10-22,2025-10-21,CPCB,Extracted,Expired,/documents/safety_certificate/JH-003/1699.pdf,3039,Rajesh Kumar,2022-10-25 00:00:00
DOC-01700,OD-001,Insurance Certificate,Ins-1700-2023,2022-04-09,2024-04-08,Insurance Company,Extracted,Expired,/documents/insurance_certificate/OD-001/1700.pdf,3626,Amit Patel,2022-04-25 00:00:00
DOC-01701,CG-002,Audit Report,Aud-1701-2023,2023-08-15,2027-08-14,Insurance Company,Extracted,Verified,/documents/audit_report/CG-002/1701.pdf,598,Amit Patel,2023-08-31 00:00:00
DOC-01702,OD-001,Insurance Certificate,Ins-1702-2023,2023-05-09,2025-05-08,DGMS,Pending,Expired,/documents/insurance_certificate/OD-001/1702.pdf,3983,Rajesh Kumar,2023-05-16 00:00:00
DOC-01703,CG-002,First Aid Certificate,Fir-1703-2023,2023-05-25,2027-05-24,DGMS,Extracted,Verified,/documents/first_aid_certificate/CG-002/1703.pdf,4801,Rajesh Kumar,2023-06-05 00:00:00
DOC-01704,JH-002,Explosives Licence,Exp-1704-2023,2023-05-16,2028-05-14,CPCB,Pending,Verified,/documents/explosives_licence/JH-002/1704.pdf,1767,Rajesh Kumar,2023-05-19 00:00:00
DOC-01705,JH-003,Environmental Clearance,Env-1705-2023,2022-04-18,2023-04-18,DGMS,Pending,Expired,/documents/environmental_clearance/JH-003/1705.pdf,1986,Sita Devi,2022-05-03 00:00:00
DOC-01706,OD-002,Explosives Licence,Exp-1706-2023,2023-06-29,2026-06-28,State PCB,Pending,Expired,/documents/explosives_licence/OD-002/1706.pdf,4232,Amit Patel,2023-07-05 00:00:00
DOC-01707,JH-003,Fire Safety Certificate,Fir-1707-2023,2022-02-01,2023-02-01,State Government,Extracted,Expired,/documents/fire_safety_certificate/JH-003/1707.pdf,2528,Sita Devi,2022-02-28 00:00:00
DOC-01708,JH-003,Training Certificate,Tra-1708-2023,2022-09-02,2027-09-01,DGMS,Extracted,Verified,/documents/training_certificate/JH-003/1708.pdf,4409,Rajesh Kumar,2022-09-10 00:00:00
DOC-01709,OD-002,Explosives Licence,Exp-1709-2023,2023-11-08,2024-11-07,State Government,Pending,Expired,/documents/explosives_licence/OD-002/1709.pdf,751,Rajesh Kumar,2023-11-12 00:00:00
DOC-01710,JH-003,Insurance Certificate,Ins-1710-2023,2023-03-29,2024-03-28,CPCB,Extracted,Expired,/documents/insurance_certificate/JH-003/1710.pdf,4393,Rajesh Kumar,2023-04-15 00:00:00
DOC-01711,JH-002,First Aid Certificate,Fir-1711-2023,2023-10-03,2026-10-02,State Government,Extracted,Verified,/documents/first_aid_certificate/JH-002/1711.pdf,3692,Sita Devi,2023-10-10 00:00:00
DOC-01712,JH-002,Environmental Clearance,Env-1712-2023,2022-11-05,2025-11-04,DGMS,Extracted,Expired,/documents/environmental_clearance/JH-002/1712.pdf,1454,Rajesh Kumar,2022-11-15 00:00:00
DOC-01713,JH-001,Training Certificate,Tra-1713-2023,2023-08-12,2028-08-10,State PCB,Extracted,Verified,/documents/training_certificate/JH-001/1713.pdf,2207,Amit Patel,2023-08-26 00:00:00
DOC-01714,JH-001,Fire Safety Certificate,Fir-1714-2023,2023-05-14,2027-05-13,CPCB,Extracted,Verified,/documents/fire_safety_certificate/JH-001/1714.pdf,4643,Amit Patel,2023-06-09 00:00:00
DOC-01715,JH-003,Safety Certificate,Saf-1715-2023,2022-07-27,2026-07-26,Insurance Company,Extracted,Expired,/documents/safety_certificate/JH-003/1715.pdf,3562,Sita Devi,2022-08-07 00:00:00
DOC-01716,JH-002,Mining Lease,Min-1716-2023,2022-04-08,2026-04-07,State Government,Extracted,Expired,/documents/mining_lease/JH-002/1716.pdf,1565,Amit Patel,2022-05-05 00:00:00
DOC-01717,JH-001,First Aid Certificate,Fir-1717-2023,2023-03-21,2026-03-20,State PCB,Extracted,Expired,/documents/first_aid_certificate/JH-001/1717.pdf,1482,Amit Patel,2023-04-20 00:00:00
DOC-01718,JH-002,Training Certificate,Tra-1718-2023,2023-11-09,2028-11-07,Insurance Company,Pending,Verified,/documents/training_certificate/JH-002/1718.pdf,4294,Rajesh Kumar,2023-12-04 00:00:00
DOC-01719,JH-003,Environmental Clearance,Env-1719-2023,2023-07-06,2027-07-05,DGMS,Pending,Verified,/documents/environmental_clearance/JH-003/1719.pdf,985,Amit Patel,2023-07-21 00:00:00
DOC-01720,CG-001,Fire Safety Certificate,Fir-1720-2023,2022-01-28,2027-01-27,DGMS,Extracted,Verified,/documents/fire_safety_certificate/CG-001/1720.pdf,1389,Amit Patel,2022-02-09 00:00:00
DOC-01721,OD-001,Safety Certificate,Saf-1721-2023,2022-05-08,2023-05-08,State Government,Pending,Expired,/documents/safety_certificate/OD-001/1721.pdf,2284,Sita Devi,2022-05-24 00:00:00
DOC-01722,OD-001,Explosives Licence,Exp-1722-2023,2022-10-18,2026-10-17,State Government,Extracted,Verified,/documents/explosives_licence/OD-001/1722.pdf,1674,Sita Devi,2022-11-16 00:00:00
DOC-01723,OD-002,Training Certificate,Tra-1723-2023,2023-03-05,2027-03-04,DGMS,Extracted,Verified,/documents/training_certificate/OD-002/1723.pdf,884,Rajesh Kumar,2023-03-27 00:00:00
DOC-01724,OD-001,Training Certificate,Tra-1724-2023,2022-12-04,2023-12-04,CPCB,Extracted,Expired,/documents/training_certificate/OD-001/1724.pdf,4459,Amit Patel,2022-12-18 00:00:00
DOC-01725,JH-002,Mining Lease,Min-1725-2023,2023-05-09,2027-05-08,DGMS,Extracted,Verified,/documents/mining_lease/JH-002/1725.pdf,1412,Sita Devi,2023-05-24 00:00:00
DOC-01726,OD-002,Fire Safety Certificate,Fir-1726-2023,2023-03-12,2026-03-11,State Government,Extracted,Expired,/documents/fire_safety_certificate/OD-002/1726.pdf,4926,Sita Devi,2023-03-17 00:00:00
DOC-01727,OD-001,Safety Certificate,Saf-1727-2023,2022-10-13,2026-10-12,CPCB,Extracted,Verified,/documents/safety_certificate/OD-001/1727.pdf,3098,Rajesh Kumar,2022-10-31 00:00:00
DOC-01728,CG-001,First Aid Certificate,Fir-1728-2023,2023-01-22,2024-01-22,Insurance Company,Pending,Expired,/documents/first_aid_certificate/CG-001/1728.pdf,1078,Sita Devi,2023-02-18 00:00:00
DOC-01729,OD-001,Training Certificate,Tra-1729-2023,2022-01-04,2027-01-03,State PCB,Extracted,Verified,/documents/training_certificate/OD-001/1729.pdf,634,Rajesh Kumar,2022-01-20 00:00:00
DOC-01730,CG-001,Training Certificate,Tra-1730-2023,2023-03-26,2028-03-24,Insurance Company,Extracted,Verified,/documents/training_certificate/CG-001/1730.pdf,3849,Rajesh Kumar,2023-04-21 00:00:00
DOC-01731,OD-001,Safety Certificate,Saf-1731-2023,2022-11-24,2023-11-24,DGMS,Extracted,Expired,/documents/safety_certificate/OD-001/1731.pdf,1681,Rajesh Kumar,2022-11-27 00:00:00
DOC-01732,JH-001,Training Certificate,Tra-1732-2023,2022-01-24,2024-01-24,State Government,Extracted,Expired,/documents/training_certificate/JH-001/1732.pdf,1347,Amit Patel,2022-02-22 00:00:00
DOC-01733,CG-001,Mining Lease,Min-1733-2023,2022-08-07,2027-08-06,CPCB,Extracted,Pending,/documents/mining_lease/CG-001/1733.pdf,970,Rajesh Kumar,2022-08-26 00:00:00
DOC-01734,,Environmental Clearance,Env-1734-2023,2023-02-18,2027-02-17,State PCB,Extracted,Verified,/documents/environmental_clearance/global/1734.pdf,1793,Rajesh Kumar,2023-02-25 00:00:00
DOC-01735,CG-001,Training Certificate,Tra-1735-2023,2022-06-07,2026-06-06,State PCB,Extracted,Expired,/documents/training_certificate/CG-001/1735.pdf,621,Sita Devi,2022-06-26 00:00:00
DOC-01736,JH-001,Audit Report,Aud-1736-2023,2023-02-01,2027-01-31,State PCB,Pending,Pending,/documents/audit_report/JH-001/1736.pdf,2094,Amit Patel,2023-02-24 00:00:00
DOC-01737,OD-002,First Aid Certificate,Fir-1737-2023,2023-12-20,2024-12-19,CPCB,Pending,Expired,/documents/first_aid_certificate/OD-002/1737.pdf,3679,Sita Devi,2024-01-02 00:00:00
DOC-01738,OD-001,Training Certificate,Tra-1738-2023,2022-11-05,2023-11-05,CPCB,Extracted,Expired,/documents/training_certificate/OD-001/1738.pdf,4521,Amit Patel,2022-11-29 00:00:00
DOC-01739,OD-001,Mining Lease,Min-1739-2023,2022-08-05,2024-08-04,Insurance Company,Extracted,Expired,/documents/mining_lease/OD-001/1739.pdf,3804,Rajesh Kumar,2022-08-17 00:00:00
DOC-01740,OD-002,Safety Certificate,Saf-1740-2023,2022-01-10,2027-01-09,State Government,Pending,Verified,/documents/safety_certificate/OD-002/1740.pdf,1684,Amit Patel,2022-01-18 00:00:00
DOC-01741,CG-002,Explosives Licence,Exp-1741-2023,2022-09-05,2025-09-04,CPCB,Extracted,Expired,/documents/explosives_licence/CG-002/1741.pdf,4966,Rajesh Kumar,2022-09-06 00:00:00
DOC-01742,CG-001,Safety Certificate,Saf-1742-2023,2023-04-16,2025-04-15,State Government,Pending,Expired,/documents/safety_certificate/CG-001/1742.pdf,3006,Sita Devi,2023-04-19 00:00:00
DOC-01743,JH-002,Safety Certificate,Saf-1743-2023,2022-12-14,2025-12-13,DGMS,Extracted,Expired,/documents/safety_certificate/JH-002/1743.pdf,4217,Rajesh Kumar,2023-01-06 00:00:00
DOC-01744,CG-002,Fire Safety Certificate,Fir-1744-2023,2022-07-28,2023-07-28,State Government,Failed,Expired,/documents/fire_safety_certificate/CG-002/1744.pdf,3624,Sita Devi,2022-08-11 00:00:00
DOC-01745,JH-002,Environmental Clearance,Env-1745-2023,2023-04-18,2025-04-17,DGMS,Extracted,Expired,/documents/environmental_clearance/JH-002/1745.pdf,4414,Amit Patel,2023-04-26 00:00:00
DOC-01746,JH-001,Environmental Clearance,Env-1746-2023,2022-10-25,2026-10-24,State Government,Extracted,Verified,/documents/environmental_clearance/JH-001/1746.pdf,3093,Rajesh Kumar,2022-11-17 00:00:00
DOC-01747,JH-003,Mining Lease,Min-1747-2023,2022-03-26,2026-03-25,State PCB,Extracted,Expired,/documents/mining_lease/JH-003/1747.pdf,1695,Sita Devi,2022-04-18 00:00:00
DOC-01748,CG-002,Environmental Clearance,Env-1748-2023,2022-11-07,2023-11-07,State Government,Failed,Expired,/documents/environmental_clearance/CG-002/1748.pdf,3964,Sita Devi,2022-11-23 00:00:00
DOC-01749,JH-001,First Aid Certificate,Fir-1749-2023,2022-03-05,2025-03-04,Insurance Company,Extracted,Expired,/documents/first_aid_certificate/JH-001/1749.pdf,4824,Sita Devi,2022-03-11 00:00:00
DOC-01750,OD-002,Explosives Licence,Exp-1750-2023,2022-07-26,2024-07-25,State Government,Extracted,Expired,/documents/explosives_licence/OD-002/1750.pdf,2718,Rajesh Kumar,2022-08-19 00:00:00
DOC-01751,CG-001,Audit Report,Aud-1751-2023,2022-06-12,2025-06-11,DGMS,Extracted,Expired,/documents/audit_report/CG-001/1751.pdf,1948,Sita Devi,2022-06-14 00:00:00
DOC-01752,OD-002,Training Certificate,Tra-1752-2023,2022-12-07,2026-12-06,State PCB,Extracted,Verified,/documents/training_certificate/OD-002/1752.pdf,4721,Rajesh Kumar,2022-12-17 00:00:00
DOC-01753,CG-002,Audit Report,Aud-1753-2023,2023-01-20,2025-01-19,DGMS,Extracted,Expired,/documents/audit_report/CG-002/1753.pdf,3003,Amit Patel,2023-02-05 00:00:00
DOC-01754,JH-001,Fire Safety Certificate,Fir-1754-2023,2022-01-28,2025-01-27,State Government,Failed,Expired,/documents/fire_safety_certificate/JH-001/1754.pdf,1395,Sita Devi,2022-02-24 00:00:00
DOC-01755,JH-001,Safety Certificate,Saf-1755-2023,2022-05-18,2026-05-17,State Government,Failed,Expired,/documents/safety_certificate/JH-001/1755.pdf,664,Amit Patel,2022-05-26 00:00:00
DOC-01756,JH-002,Training Certificate,Tra-1756-2023,2022-10-12,2027-10-11,State Government,Extracted,Verified,/documents/training_certificate/JH-002/1756.pdf,4073,Sita Devi,2022-10-20 00:00:00
DOC-01757,JH-002,Fire Safety Certificate,Fir-1757-2023,2023-04-27,2028-04-25,Insurance Company,Pending,Pending,/documents/fire_safety_certificate/JH-002/1757.pdf,3481,Amit Patel,2023-05-06 00:00:00
DOC-01758,CG-002,Training Certificate,Tra-1758-2023,2023-07-25,2026-07-24,State PCB,Extracted,Expired,/documents/training_certificate/CG-002/1758.pdf,4497,Rajesh Kumar,2023-08-02 00:00:00
DOC-01759,JH-001,Environmental Clearance,Env-1759-2023,2023-01-03,2026-01-02,State Government,Extracted,Expired,/documents/environmental_clearance/JH-001/1759.pdf,2160,Sita Devi,2023-01-19 00:00:00
DOC-01760,JH-002,Safety Certificate,Saf-1760-2023,2023-06-02,2024-06-01,State PCB,Extracted,Expired,/documents/safety_certificate/JH-002/1760.pdf,3474,Rajesh Kumar,2023-06-13 00:00:00
DOC-01761,JH-003,Audit Report,Aud-1761-2023,2023-11-23,2027-11-22,State PCB,Extracted,Verified,/documents/audit_report/JH-003/1761.pdf,4093,Sita Devi,2023-12-11 00:00:00
DOC-01762,CG-001,First Aid Certificate,Fir-1762-2023,2023-12-29,2027-12-28,CPCB,Extracted,Verified,/documents/first_aid_certificate/CG-001/1762.pdf,3952,Amit Patel,2023-12-30 00:00:00
DOC-01763,CG-002,Audit Report,Aud-1763-2023,2023-02-22,2028-02-21,State PCB,Extracted,Pending,/documents/audit_report/CG-002/1763.pdf,2585,Amit Patel,2023-02-27 00:00:00
DOC-01764,,Safety Certificate,Saf-1764-2023,2022-12-23,2026-12-22,Insurance Company,Extracted,Verified,/documents/safety_certificate/global/1764.pdf,4502,Sita Devi,2022-12-25 00:00:00
DOC-01765,CG-001,Fire Safety Certificate,Fir-1765-2023,2022-12-16,2023-12-16,State Government,Extracted,Expired,/documents/fire_safety_certificate/CG-001/1765.pdf,3043,Sita Devi,2023-01-01 00:00:00
DOC-01766,JH-002,First Aid Certificate,Fir-1766-2023,2022-11-17,2024-11-16,DGMS,Extracted,Expired,/documents/first_aid_certificate/JH-002/1766.pdf,2195,Rajesh Kumar,2022-11-26 00:00:00
DOC-01767,CG-001,First Aid Certificate,Fir-1767-2023,2022-09-28,2025-09-27,Insurance Company,Extracted,Expired,/documents/first_aid_certificate/CG-001/1767.pdf,539,Rajesh Kumar,2022-10-16 00:00:00
DOC-01768,JH-001,First Aid Certificate,Fir-1768-2023,2022-12-17,2023-12-17,DGMS,Extracted,Expired,/documents/first_aid_certificate/JH-001/1768.pdf,4861,Rajesh Kumar,2023-01-14 00:00:00
DOC-01769,OD-002,Fire Safety Certificate,Fir-1769-2023,2022-08-11,2027-08-10,State Government,Extracted,Rejected,/documents/fire_safety_certificate/OD-002/1769.pdf,1073,Sita Devi,2022-09-03 00:00:00
DOC-01770,OD-001,Audit Report,Aud-1770-2023,2022-12-06,2023-12-06,CPCB,Extracted,Expired,/documents/audit_report/OD-001/1770.pdf,702,Amit Patel,2022-12-07 00:00:00
DOC-01771,,Environmental Clearance,Env-1771-2023,2023-03-14,2026-03-13,State PCB,Extracted,Expired,/documents/environmental_clearance/global/1771.pdf,2091,Amit Patel,2023-03-31 00:00:00
DOC-01772,JH-001,Training Certificate,Tra-1772-2023,2022-04-05,2025-04-04,DGMS,Extracted,Expired,/documents/training_certificate/JH-001/1772.pdf,4886,Rajesh Kumar,2022-04-13 00:00:00
DOC-01773,CG-001,Audit Report,Aud-1773-2023,2023-06-07,2027-06-06,State Government,Extracted,Verified,/documents/audit_report/CG-001/1773.pdf,2463,Amit Patel,2023-06-24 00:00:00
DOC-01774,JH-001,Environmental Clearance,Env-1774-2023,2022-03-05,2023-03-05,CPCB,Pending,Expired,/documents/environmental_clearance/JH-001/1774.pdf,2773,Rajesh Kumar,2022-03-12 00:00:00
DOC-01775,OD-002,Explosives Licence,Exp-1775-2023,2023-05-24,2026-05-23,Insurance Company,Extracted,Expired,/documents/explosives_licence/OD-002/1775.pdf,3435,Amit Patel,2023-06-03 00:00:00
DOC-01776,CG-002,Explosives Licence,Exp-1776-2023,2022-05-18,2027-05-17,DGMS,Failed,Verified,/documents/explosives_licence/CG-002/1776.pdf,4371,Rajesh Kumar,2022-06-15 00:00:00
DOC-01777,CG-001,Mining Lease,Min-1777-2023,2022-02-21,2024-02-21,State PCB,Extracted,Expired,/documents/mining_lease/CG-001/1777.pdf,4201,Amit Patel,2022-03-02 00:00:00
DOC-01778,OD-001,Mining Lease,Min-1778-2023,2023-11-05,2028-11-03,CPCB,Extracted,Verified,/documents/mining_lease/OD-001/1778.pdf,2246,Sita Devi,2023-11-21 00:00:00
DOC-01779,JH-001,First Aid Certificate,Fir-1779-2023,2022-03-16,2024-03-15,State Government,Extracted,Expired,/documents/first_aid_certificate/JH-001/1779.pdf,2238,Amit Patel,2022-03-23 00:00:00
DOC-01780,OD-001,Safety Certificate,Saf-1780-2023,2023-11-30,2028-11-28,State PCB,Extracted,Verified,/documents/safety_certificate/OD-001/1780.pdf,2049,Amit Patel,2023-12-20 00:00:00
DOC-01781,JH-001,Audit Report,Aud-1781-2023,2022-04-12,2024-04-11,Insurance Company,Extracted,Expired,/documents/audit_report/JH-001/1781.pdf,4649,Rajesh Kumar,2022-05-03 00:00:00
DOC-01782,JH-002,Mining Lease,Min-1782-2023,2023-11-14,2027-11-13,CPCB,Extracted,Verified,/documents/mining_lease/JH-002/1782.pdf,3364,Rajesh Kumar,2023-12-08 00:00:00
DOC-01783,JH-002,Environmental Clearance,Env-1783-2023,2022-04-26,2024-04-25,CPCB,Failed,Expired,/documents/environmental_clearance/JH-002/1783.pdf,590,Sita Devi,2022-05-08 00:00:00
DOC-01784,JH-002,Safety Certificate,Saf-1784-2023,2023-02-10,2026-02-09,DGMS,Extracted,Expired,/documents/safety_certificate/JH-002/1784.pdf,4320,Amit Patel,2023-02-12 00:00:00
DOC-01785,OD-002,Safety Certificate,Saf-1785-2023,2023-09-20,2025-09-19,CPCB,Extracted,Expired,/documents/safety_certificate/OD-002/1785.pdf,4547,Amit Patel,2023-09-25 00:00:00
DOC-01786,JH-002,Insurance Certificate,Ins-1786-2023,2022-01-06,2026-01-05,State PCB,Extracted,Expired,/documents/insurance_certificate/JH-002/1786.pdf,1516,Rajesh Kumar,2022-01-15 00:00:00
DOC-01787,CG-001,Mining Lease,Min-1787-2023,2023-10-26,2025-10-25,State Government,Extracted,Expired,/documents/mining_lease/CG-001/1787.pdf,3522,Sita Devi,2023-11-12 00:00:00
DOC-01788,OD-001,Audit Report,Aud-1788-2023,2022-04-15,2023-04-15,State Government,Failed,Expired,/documents/audit_report/OD-001/1788.pdf,2200,Rajesh Kumar,2022-04-17 00:00:00
DOC-01789,JH-002,Training Certificate,Tra-1789-2023,2022-01-07,2023-01-07,CPCB,Extracted,Expired,/documents/training_certificate/JH-002/1789.pdf,4534,Rajesh Kumar,2022-02-01 00:00:00
DOC-01790,JH-001,Fire Safety Certificate,Fir-1790-2023,2022-09-06,2025-09-05,State Government,Extracted,Expired,/documents/fire_safety_certificate/JH-001/1790.pdf,4175,Sita Devi,2022-09-29 00:00:00
DOC-01791,CG-002,Fire Safety Certificate,Fir-1791-2023,2022-08-14,2024-08-13,DGMS,Pending,Expired,/documents/fire_safety_certificate/CG-002/1791.pdf,615,Rajesh Kumar,2022-09-05 00:00:00
DOC-01792,CG-002,Explosives Licence,Exp-1792-2023,2022-01-05,2027-01-04,State Government,Extracted,Verified,/documents/explosives_licence/CG-002/1792.pdf,2340,Sita Devi,2022-01-11 00:00:00
DOC-01793,JH-002,Fire Safety Certificate,Fir-1793-2023,2022-12-07,2023-12-07,State PCB,Extracted,Expired,/documents/fire_safety_certificate/JH-002/1793.pdf,4532,Sita Devi,2022-12-19 00:00:00
DOC-01794,,Training Certificate,Tra-1794-2023,2023-03-09,2025-03-08,CPCB,Extracted,Expired,/documents/training_certificate/global/1794.pdf,4156,Amit Patel,2023-03-22 00:00:00
DOC-01795,CG-002,Explosives Licence,Exp-1795-2023,2022-06-09,2025-06-08,State PCB,Extracted,Expired,/documents/explosives_licence/CG-002/1795.pdf,3413,Sita Devi,2022-06-25 00:00:00
DOC-01796,CG-002,Insurance Certificate,Ins-1796-2023,2023-08-22,2025-08-21,State PCB,Extracted,Expired,/documents/insurance_certificate/CG-002/1796.pdf,4534,Rajesh Kumar,2023-09-10 00:00:00
DOC-01797,JH-002,Safety Certificate,Saf-1797-2023,2023-02-12,2028-02-11,CPCB,Pending,Verified,/documents/safety_certificate/JH-002/1797.pdf,3012,Amit Patel,2023-02-26 00:00:00
DOC-01798,CG-002,Insurance Certificate,Ins-1798-2023,2022-04-28,2026-04-27,DGMS,Extracted,Expired,/documents/insurance_certificate/CG-002/1798.pdf,1372,Rajesh Kumar,2022-05-03 00:00:00
DOC-01799,OD-001,Safety Certificate,Saf-1799-2023,2022-04-09,2023-04-09,CPCB,Pending,Expired,/documents/safety_certificate/OD-001/1799.pdf,3917,Amit Patel,2022-04-13 00:00:00
DOC-01800,JH-002,Fire Safety Certificate,Fir-1800-2023,2022-02-09,2024-02-09,Insurance Company,Extracted,Expired,/documents/fire_safety_certificate/JH-002/1800.pdf,4783,Rajesh Kumar,2022-02-18 00:00:00
DOC-01801,CG-002,Training Certificate,Tra-1801-2023,2023-08-05,2025-08-04,DGMS,Extracted,Expired,/documents/training_certificate/CG-002/1801.pdf,3130,Amit Patel,2023-08-14 00:00:00
DOC-01802,OD-002,Safety Certificate,Saf-1802-2023,2022-04-29,2026-04-28,State Government,Extracted,Expired,/documents/safety_certificate/OD-002/1802.pdf,4906,Rajesh Kumar,2022-05-27 00:00:00
DOC-01803,JH-002,Mining Lease,Min-1803-2023,2022-11-21,2024-11-20,CPCB,Extracted,Expired,/documents/mining_lease/JH-002/1803.pdf,3821,Sita Devi,2022-12-10 00:00:00
DOC-01804,JH-001,Fire Safety Certificate,Fir-1804-2023,2023-04-28,2028-04-26,State PCB,Pending,Verified,/documents/fire_safety_certificate/JH-001/1804.pdf,4064,Rajesh Kumar,2023-05-08 00:00:00
DOC-01805,JH-003,Training Certificate,Tra-1805-2023,2022-04-26,2026-04-25,CPCB,Extracted,Expired,/documents/training_certificate/JH-003/1805.pdf,2993,Amit Patel,2022-05-11 00:00:00
DOC-01806,OD-002,Explosives Licence,Exp-1806-2023,2022-01-10,2024-01-10,CPCB,Extracted,Expired,/documents/explosives_licence/OD-002/1806.pdf,2871,Sita Devi,2022-01-19 00:00:00
DOC-01807,OD-002,Safety Certificate,Saf-1807-2023,2023-07-15,2027-07-14,Insurance Company,Pending,Verified,/documents/safety_certificate/OD-002/1807.pdf,1397,Amit Patel,2023-07-20 00:00:00
DOC-01808,JH-003,Fire Safety Certificate,Fir-1808-2023,2022-04-09,2027-04-08,DGMS,Extracted,Verified,/documents/fire_safety_certificate/JH-003/1808.pdf,4712,Amit Patel,2022-04-18 00:00:00
DOC-01809,CG-001,Environmental Clearance,Env-1809-2023,2022-09-01,2024-08-31,State PCB,Extracted,Expired,/documents/environmental_clearance/CG-001/1809.pdf,701,Rajesh Kumar,2022-09-15 00:00:00
DOC-01810,JH-002,Safety Certificate,Saf-1810-2023,2023-08-28,2027-08-27,CPCB,Extracted,Verified,/documents/safety_certificate/JH-002/1810.pdf,3196,Rajesh Kumar,2023-08-29 00:00:00
DOC-01811,JH-002,Explosives Licence,Exp-1811-2023,2022-07-01,2023-07-01,CPCB,Extracted,Expired,/documents/explosives_licence/JH-002/1811.pdf,687,Amit Patel,2022-07-18 00:00:00
DOC-01812,OD-002,Insurance Certificate,Ins-1812-2023,2022-01-22,2024-01-22,CPCB,Extracted,Expired,/documents/insurance_certificate/OD-002/1812.pdf,2044,Amit Patel,2022-02-16 00:00:00
DOC-01813,JH-003,Fire Safety Certificate,Fir-1813-2023,2022-02-08,2023-02-08,DGMS,Extracted,Expired,/documents/fire_safety_certificate/JH-003/1813.pdf,575,Amit Patel,2022-02-28 00:00:00
DOC-01814,JH-001,Training Certificate,Tra-1814-2023,2022-06-04,2027-06-03,State Government,Failed,Verified,/documents/training_certificate/JH-001/1814.pdf,3110,Amit Patel,2022-06-22 00:00:00
DOC-01815,CG-001,Training Certificate,Tra-1815-2023,2023-03-10,2026-03-09,CPCB,Extracted,Expired,/documents/training_certificate/CG-001/1815.pdf,3117,Sita Devi,2023-04-03 00:00:00
DOC-01816,OD-001,Environmental Clearance,Env-1816-2023,2022-09-23,2026-09-22,CPCB,Extracted,Verified,/documents/environmental_clearance/OD-001/1816.pdf,2629,Rajesh Kumar,2022-09-25 00:00:00
DOC-01817,CG-001,Environmental Clearance,Env-1817-2023,2022-02-23,2024-02-23,DGMS,Extracted,Expired,/documents/environmental_clearance/CG-001/1817.pdf,4307,Sita Devi,2022-03-06 00:00:00
DOC-01818,JH-002,Audit Report,Aud-1818-2023,2022-01-14,2025-01-13,State PCB,Extracted,Expired,/documents/audit_report/JH-002/1818.pdf,4114,Amit Patel,2022-02-11 00:00:00
DOC-01819,CG-001,Fire Safety Certificate,Fir-1819-2023,2023-09-26,2028-09-24,State Government,Pending,Verified,/documents/fire_safety_certificate/CG-001/1819.pdf,2097,Sita Devi,2023-10-17 00:00:00
DOC-01820,JH-003,Environmental Clearance,Env-1820-2023,2023-03-05,2024-03-04,State PCB,Extracted,Expired,/documents/environmental_clearance/JH-003/1820.pdf,1791,Sita Devi,2023-03-17 00:00:00
DOC-01821,JH-001,Training Certificate,Tra-1821-2023,2023-06-08,2028-06-06,State Government,Extracted,Verified,/documents/training_certificate/JH-001/1821.pdf,1984,Rajesh Kumar,2023-07-05 00:00:00
DOC-01822,JH-003,Training Certificate,Tra-1822-2023,2022-11-12,2023-11-12,CPCB,Extracted,Expired,/documents/training_certificate/JH-003/1822.pdf,2957,Amit Patel,2022-11-29 00:00:00
DOC-01823,CG-002,Fire Safety Certificate,Fir-1823-2023,2022-11-05,2024-11-04,State Government,Extracted,Expired,/documents/fire_safety_certificate/CG-002/1823.pdf,4764,Sita Devi,2022-11-24 00:00:00
DOC-01824,OD-002,Explosives Licence,Exp-1824-2023,2023-05-07,2026-05-06,CPCB,Extracted,Expired,/documents/explosives_licence/OD-002/1824.pdf,4916,Amit Patel,2023-05-17 00:00:00
DOC-01825,JH-002,Fire Safety Certificate,Fir-1825-2023,2023-03-01,2024-02-29,State Government,Pending,Expired,/documents/fire_safety_certificate/JH-002/1825.pdf,3143,Sita Devi,2023-03-30 00:00:00
DOC-01826,CG-001,Mining Lease,Min-1826-2023,2022-01-19,2023-01-19,State PCB,Extracted,Expired,/documents/mining_lease/CG-001/1826.pdf,4482,Rajesh Kumar,2022-02-11 00:00:00
DOC-01827,JH-001,Fire Safety Certificate,Fir-1827-2023,2023-12-27,2027-12-26,DGMS,Extracted,Verified,/documents/fire_safety_certificate/JH-001/1827.pdf,4358,Rajesh Kumar,2024-01-19 00:00:00
DOC-01828,JH-002,Insurance Certificate,Ins-1828-2023,2022-06-02,2024-06-01,DGMS,Extracted,Expired,/documents/insurance_certificate/JH-002/1828.pdf,4266,Amit Patel,2022-06-07 00:00:00
DOC-01829,OD-001,Audit Report,Aud-1829-2023,2022-02-12,2027-02-11,CPCB,Pending,Pending,/documents/audit_report/OD-001/1829.pdf,1363,Rajesh Kumar,2022-02-26 00:00:00
DOC-01830,CG-001,Environmental Clearance,Env-1830-2023,2023-08-20,2027-08-19,CPCB,Pending,Verified,/documents/environmental_clearance/CG-001/1830.pdf,4232,Sita Devi,2023-09-17 00:00:00
DOC-01831,JH-002,Safety Certificate,Saf-1831-2023,2022-01-06,2025-01-05,State Government,Extracted,Expired,/documents/safety_certificate/JH-002/1831.pdf,4789,Rajesh Kumar,2022-01-14 00:00:00
DOC-01832,OD-001,Audit Report,Aud-1832-2023,2023-05-27,2028-05-25,State PCB,Extracted,Verified,/documents/audit_report/OD-001/1832.pdf,3083,Sita Devi,2023-06-06 00:00:00
DOC-01833,JH-002,First Aid Certificate,Fir-1833-2023,2023-10-21,2028-10-19,State Government,Extracted,Verified,/documents/first_aid_certificate/JH-002/1833.pdf,1595,Rajesh Kumar,2023-10-31 00:00:00
DOC-01834,,Audit Report,Aud-1834-2023,2023-01-08,2028-01-07,State Government,Pending,Verified,/documents/audit_report/global/1834.pdf,3182,Sita Devi,2023-01-29 00:00:00
DOC-01835,OD-001,Training Certificate,Tra-1835-2023,2023-10-08,2025-10-07,CPCB,Pending,Expired,/documents/training_certificate/OD-001/1835.pdf,4531,Rajesh Kumar,2023-10-24 00:00:00
DOC-01836,CG-002,First Aid Certificate,Fir-1836-2023,2023-06-15,2025-06-14,State PCB,Extracted,Expired,/documents/first_aid_certificate/CG-002/1836.pdf,1290,Rajesh Kumar,2023-07-13 00:00:00
DOC-01837,CG-002,Audit Report,Aud-1837-2023,2023-04-07,2027-04-06,State PCB,Pending,Verified,/documents/audit_report/CG-002/1837.pdf,916,Rajesh Kumar,2023-05-05 00:00:00
DOC-01838,JH-002,Audit Report,Aud-1838-2023,2022-01-11,2024-01-11,DGMS,Extracted,Expired,/documents/audit_report/JH-002/1838.pdf,1894,Rajesh Kumar,2022-02-05 00:00:00
DOC-01839,CG-002,Fire Safety Certificate,Fir-1839-2023,2023-05-04,2026-05-03,State Government,Extracted,Expired,/documents/fire_safety_certificate/CG-002/1839.pdf,757,Sita Devi,2023-05-18 00:00:00
DOC-01840,JH-001,First Aid Certificate,Fir-1840-2023,2022-06-02,2027-06-01,State PCB,Extracted,Verified,/documents/first_aid_certificate/JH-001/1840.pdf,3125,Amit Patel,2022-06-05 00:00:00
DOC-01841,CG-002,Insurance Certificate,Ins-1841-2023,2022-03-14,2023-03-14,DGMS,Extracted,Expired,/documents/insurance_certificate/CG-002/1841.pdf,2402,Sita Devi,2022-04-01 00:00:00
DOC-01842,JH-003,Environmental Clearance,Env-1842-2023,2022-10-13,2024-10-12,Insurance Company,Extracted,Expired,/documents/environmental_clearance/JH-003/1842.pdf,4239,Sita Devi,2022-11-01 00:00:00
DOC-01843,CG-002,Fire Safety Certificate,Fir-1843-2023,2023-03-01,2027-02-28,State Government,Extracted,Pending,/documents/fire_safety_certificate/CG-002/1843.pdf,4335,Amit Patel,2023-03-20 00:00:00
DOC-01844,JH-002,Mining Lease,Min-1844-2023,2023-07-12,2028-07-10,DGMS,Extracted,Verified,/documents/mining_lease/JH-002/1844.pdf,1757,Rajesh Kumar,2023-08-11 00:00:00
DOC-01845,JH-003,Fire Safety Certificate,Fir-1845-2023,2022-12-12,2026-12-11,DGMS,Extracted,Verified,/documents/fire_safety_certificate/JH-003/1845.pdf,2830,Sita Devi,2023-01-01 00:00:00
DOC-01846,CG-001,Explosives Licence,Exp-1846-2023,2023-06-13,2027-06-12,DGMS,Extracted,Verified,/documents/explosives_licence/CG-001/1846.pdf,824,Sita Devi,2023-07-12 00:00:00
DOC-01847,CG-001,Audit Report,Aud-1847-2023,2022-09-10,2024-09-09,State PCB,Extracted,Expired,/documents/audit_report/CG-001/1847.pdf,4134,Rajesh Kumar,2022-09-17 00:00:00
DOC-01848,,Fire Safety Certificate,Fir-1848-2023,2022-09-27,2027-09-26,State Government,Extracted,Verified,/documents/fire_safety_certificate/global/1848.pdf,3438,Amit Patel,2022-10-16 00:00:00
DOC-01849,,Fire Safety Certificate,Fir-1849-2023,2023-05-19,2026-05-18,State Government,Extracted,Expired,/documents/fire_safety_certificate/global/1849.pdf,4516,Rajesh Kumar,2023-06-12 00:00:00
DOC-01850,OD-001,Explosives Licence,Exp-1850-2023,2023-03-21,2028-03-19,Insurance Company,Pending,Verified,/documents/explosives_licence/OD-001/1850.pdf,899,Sita Devi,2023-03-23 00:00:00
DOC-01851,OD-001,Mining Lease,Min-1851-2023,2022-07-11,2025-07-10,State Government,Extracted,Expired,/documents/mining_lease/OD-001/1851.pdf,1111,Sita Devi,2022-08-10 00:00:00
DOC-01852,OD-001,Safety Certificate,Saf-1852-2023,2022-01-20,2027-01-19,State PCB,Extracted,Pending,/documents/safety_certificate/OD-001/1852.pdf,2676,Amit Patel,2022-02-06 00:00:00
DOC-01853,OD-002,Training Certificate,Tra-1853-2023,2022-08-08,2027-08-07,DGMS,Extracted,Verified,/documents/training_certificate/OD-002/1853.pdf,4302,Rajesh Kumar,2022-08-19 00:00:00
DOC-01854,JH-002,Safety Certificate,Saf-1854-2023,2022-09-24,2025-09-23,State PCB,Extracted,Expired,/documents/safety_certificate/JH-002/1854.pdf,2105,Sita Devi,2022-09-26 00:00:00
DOC-01855,OD-001,Mining Lease,Min-1855-2023,2023-08-12,2024-08-11,Insurance Company,Failed,Expired,/documents/mining_lease/OD-001/1855.pdf,4045,Rajesh Kumar,2023-09-09 00:00:00
DOC-01856,JH-002,Mining Lease,Min-1856-2023,2022-10-30,2027-10-29,DGMS,Extracted,Verified,/documents/mining_lease/JH-002/1856.pdf,3924,Rajesh Kumar,2022-11-15 00:00:00
DOC-01857,JH-003,Insurance Certificate,Ins-1857-2023,2022-06-04,2026-06-03,CPCB,Pending,Expired,/documents/insurance_certificate/JH-003/1857.pdf,4560,Amit Patel,2022-06-27 00:00:00
DOC-01858,JH-002,Explosives Licence,Exp-1858-2023,2022-04-01,2027-03-31,CPCB,Extracted,Verified,/documents/explosives_licence/JH-002/1858.pdf,4272,Amit Patel,2022-04-11 00:00:00
DOC-01859,JH-003,Training Certificate,Tra-1859-2023,2022-07-22,2027-07-21,State Government,Extracted,Rejected,/documents/training_certificate/JH-003/1859.pdf,4121,Rajesh Kumar,2022-07-24 00:00:00
DOC-01860,,Safety Certificate,Saf-1860-2023,2022-08-22,2023-08-22,CPCB,Extracted,Expired,/documents/safety_certificate/global/1860.pdf,2785,Rajesh Kumar,2022-09-11 00:00:00
DOC-01861,JH-003,Environmental Clearance,Env-1861-2023,2023-05-12,2025-05-11,Insurance Company,Extracted,Expired,/documents/environmental_clearance/JH-003/1861.pdf,1176,Sita Devi,2023-05-21 00:00:00
DOC-01862,JH-002,Mining Lease,Min-1862-2023,2022-11-19,2027-11-18,State Government,Extracted,Verified,/documents/mining_lease/JH-002/1862.pdf,2759,Rajesh Kumar,2022-12-01 00:00:00
DOC-01863,JH-002,Audit Report,Aud-1863-2023,2022-04-03,2023-04-03,State PCB,Extracted,Expired,/documents/audit_report/JH-002/1863.pdf,1204,Amit Patel,2022-04-12 00:00:00
DOC-01864,JH-003,Audit Report,Aud-1864-2023,2022-01-17,2027-01-16,State Government,Extracted,Pending,/documents/audit_report/JH-003/1864.pdf,2686,Sita Devi,2022-02-05 00:00:00
DOC-01865,CG-002,Insurance Certificate,Ins-1865-2023,2023-08-14,2027-08-13,Insurance Company,Extracted,Pending,/documents/insurance_certificate/CG-002/1865.pdf,1712,Sita Devi,2023-08-30 00:00:00
DOC-01866,CG-002,Training Certificate,Tra-1866-2023,2023-09-09,2024-09-08,Insurance Company,Extracted,Expired,/documents/training_certificate/CG-002/1866.pdf,2710,Amit Patel,2023-09-20 00:00:00
DOC-01867,OD-002,Explosives Licence,Exp-1867-2023,2022-01-21,2027-01-20,Insurance Company,Extracted,Verified,/documents/explosives_licence/OD-002/1867.pdf,3025,Amit Patel,2022-01-28 00:00:00
DOC-01868,CG-001,First Aid Certificate,Fir-1868-2023,2023-05-22,2027-05-21,State PCB,Extracted,Verified,/documents/first_aid_certificate/CG-001/1868.pdf,4295,Amit Patel,2023-06-12 00:00:00
DOC-01869,JH-001,Explosives Licence,Exp-1869-2023,2022-11-07,2024-11-06,State Government,Extracted,Expired,/documents/explosives_licence/JH-001/1869.pdf,3535,Sita Devi,2022-11-09 00:00:00
DOC-01870,,First Aid Certificate,Fir-1870-2023,2023-09-01,2027-08-31,State Government,Extracted,Verified,/documents/first_aid_certificate/global/1870.pdf,1627,Sita Devi,2023-09-23 00:00:00
DOC-01871,CG-002,Explosives Licence,Exp-1871-2023,2022-05-11,2024-05-10,Insurance Company,Extracted,Expired,/documents/explosives_licence/CG-002/1871.pdf,1830,Rajesh Kumar,2022-06-07 00:00:00
DOC-01872,JH-001,Training Certificate,Tra-1872-2023,2022-04-17,2025-04-16,State PCB,Extracted,Expired,/documents/training_certificate/JH-001/1872.pdf,4784,Sita Devi,2022-05-07 00:00:00
DOC-01873,OD-002,Audit Report,Aud-1873-2023,2022-04-15,2024-04-14,Insurance Company,Extracted,Expired,/documents/audit_report/OD-002/1873.pdf,3587,Rajesh Kumar,2022-04-20 00:00:00
DOC-01874,CG-001,Fire Safety Certificate,Fir-1874-2023,2023-06-14,2028-06-12,CPCB,Pending,Rejected,/documents/fire_safety_certificate/CG-001/1874.pdf,2042,Amit Patel,2023-06-24 00:00:00
DOC-01875,JH-001,Explosives Licence,Exp-1875-2023,2023-05-15,2026-05-14,CPCB,Extracted,Expired,/documents/explosives_licence/JH-001/1875.pdf,1363,Amit Patel,2023-05-30 00:00:00
DOC-01876,OD-002,Safety Certificate,Saf-1876-2023,2023-07-26,2028-07-24,CPCB,Extracted,Verified,/documents/safety_certificate/OD-002/1876.pdf,2445,Rajesh Kumar,2023-08-06 00:00:00
DOC-01877,JH-003,Explosives Licence,Exp-1877-2023,2023-08-29,2025-08-28,State PCB,Extracted,Expired,/documents/explosives_licence/JH-003/1877.pdf,2435,Amit Patel,2023-08-30 00:00:00
DOC-01878,,Fire Safety Certificate,Fir-1878-2023,2023-12-12,2027-12-11,State PCB,Extracted,Rejected,/documents/fire_safety_certificate/global/1878.pdf,1092,Rajesh Kumar,2024-01-04 00:00:00
DOC-01879,JH-002,Training Certificate,Tra-1879-2023,2022-03-05,2026-03-04,DGMS,Extracted,Expired,/documents/training_certificate/JH-002/1879.pdf,1293,Amit Patel,2022-03-28 00:00:00
DOC-01880,JH-003,Mining Lease,Min-1880-2023,2023-08-03,2028-08-01,State PCB,Extracted,Verified,/documents/mining_lease/JH-003/1880.pdf,2953,Sita Devi,2023-08-29 00:00:00
DOC-01881,OD-002,Fire Safety Certificate,Fir-1881-2023,2022-09-26,2027-09-25,Insurance Company,Failed,Verified,/documents/fire_safety_certificate/OD-002/1881.pdf,2710,Amit Patel,2022-10-14 00:00:00
DOC-01882,CG-002,Explosives Licence,Exp-1882-2023,2023-08-11,2026-08-10,State PCB,Extracted,Expired,/documents/explosives_licence/CG-002/1882.pdf,4094,Amit Patel,2023-08-23 00:00:00
DOC-01883,JH-001,Training Certificate,Tra-1883-2023,2022-12-30,2023-12-30,Insurance Company,Extracted,Expired,/documents/training_certificate/JH-001/1883.pdf,849,Rajesh Kumar,2023-01-03 00:00:00
DOC-01884,CG-001,Fire Safety Certificate,Fir-1884-2023,2023-07-21,2028-07-19,Insurance Company,Extracted,Verified,/documents/fire_safety_certificate/CG-001/1884.pdf,4215,Rajesh Kumar,2023-07-22 00:00:00
DOC-01885,JH-003,Fire Safety Certificate,Fir-1885-2023,2023-02-07,2024-02-07,DGMS,Extracted,Expired,/documents/fire_safety_certificate/JH-003/1885.pdf,1419,Rajesh Kumar,2023-02-08 00:00:00
DOC-01886,JH-002,Environmental Clearance,Env-1886-2023,2023-04-09,2024-04-08,Insurance Company,Extracted,Expired,/documents/environmental_clearance/JH-002/1886.pdf,4136,Sita Devi,2023-05-02 00:00:00
DOC-01887,CG-001,Safety Certificate,Saf-1887-2023,2022-08-22,2027-08-21,DGMS,Extracted,Rejected,/documents/safety_certificate/CG-001/1887.pdf,4309,Amit Patel,2022-08-31 00:00:00
DOC-01888,CG-001,Explosives Licence,Exp-1888-2023,2023-04-16,2026-04-15,CPCB,Extracted,Expired,/documents/explosives_licence/CG-001/1888.pdf,3879,Sita Devi,2023-04-25 00:00:00
DOC-01889,CG-002,Insurance Certificate,Ins-1889-2023,2023-10-15,2024-10-14,State PCB,Extracted,Expired,/documents/insurance_certificate/CG-002/1889.pdf,3771,Rajesh Kumar,2023-11-01 00:00:00
DOC-01890,OD-002,Safety Certificate,Saf-1890-2023,2022-06-14,2027-06-13,CPCB,Extracted,Verified,/documents/safety_certificate/OD-002/1890.pdf,2894,Rajesh Kumar,2022-06-24 00:00:00
DOC-01891,CG-001,Training Certificate,Tra-1891-2023,2023-06-30,2028-06-28,State PCB,Extracted,Verified,/documents/training_certificate/CG-001/1891.pdf,3159,Sita Devi,2023-07-06 00:00:00
DOC-01892,JH-001,Fire Safety Certificate,Fir-1892-2023,2023-08-06,2028-08-04,CPCB,Extracted,Verified,/documents/fire_safety_certificate/JH-001/1892.pdf,4859,Rajesh Kumar,2023-08-27 00:00:00
DOC-01893,OD-001,Audit Report,Aud-1893-2023,2023-11-15,2026-11-14,State Government,Extracted,Verified,/documents/audit_report/OD-001/1893.pdf,771,Rajesh Kumar,2023-11-28 00:00:00
DOC-01894,OD-002,Mining Lease,Min-1894-2023,2023-09-26,2027-09-25,State Government,Extracted,Verified,/documents/mining_lease/OD-002/1894.pdf,2311,Amit Patel,2023-09-28 00:00:00
DOC-01895,CG-002,Explosives Licence,Exp-1895-2023,2022-12-24,2026-12-23,Insurance Company,Failed,Verified,/documents/explosives_licence/CG-002/1895.pdf,4875,Amit Patel,2022-12-31 00:00:00
DOC-01896,JH-003,First Aid Certificate,Fir-1896-2023,2022-06-13,2026-06-12,State Government,Extracted,Expired,/documents/first_aid_certificate/JH-003/1896.pdf,944,Sita Devi,2022-06-27 00:00:00
DOC-01897,JH-003,Audit Report,Aud-1897-2023,2022-06-26,2023-06-26,State PCB,Failed,Expired,/documents/audit_report/JH-003/1897.pdf,4396,Sita Devi,2022-07-09 00:00:00
DOC-01898,CG-001,Safety Certificate,Saf-1898-2023,2023-11-16,2028-11-14,CPCB,Extracted,Verified,/documents/safety_certificate/CG-001/1898.pdf,2715,Amit Patel,2023-11-22 00:00:00
DOC-01899,JH-002,Explosives Licence,Exp-1899-2023,2022-06-25,2027-06-24,Insurance Company,Pending,Verified,/documents/explosives_licence/JH-002/1899.pdf,1719,Rajesh Kumar,2022-07-21 00:00:00
DOC-01900,OD-001,Mining Lease,Min-1900-2023,2023-12-08,2027-12-07,DGMS,Extracted,Verified,/documents/mining_lease/OD-001/1900.pdf,1642,Rajesh Kumar,2023-12-18 00:00:00
DOC-01901,CG-001,Insurance Certificate,Ins-1901-2023,2022-11-10,2027-11-09,DGMS,Extracted,Verified,/documents/insurance_certificate/CG-001/1901.pdf,3082,Rajesh Kumar,2022-11-22 00:00:00
DOC-01902,CG-001,Environmental Clearance,Env-1902-2023,2023-10-10,2027-10-09,State PCB,Extracted,Pending,/documents/environmental_clearance/CG-001/1902.pdf,2562,Amit Patel,2023-10-21 00:00:00
DOC-01903,CG-001,Fire Safety Certificate,Fir-1903-2023,2023-06-22,2025-06-21,Insurance Company,Pending,Expired,/documents/fire_safety_certificate/CG-001/1903.pdf,2310,Sita Devi,2023-07-12 00:00:00
DOC-01904,JH-003,Audit Report,Aud-1904-2023,2023-08-29,2027-08-28,DGMS,Extracted,Verified,/documents/audit_report/JH-003/1904.pdf,4326,Rajesh Kumar,2023-09-08 00:00:00
DOC-01905,CG-001,Insurance Certificate,Ins-1905-2023,2023-08-27,2028-08-25,State Government,Extracted,Verified,/documents/insurance_certificate/CG-001/1905.pdf,3523,Sita Devi,2023-09-13 00:00:00
DOC-01906,JH-001,Fire Safety Certificate,Fir-1906-2023,2022-07-16,2026-07-15,DGMS,Extracted,Expired,/documents/fire_safety_certificate/JH-001/1906.pdf,1490,Sita Devi,2022-08-01 00:00:00
DOC-01907,OD-001,Environmental Clearance,Env-1907-2023,2023-03-21,2024-03-20,DGMS,Extracted,Expired,/documents/environmental_clearance/OD-001/1907.pdf,3217,Amit Patel,2023-04-02 00:00:00
DOC-01908,OD-001,Mining Lease,Min-1908-2023,2022-12-30,2026-12-29,DGMS,Extracted,Verified,/documents/mining_lease/OD-001/1908.pdf,1405,Amit Patel,2023-01-26 00:00:00
DOC-01909,JH-001,Explosives Licence,Exp-1909-2023,2022-01-11,2023-01-11,DGMS,Pending,Expired,/documents/explosives_licence/JH-001/1909.pdf,4525,Sita Devi,2022-01-31 00:00:00
DOC-01910,CG-001,Audit Report,Aud-1910-2023,2022-05-13,2026-05-12,State PCB,Extracted,Expired,/documents/audit_report/CG-001/1910.pdf,1505,Sita Devi,2022-06-12 00:00:00
DOC-01911,JH-002,Safety Certificate,Saf-1911-2023,2023-10-24,2026-10-23,CPCB,Extracted,Verified,/documents/safety_certificate/JH-002/1911.pdf,4123,Rajesh Kumar,2023-10-26 00:00:00
DOC-01912,JH-003,Mining Lease,Min-1912-2023,2022-01-27,2023-01-27,State PCB,Extracted,Expired,/documents/mining_lease/JH-003/1912.pdf,4484,Sita Devi,2022-02-09 00:00:00
DOC-01913,,Insurance Certificate,Ins-1913-2023,2023-02-27,2026-02-26,State PCB,Extracted,Expired,/documents/insurance_certificate/global/1913.pdf,4198,Rajesh Kumar,2023-03-04 00:00:00
DOC-01914,JH-002,Insurance Certificate,Ins-1914-2023,2022-12-19,2027-12-18,State Government,Extracted,Pending,/documents/insurance_certificate/JH-002/1914.pdf,1599,Sita Devi,2022-12-26 00:00:00
DOC-01915,CG-001,Environmental Clearance,Env-1915-2023,2023-08-23,2025-08-22,State PCB,Extracted,Expired,/documents/environmental_clearance/CG-001/1915.pdf,4730,Amit Patel,2023-08-24 00:00:00
DOC-01916,OD-001,First Aid Certificate,Fir-1916-2023,2023-12-01,2028-11-29,DGMS,Pending,Verified,/documents/first_aid_certificate/OD-001/1916.pdf,4810,Rajesh Kumar,2023-12-10 00:00:00
DOC-01917,OD-002,Environmental Clearance,Env-1917-2023,2023-10-30,2027-10-29,CPCB,Extracted,Verified,/documents/environmental_clearance/OD-002/1917.pdf,1155,Rajesh Kumar,2023-11-23 00:00:00
DOC-01918,OD-001,Insurance Certificate,Ins-1918-2023,2023-01-10,2027-01-09,CPCB,Extracted,Verified,/documents/insurance_certificate/OD-001/1918.pdf,4655,Amit Patel,2023-01-15 00:00:00
DOC-01919,JH-002,First Aid Certificate,Fir-1919-2023,2023-03-02,2027-03-01,DGMS,Extracted,Verified,/documents/first_aid_certificate/JH-002/1919.pdf,717,Sita Devi,2023-03-22 00:00:00
DOC-01920,CG-002,Safety Certificate,Saf-1920-2023,2022-01-10,2025-01-09,CPCB,Extracted,Expired,/documents/safety_certificate/CG-002/1920.pdf,1116,Amit Patel,2022-01-16 00:00:00
DOC-01921,CG-001,Mining Lease,Min-1921-2023,2022-03-21,2024-03-20,DGMS,Extracted,Expired,/documents/mining_lease/CG-001/1921.pdf,1158,Amit Patel,2022-04-14 00:00:00
DOC-01922,JH-002,Mining Lease,Min-1922-2023,2022-10-12,2025-10-11,Insurance Company,Extracted,Expired,/documents/mining_lease/JH-002/1922.pdf,1120,Sita Devi,2022-11-05 00:00:00
DOC-01923,OD-002,Insurance Certificate,Ins-1923-2023,2022-01-09,2025-01-08,CPCB,Pending,Expired,/documents/insurance_certificate/OD-002/1923.pdf,2622,Amit Patel,2022-01-16 00:00:00
DOC-01924,JH-003,Explosives Licence,Exp-1924-2023,2022-12-03,2025-12-02,State PCB,Extracted,Expired,/documents/explosives_licence/JH-003/1924.pdf,2606,Sita Devi,2022-12-07 00:00:00
DOC-01925,OD-001,Training Certificate,Tra-1925-2023,2023-05-03,2025-05-02,CPCB,Extracted,Expired,/documents/training_certificate/OD-001/1925.pdf,1980,Rajesh Kumar,2023-05-15 00:00:00
DOC-01926,JH-003,Insurance Certificate,Ins-1926-2023,2022-04-20,2023-04-20,DGMS,Extracted,Expired,/documents/insurance_certificate/JH-003/1926.pdf,1485,Sita Devi,2022-05-19 00:00:00
DOC-01927,OD-002,Insurance Certificate,Ins-1927-2023,2022-11-26,2025-11-25,State Government,Extracted,Expired,/documents/insurance_certificate/OD-002/1927.pdf,3359,Rajesh Kumar,2022-12-23 00:00:00
DOC-01928,OD-002,Fire Safety Certificate,Fir-1928-2023,2022-02-16,2025-02-15,State Government,Extracted,Expired,/documents/fire_safety_certificate/OD-002/1928.pdf,1269,Amit Patel,2022-03-01 00:00:00
DOC-01929,JH-002,Fire Safety Certificate,Fir-1929-2023,2023-03-22,2025-03-21,CPCB,Extracted,Expired,/documents/fire_safety_certificate/JH-002/1929.pdf,663,Sita Devi,2023-04-09 00:00:00
DOC-01930,JH-002,Fire Safety Certificate,Fir-1930-2023,2022-11-26,2023-11-26,Insurance Company,Extracted,Expired,/documents/fire_safety_certificate/JH-002/1930.pdf,528,Amit Patel,2022-12-12 00:00:00
DOC-01931,OD-002,Insurance Certificate,Ins-1931-2023,2023-12-19,2025-12-18,DGMS,Extracted,Expired,/documents/insurance_certificate/OD-002/1931.pdf,2157,Sita Devi,2024-01-18 00:00:00
DOC-01932,JH-001,Safety Certificate,Saf-1932-2023,2022-03-14,2027-03-13,State PCB,Extracted,Verified,/documents/safety_certificate/JH-001/1932.pdf,1997,Rajesh Kumar,2022-04-06 00:00:00
DOC-01933,OD-002,Environmental Clearance,Env-1933-2023,2023-05-06,2025-05-05,State Government,Extracted,Expired,/documents/environmental_clearance/OD-002/1933.pdf,3041,Sita Devi,2023-06-02 00:00:00
DOC-01934,JH-002,Insurance Certificate,Ins-1934-2023,2022-10-18,2025-10-17,State PCB,Extracted,Expired,/documents/insurance_certificate/JH-002/1934.pdf,2721,Sita Devi,2022-11-04 00:00:00
DOC-01935,JH-003,Explosives Licence,Exp-1935-2023,2023-05-02,2027-05-01,CPCB,Extracted,Pending,/documents/explosives_licence/JH-003/1935.pdf,4853,Amit Patel,2023-05-25 00:00:00
DOC-01936,JH-001,Mining Lease,Min-1936-2023,2023-06-06,2024-06-05,State Government,Extracted,Expired,/documents/mining_lease/JH-001/1936.pdf,2215,Rajesh Kumar,2023-06-07 00:00:00
DOC-01937,CG-002,First Aid Certificate,Fir-1937-2023,2022-12-28,2025-12-27,Insurance Company,Extracted,Expired,/documents/first_aid_certificate/CG-002/1937.pdf,1775,Amit Patel,2023-01-17 00:00:00
DOC-01938,OD-001,Insurance Certificate,Ins-1938-2023,2022-03-08,2026-03-07,Insurance Company,Extracted,Expired,/documents/insurance_certificate/OD-001/1938.pdf,2957,Amit Patel,2022-03-21 00:00:00
DOC-01939,CG-001,First Aid Certificate,Fir-1939-2023,2022-01-04,2023-01-04,Insurance Company,Extracted,Expired,/documents/first_aid_certificate/CG-001/1939.pdf,3279,Amit Patel,2022-02-03 00:00:00
DOC-01940,JH-002,Explosives Licence,Exp-1940-2023,2023-05-23,2026-05-22,State PCB,Extracted,Expired,/documents/explosives_licence/JH-002/1940.pdf,3549,Amit Patel,2023-05-28 00:00:00
DOC-01941,JH-003,Fire Safety Certificate,Fir-1941-2023,2022-04-10,2025-04-09,State PCB,Extracted,Expired,/documents/fire_safety_certificate/JH-003/1941.pdf,894,Amit Patel,2022-05-06 00:00:00
DOC-01942,JH-001,Fire Safety Certificate,Fir-1942-2023,2022-11-15,2027-11-14,State Government,Extracted,Verified,/documents/fire_safety_certificate/JH-001/1942.pdf,3772,Amit Patel,2022-12-01 00:00:00
DOC-01943,OD-002,Audit Report,Aud-1943-2023,2022-07-29,2027-07-28,State PCB,Extracted,Verified,/documents/audit_report/OD-002/1943.pdf,635,Amit Patel,2022-08-06 00:00:00
DOC-01944,JH-001,Audit Report,Aud-1944-2023,2022-04-25,2027-04-24,State PCB,Extracted,Verified,/documents/audit_report/JH-001/1944.pdf,2340,Amit Patel,2022-05-20 00:00:00
DOC-01945,OD-002,Insurance Certificate,Ins-1945-2023,2023-05-07,2025-05-06,DGMS,Extracted,Expired,/documents/insurance_certificate/OD-002/1945.pdf,1247,Rajesh Kumar,2023-05-14 00:00:00
DOC-01946,JH-003,Fire Safety Certificate,Fir-1946-2023,2022-07-07,2025-07-06,DGMS,Pending,Expired,/documents/fire_safety_certificate/JH-003/1946.pdf,4374,Amit Patel,2022-07-12 00:00:00
DOC-01947,CG-001,Explosives Licence,Exp-1947-2023,2022-11-26,2026-11-25,Insurance Company,Extracted,Verified,/documents/explosives_licence/CG-001/1947.pdf,1367,Amit Patel,2022-12-10 00:00:00
DOC-01948,OD-001,Environmental Clearance,Env-1948-2023,2023-07-26,2025-07-25,State Government,Extracted,Expired,/documents/environmental_clearance/OD-001/1948.pdf,3903,Amit Patel,2023-07-27 00:00:00
DOC-01949,OD-002,Mining Lease,Min-1949-2023,2022-03-21,2027-03-20,CPCB,Extracted,Verified,/documents/mining_lease/OD-002/1949.pdf,3346,Rajesh Kumar,2022-03-26 00:00:00
DOC-01950,JH-001,Explosives Licence,Exp-1950-2023,2022-09-09,2024-09-08,State Government,Extracted,Expired,/documents/explosives_licence/JH-001/1950.pdf,3025,Amit Patel,2022-10-05 00:00:00
DOC-01951,JH-001,Mining Lease,Min-1951-2023,2022-05-18,2024-05-17,CPCB,Extracted,Expired,/documents/mining_lease/JH-001/1951.pdf,4863,Amit Patel,2022-06-17 00:00:00
DOC-01952,JH-003,Fire Safety Certificate,Fir-1952-2023,2023-12-09,2024-12-08,Insurance Company,Extracted,Expired,/documents/fire_safety_certificate/JH-003/1952.pdf,3639,Sita Devi,2024-01-08 00:00:00
DOC-01953,CG-002,Training Certificate,Tra-1953-2023,2023-04-08,2026-04-07,Insurance Company,Extracted,Expired,/documents/training_certificate/CG-002/1953.pdf,3939,Amit Patel,2023-04-19 00:00:00
DOC-01954,OD-002,Safety Certificate,Saf-1954-2023,2022-06-21,2024-06-20,State PCB,Extracted,Expired,/documents/safety_certificate/OD-002/1954.pdf,2861,Sita Devi,2022-07-02 00:00:00
DOC-01955,JH-002,Mining Lease,Min-1955-2023,2023-08-28,2024-08-27,State Government,Pending,Expired,/documents/mining_lease/JH-002/1955.pdf,814,Sita Devi,2023-09-09 00:00:00
DOC-01956,OD-001,Fire Safety Certificate,Fir-1956-2023,2022-10-23,2024-10-22,Insurance Company,Extracted,Expired,/documents/fire_safety_certificate/OD-001/1956.pdf,1910,Amit Patel,2022-11-18 00:00:00
DOC-01957,CG-002,Training Certificate,Tra-1957-2023,2022-08-24,2025-08-23,State PCB,Extracted,Expired,/documents/training_certificate/CG-002/1957.pdf,2577,Rajesh Kumar,2022-09-23 00:00:00
DOC-01958,JH-001,Training Certificate,Tra-1958-2023,2023-05-22,2025-05-21,CPCB,Failed,Expired,/documents/training_certificate/JH-001/1958.pdf,2269,Amit Patel,2023-05-30 00:00:00
DOC-01959,JH-003,Mining Lease,Min-1959-2023,2022-06-27,2025-06-26,Insurance Company,Extracted,Expired,/documents/mining_lease/JH-003/1959.pdf,3267,Amit Patel,2022-07-22 00:00:00
DOC-01960,JH-001,Explosives Licence,Exp-1960-2023,2022-09-27,2026-09-26,CPCB,Extracted,Verified,/documents/explosives_licence/JH-001/1960.pdf,3900,Rajesh Kumar,2022-10-19 00:00:00
DOC-01961,JH-001,Audit Report,Aud-1961-2023,2023-05-01,2024-04-30,CPCB,Extracted,Expired,/documents/audit_report/JH-001/1961.pdf,3946,Amit Patel,2023-05-22 00:00:00
DOC-01962,OD-001,Explosives Licence,Exp-1962-2023,2023-11-23,2024-11-22,Insurance Company,Extracted,Expired,/documents/explosives_licence/OD-001/1962.pdf,4181,Sita Devi,2023-11-25 00:00:00
DOC-01963,JH-002,Audit Report,Aud-1963-2023,2023-02-02,2028-02-01,State Government,Extracted,Verified,/documents/audit_report/JH-002/1963.pdf,2479,Sita Devi,2023-02-23 00:00:00
DOC-01964,OD-001,Training Certificate,Tra-1964-2023,2022-11-05,2025-11-04,CPCB,Extracted,Expired,/documents/training_certificate/OD-001/1964.pdf,3079,Amit Patel,2022-11-14 00:00:00
DOC-01965,JH-001,Fire Safety Certificate,Fir-1965-2023,2022-05-15,2027-05-14,Insurance Company,Extracted,Verified,/documents/fire_safety_certificate/JH-001/1965.pdf,3257,Amit Patel,2022-06-04 00:00:00
DOC-01966,CG-002,Insurance Certificate,Ins-1966-2023,2022-05-14,2023-05-14,CPCB,Extracted,Expired,/documents/insurance_certificate/CG-002/1966.pdf,3403,Rajesh Kumar,2022-05-21 00:00:00
DOC-01967,JH-003,Explosives Licence,Exp-1967-2023,2023-08-08,2025-08-07,State Government,Extracted,Expired,/documents/explosives_licence/JH-003/1967.pdf,736,Rajesh Kumar,2023-08-24 00:00:00
DOC-01968,OD-002,Insurance Certificate,Ins-1968-2023,2022-05-05,2027-05-04,Insurance Company,Extracted,Verified,/documents/insurance_certificate/OD-002/1968.pdf,1270,Amit Patel,2022-05-12 00:00:00
DOC-01969,JH-001,Insurance Certificate,Ins-1969-2023,2022-10-01,2025-09-30,DGMS,Extracted,Expired,/documents/insurance_certificate/JH-001/1969.pdf,1063,Amit Patel,2022-10-12 00:00:00
DOC-01970,JH-002,Environmental Clearance,Env-1970-2023,2022-08-20,2023-08-20,CPCB,Extracted,Expired,/documents/environmental_clearance/JH-002/1970.pdf,3869,Sita Devi,2022-08-22 00:00:00
DOC-01971,JH-002,Explosives Licence,Exp-1971-2023,2022-08-18,2024-08-17,CPCB,Extracted,Expired,/documents/explosives_licence/JH-002/1971.pdf,3144,Rajesh Kumar,2022-09-05 00:00:00
DOC-01972,OD-002,Training Certificate,Tra-1972-2023,2023-09-09,2027-09-08,Insurance Company,Extracted,Verified,/documents/training_certificate/OD-002/1972.pdf,3482,Amit Patel,2023-09-16 00:00:00
DOC-01973,OD-001,First Aid Certificate,Fir-1973-2023,2022-01-18,2025-01-17,Insurance Company,Extracted,Expired,/documents/first_aid_certificate/OD-001/1973.pdf,2474,Sita Devi,2022-01-30 00:00:00
DOC-01974,JH-003,Explosives Licence,Exp-1974-2023,2022-08-25,2026-08-24,State Government,Extracted,Verified,/documents/explosives_licence/JH-003/1974.pdf,1460,Amit Patel,2022-09-06 00:00:00
DOC-01975,CG-001,Training Certificate,Tra-1975-2023,2022-01-30,2024-01-30,DGMS,Extracted,Expired,/documents/training_certificate/CG-001/1975.pdf,3797,Sita Devi,2022-01-31 00:00:00
DOC-01976,JH-002,Insurance Certificate,Ins-1976-2023,2022-06-27,2025-06-26,CPCB,Extracted,Expired,/documents/insurance_certificate/JH-002/1976.pdf,3104,Sita Devi,2022-07-04 00:00:00
DOC-01977,OD-002,Explosives Licence,Exp-1977-2023,2023-01-28,2027-01-27,State Government,Failed,Verified,/documents/explosives_licence/OD-002/1977.pdf,1513,Sita Devi,2023-02-08 00:00:00
DOC-01978,JH-003,Environmental Clearance,Env-1978-2023,2022-12-25,2024-12-24,State PCB,Failed,Expired,/documents/environmental_clearance/JH-003/1978.pdf,4646,Amit Patel,2023-01-23 00:00:00
DOC-01979,OD-001,Fire Safety Certificate,Fir-1979-2023,2022-07-13,2023-07-13,State PCB,Extracted,Expired,/documents/fire_safety_certificate/OD-001/1979.pdf,4803,Amit Patel,2022-07-20 00:00:00
DOC-01980,,Insurance Certificate,Ins-1980-2023,2023-08-27,2027-08-26,CPCB,Failed,Pending,/documents/insurance_certificate/global/1980.pdf,4951,Sita Devi,2023-09-02 00:00:00
DOC-01981,OD-001,Safety Certificate,Saf-1981-2023,2022-09-12,2025-09-11,CPCB,Extracted,Expired,/documents/safety_certificate/OD-001/1981.pdf,2281,Amit Patel,2022-10-04 00:00:00
DOC-01982,OD-001,Insurance Certificate,Ins-1982-2023,2022-12-05,2024-12-04,State PCB,Extracted,Expired,/documents/insurance_certificate/OD-001/1982.pdf,4383,Rajesh Kumar,2023-01-04 00:00:00
DOC-01983,JH-003,Fire Safety Certificate,Fir-1983-2023,2023-06-21,2026-06-20,Insurance Company,Pending,Expired,/documents/fire_safety_certificate/JH-003/1983.pdf,3094,Amit Patel,2023-07-05 00:00:00
DOC-01984,OD-002,First Aid Certificate,Fir-1984-2023,2023-01-13,2028-01-12,CPCB,Pending,Verified,/documents/first_aid_certificate/OD-002/1984.pdf,4641,Rajesh Kumar,2023-02-10 00:00:00
DOC-01985,JH-003,First Aid Certificate,Fir-1985-2023,2023-07-08,2028-07-06,Insurance Company,Extracted,Pending,/documents/first_aid_certificate/JH-003/1985.pdf,2962,Amit Patel,2023-07-17 00:00:00
DOC-01986,JH-002,Safety Certificate,Saf-1986-2023,2023-03-03,2025-03-02,Insurance Company,Extracted,Expired,/documents/safety_certificate/JH-002/1986.pdf,3383,Rajesh Kumar,2023-03-17 00:00:00
DOC-01987,CG-001,First Aid Certificate,Fir-1987-2023,2022-08-06,2024-08-05,CPCB,Extracted,Expired,/documents/first_aid_certificate/CG-001/1987.pdf,3317,Amit Patel,2022-08-16 00:00:00
DOC-01988,CG-002,Insurance Certificate,Ins-1988-2023,2023-10-12,2028-10-10,DGMS,Failed,Verified,/documents/insurance_certificate/CG-002/1988.pdf,3144,Sita Devi,2023-10-22 00:00:00
DOC-01989,JH-002,Audit Report,Aud-1989-2023,2023-03-16,2027-03-15,Insurance Company,Extracted,Verified,/documents/audit_report/JH-002/1989.pdf,3631,Amit Patel,2023-03-31 00:00:00
DOC-01990,CG-002,Fire Safety Certificate,Fir-1990-2023,2022-03-29,2024-03-28,DGMS,Extracted,Expired,/documents/fire_safety_certificate/CG-002/1990.pdf,3961,Sita Devi,2022-04-10 00:00:00
DOC-01991,CG-002,Fire Safety Certificate,Fir-1991-2023,2022-02-12,2023-02-12,State Government,Extracted,Expired,/documents/fire_safety_certificate/CG-002/1991.pdf,2850,Amit Patel,2022-03-09 00:00:00
DOC-01992,CG-002,Fire Safety Certificate,Fir-1992-2023,2022-05-07,2026-05-06,Insurance Company,Extracted,Expired,/documents/fire_safety_certificate/CG-002/1992.pdf,3911,Sita Devi,2022-05-18 00:00:00
DOC-01993,JH-001,Audit Report,Aud-1993-2023,2022-04-05,2025-04-04,DGMS,Extracted,Expired,/documents/audit_report/JH-001/1993.pdf,3871,Sita Devi,2022-04-13 00:00:00
DOC-01994,JH-002,Audit Report,Aud-1994-2023,2023-03-18,2026-03-17,State PCB,Extracted,Expired,/documents/audit_report/JH-002/1994.pdf,2204,Rajesh Kumar,2023-04-11 00:00:00
DOC-01995,OD-001,Fire Safety Certificate,Fir-1995-2023,2023-10-11,2027-10-10,State PCB,Extracted,Verified,/documents/fire_safety_certificate/OD-001/1995.pdf,4492,Amit Patel,2023-10-15 00:00:00
DOC-01996,OD-001,Mining Lease,Min-1996-2023,2022-09-18,2025-09-17,Insurance Company,Extracted,Expired,/documents/mining_lease/OD-001/1996.pdf,1775,Sita Devi,2022-10-16 00:00:00
DOC-01997,OD-001,Mining Lease,Min-1997-2023,2023-11-29,2027-11-28,State PCB,Failed,Verified,/documents/mining_lease/OD-001/1997.pdf,3041,Amit Patel,2023-12-17 00:00:00
DOC-01998,JH-001,Fire Safety Certificate,Fir-1998-2023,2023-12-28,2028-12-26,State Government,Extracted,Verified,/documents/fire_safety_certificate/JH-001/1998.pdf,4318,Rajesh Kumar,2024-01-04 00:00:00
DOC-01999,OD-002,Fire Safety Certificate,Fir-1999-2023,2022-07-19,2027-07-18,Insurance Company,Extracted,Pending,/documents/fire_safety_certificate/OD-002/1999.pdf,3309,Amit Patel,2022-08-02 00:00:00
